/* OSCLASS MYSQL Autobackup (04/04/2022 12:13) */
/* Table structure for table `oc_t_locale` */
CREATE TABLE IF NOT EXISTS `oc_t_locale` (
  `pk_c_code` char(5) NOT NULL,
  `s_name` varchar(100) NOT NULL,
  `s_short_name` varchar(40) NOT NULL,
  `s_description` varchar(100) NOT NULL,
  `s_version` varchar(20) NOT NULL,
  `s_author_name` varchar(100) NOT NULL,
  `s_author_url` varchar(100) NOT NULL,
  `s_currency_format` varchar(50) NOT NULL,
  `s_dec_point` varchar(2) DEFAULT '.',
  `s_thousands_sep` varchar(2) DEFAULT '',
  `i_num_dec` tinyint(4) DEFAULT 2,
  `s_date_format` varchar(20) NOT NULL,
  `s_stop_words` text DEFAULT NULL,
  `b_enabled` tinyint(1) NOT NULL DEFAULT 1,
  `b_enabled_bo` tinyint(1) NOT NULL DEFAULT 1,
  `b_locations_native` tinyint(1) DEFAULT 0,
  PRIMARY KEY (`pk_c_code`),
  UNIQUE KEY `s_short_name` (`s_short_name`)
) ENGINE=InnoDB DEFAULT CHARSET=utf8;

/* dumping data for table `oc_t_locale` */
insert into `oc_t_locale` values
('ar_SY','Arabic','Arabic','Arabic translation','8.0.0','Osclass','https://osclass-classifieds.com','{NUMBER} {CURRENCY}','.','',2,'m/d/Y','',1,0,0),
('de_DE','German','German','German translation','3.4.0','OsclassPoint','https://osclass.osclasspoint.com/','{NUMBER} {CURRENCY}','.','',2,'m/d/Y','',1,0,0),
('en_US','English (US)','English','American english translation','4.2.2','OsclassPoint','https://osclass-classifieds.com/','{NUMBER} {CURRENCY}','.','',2,'m/d/Y','i,a,about,an,are,as,at,be,by,com,for,from,how,in,is,it,of,on,or,that,the,this,to,was,what,when,where,who,will,with,the',1,0,0),
('ru_RU','Russian','Russian','Russian translation','4.2.2','OsThemes','https://osthemes.ru/','{NUMBER} {CURRENCY}','.','',2,'m/d/Y','я,a,о,как,в,быть,поскольку,от,как,это,на,или,которым,к,было,что,когда,где,кто,будет,с,',1,0,0),
('tr_TR','Turkish','Turkish','Turkish translation','3.3.0','OsclassPoint','https://osclass.osclasspoint.com/','{NUMBER} {CURRENCY}','.','',2,'m/d/Y','',1,1,0),
('zh_CN','Chinese (China)','Chinese','Chinese (China) translation','3.1.0','OsclassPoint','https://osclass.osclasspoint.com/','{NUMBER} {CURRENCY}','.','',2,'m/d/Y','',0,0,0);

/* Table structure for table `oc_t_country` */
CREATE TABLE IF NOT EXISTS `oc_t_country` (
  `pk_c_code` char(2) NOT NULL,
  `s_name` varchar(80) NOT NULL,
  `s_name_native` varchar(80) DEFAULT NULL,
  `s_phone_code` varchar(10) DEFAULT NULL,
  `s_currency` varchar(10) DEFAULT NULL,
  `s_slug` varchar(80) NOT NULL DEFAULT '',
  PRIMARY KEY (`pk_c_code`),
  KEY `idx_s_slug` (`s_slug`),
  KEY `idx_s_name` (`s_name`)
) ENGINE=InnoDB DEFAULT CHARSET=utf8;

/* dumping data for table `oc_t_country` */
insert into `oc_t_country` values
('TR','Turkey','Türkiye','90','TRY','turkey');

/* Table structure for table `oc_t_currency` */
CREATE TABLE IF NOT EXISTS `oc_t_currency` (
  `pk_c_code` char(3) NOT NULL,
  `s_name` varchar(40) NOT NULL,
  `s_description` varchar(80) DEFAULT NULL,
  `b_enabled` tinyint(1) NOT NULL DEFAULT 1,
  PRIMARY KEY (`pk_c_code`),
  UNIQUE KEY `s_name` (`s_name`)
) ENGINE=InnoDB DEFAULT CHARSET=utf8;

/* dumping data for table `oc_t_currency` */
insert into `oc_t_currency` values
('EUR','European Union Euro','€',1),
('GBP','United Kingdom Pound','£',1),
('TRY','Türk Lirası','₺',1),
('USD','United States Dollar','$',1);

/* Table structure for table `oc_t_region` */
CREATE TABLE IF NOT EXISTS `oc_t_region` (
  `pk_i_id` int(10) unsigned NOT NULL AUTO_INCREMENT,
  `fk_c_country_code` char(2) NOT NULL,
  `s_name` varchar(60) NOT NULL,
  `s_name_native` varchar(60) DEFAULT NULL,
  `s_slug` varchar(60) NOT NULL DEFAULT '',
  `b_active` tinyint(1) NOT NULL DEFAULT 1,
  PRIMARY KEY (`pk_i_id`),
  KEY `fk_c_country_code` (`fk_c_country_code`),
  KEY `idx_s_name` (`s_name`),
  KEY `idx_s_slug` (`s_slug`),
  CONSTRAINT `oc_t_region_ibfk_1` FOREIGN KEY (`fk_c_country_code`) REFERENCES `oc_t_country` (`pk_c_code`)
) ENGINE=InnoDB AUTO_INCREMENT=2865522 DEFAULT CHARSET=utf8;

/* dumping data for table `oc_t_region` */
insert into `oc_t_region` values
(2296560,'TR','Yozgat',null,'yozgat',1),
(2298113,'TR','Van',null,'van',1),
(2298298,'TR','Uşak',null,'usak',1),
(2298332,'TR','Şanlıurfa',null,'sanliurfa',1),
(2298845,'TR','Tunceli',null,'tunceli',1),
(2300617,'TR','Sivas',null,'sivas',1),
(2300821,'TR','Siirt',null,'siirt',1),
(2303826,'TR','Niğde',null,'nigde',1),
(2303830,'TR','Nevşehir',null,'nevsehir',1),
(2304041,'TR','Muş',null,'mus',1),
(2304183,'TR','Muğla',null,'mugla',1),
(2304794,'TR','Mardin',null,'mardin',1),
(2304825,'TR','Manisa',null,'manisa',1),
(2304919,'TR','Malatya',null,'malatya',1),
(2305267,'TR','Kütahya',null,'kuetahya',1),
(2306569,'TR','Konya',null,'konya',1),
(2307513,'TR','Kırşehir',null,'kirsehir',1),
(2308463,'TR','Kayseri',null,'kayseri',1),
(2310858,'TR','Kahramanmaraş',null,'kahramanmaras',1),
(2311044,'TR','İzmir',null,'izmir',1),
(2311071,'TR','Isparta',null,'isparta',1),
(2311728,'TR','Mersin',null,'mersin',1),
(2312394,'TR','Hatay',null,'hatay',1),
(2312888,'TR','Hakkâri',null,'hakkari',1),
(2314829,'TR','Gaziantep',null,'gaziantep',1),
(2315201,'TR','Eskişehir',null,'eskisehir',1),
(2315367,'TR','Erzurum',null,'erzurum',1),
(2315372,'TR','Erzincan',null,'erzincan',1),
(2315807,'TR','Elazığ',null,'elazig',1),
(2316540,'TR','Diyarbakır',null,'diyarbakir',1),
(2317106,'TR','Denizli',null,'denizli',1),
(2320390,'TR','Burdur',null,'burdur',1),
(2321022,'TR','Bitlis',null,'bitlis',1),
(2321079,'TR','Bingöl',null,'bingoel',1),
(2321122,'TR','Bilecik',null,'bilecik',1),
(2322164,'TR','Balıkesir',null,'balikesir',1),
(2322819,'TR','Aydın',null,'aydin',1),
(2323776,'TR','Antalya',null,'antalya',1),
(2323784,'TR','Ankara',null,'ankara',1),
(2325163,'TR','Ağrı',null,'agri',1),
(2325302,'TR','Afyonkarahisar',null,'afyonkarahisar',1),
(2325329,'TR','Adıyaman',null,'adiyaman',1),
(2325361,'TR','Adana',null,'adana',1),
(2443183,'TR','Osmaniye',null,'osmaniye',1),
(2443184,'TR','Iğdır',null,'igdir',1),
(2443185,'TR','Aksaray',null,'aksaray',1),
(2443186,'TR','Batman',null,'batman',1),
(2443187,'TR','Karaman',null,'karaman',1),
(2443188,'TR','Kırıkkale',null,'kirikkale',1),
(2443189,'TR','Şırnak',null,'sirnak',1),
(2443213,'TR','Kilis',null,'kilis',1),
(2737021,'TR','Zonguldak',null,'zonguldak',1),
(2738647,'TR','Trabzon',null,'trabzon',1),
(2738742,'TR','Tokat',null,'tokat',1),
(2738926,'TR','Tekirdağ',null,'tekirdag',1),
(2739598,'TR','Sinop',null,'sinop',1),
(2740263,'TR','Samsun',null,'samsun',1),
(2740352,'TR','Sakarya',null,'sakarya',1),
(2740481,'TR','Rize',null,'rize',1),
(2741098,'TR','Ordu',null,'ordu',1),
(2742865,'TR','Kocaeli',null,'kocaeli',1),
(2743165,'TR','Kırklareli',null,'kirklareli',1),
(2743881,'TR','Kastamonu',null,'kastamonu',1),
(2743942,'TR','Kars',null,'kars',1),
(2745042,'TR','Istanbul',null,'istanbul',1),
(2746423,'TR','Gümüşhane',null,'gumushane',1),
(2746878,'TR','Giresun',null,'giresun',1),
(2747711,'TR','Edirne',null,'edirne',1),
(2748877,'TR','Çorum',null,'corum',1),
(2749747,'TR','Çankırı',null,'cankiri',1),
(2749778,'TR','Canakkale',null,'canakkale',1),
(2750268,'TR','Bursa',null,'bursa',1),
(2750510,'TR','Bolu',null,'bolu',1),
(2751816,'TR','Artvin',null,'artvin',1),
(2752014,'TR','Amasya',null,'amasya',1),
(2862467,'TR','Bartın',null,'bartin',1),
(2862468,'TR','Karabük',null,'karabuk',1),
(2862469,'TR','Yalova',null,'yalova',1),
(2862470,'TR','Ardahan',null,'ardahan',1),
(2862471,'TR','Bayburt',null,'bayburt',1),
(2865521,'TR','Düzce',null,'duzce',1);

/* Table structure for table `oc_t_city` */
CREATE TABLE IF NOT EXISTS `oc_t_city` (
  `pk_i_id` int(10) unsigned NOT NULL AUTO_INCREMENT,
  `fk_i_region_id` int(10) unsigned NOT NULL,
  `s_name` varchar(60) NOT NULL,
  `s_name_native` varchar(60) DEFAULT NULL,
  `s_slug` varchar(60) NOT NULL DEFAULT '',
  `fk_c_country_code` char(2) DEFAULT NULL,
  `b_active` tinyint(1) NOT NULL DEFAULT 1,
  `d_coord_lat` decimal(20,10) DEFAULT NULL,
  `d_coord_long` decimal(20,10) DEFAULT NULL,
  PRIMARY KEY (`pk_i_id`),
  KEY `fk_i_region_id` (`fk_i_region_id`),
  KEY `idx_s_name` (`s_name`),
  KEY `idx_s_slug` (`s_slug`),
  KEY `fk_c_country_code` (`fk_c_country_code`),
  CONSTRAINT `oc_t_city_ibfk_1` FOREIGN KEY (`fk_i_region_id`) REFERENCES `oc_t_region` (`pk_i_id`),
  CONSTRAINT `oc_t_city_ibfk_2` FOREIGN KEY (`fk_c_country_code`) REFERENCES `oc_t_country` (`pk_c_code`)
) ENGINE=InnoDB AUTO_INCREMENT=13238840 DEFAULT CHARSET=utf8;

/* dumping data for table `oc_t_city` */
insert into `oc_t_city` values
(2295781,2323776,'Demre',null,'demre','TR',1,36.2444400000,29.9850000000),
(2295800,2304794,'Günebakan',null,'gunebakan','TR',1,37.1278500000,41.0847200000),
(2295801,2298332,'Yıldız',null,'yildiz','TR',1,36.9375000000,38.4091700000),
(2295805,2314829,'Zührecik',null,'zuhrecik','TR',1,36.8907300000,37.8901600000),
(2295844,2304794,'Ziyaret',null,'ziyaret','TR',1,37.4633300000,41.0855600000),
(2295891,2298332,'Çiçekalan',null,'cicekalan','TR',1,36.8808300000,38.0580600000),
(2295907,2304825,'Zeytinliova',null,'zeytinliova','TR',1,38.9911800000,27.6763500000),
(2295914,2304794,'Zeytinli',null,'zeytinli','TR',1,37.2300900000,40.8420600000),
(2295921,2311044,'Zeytindağ',null,'zeytindag','TR',1,38.9672200000,27.0722200000),
(2295944,2298113,'Sırmalı',null,'sirmali','TR',1,37.8375800000,43.2145100000),
(2295982,2300617,'Zara',null,'zara','TR',1,39.8977800000,37.7583300000),
(2296019,2300821,'Yuvalı',null,'yuvali','TR',1,37.8314700000,41.8271500000),
(2296032,2298113,'Yuvacık',null,'yuvacik','TR',1,37.9644900000,43.3772500000),
(2296059,2298332,'Yusufbey',null,'yusufbey','TR',1,36.9088900000,38.7411100000),
(2296075,2443189,'Yörük',null,'yoruk','TR',1,37.2795800000,42.0208400000),
(2296083,2304794,'Yurderi',null,'yurderi','TR',1,37.2687500000,40.5321900000),
(2296094,2300821,'Yürekveren',null,'yurekveren','TR',1,37.8971000000,41.7612500000),
(2296134,2306569,'Yunak',null,'yunak','TR',1,38.8141800000,31.7322300000),
(2296173,2312888,'Yüksekova',null,'yuksekova','TR',1,37.5736200000,44.2871600000),
(2296178,2443189,'Yüksekköy',null,'yuksekkoy','TR',1,37.2748800000,41.9373400000),
(2296197,2298332,'Yukarı Yarımca',null,'yukari-yarimca','TR',1,36.9139800000,38.9594100000),
(2296214,2298332,'Yukarı Beğdeş',null,'yukari-begdes','TR',1,36.8461700000,38.9047300000),
(2296247,2316540,'Salat',null,'salat','TR',1,37.8417200000,40.8865000000),
(2296307,2304794,'Yukarı Konak',null,'yukari-konak','TR',1,37.5711700000,40.5206500000),
(2296390,2298332,'Yukarı Hemedan',null,'yukari-hemedan','TR',1,36.9777800000,38.6738900000),
(2296394,2316540,'Yukarı Harım',null,'yukari-harim','TR',1,37.9177800000,40.7086100000),
(2296435,2298332,'Yukarıdoruklu',null,'yukaridoruklu','TR',1,36.9150000000,40.1402800000),
(2296440,2316540,'Yukarı Dolay',null,'yukari-dolay','TR',1,37.9086100000,40.7413900000),
(2296467,2298332,'Yukarı Çinpolat',null,'yukari-cinpolat','TR',1,36.9067200000,38.8531700000),
(2296477,2298332,'Yukarı Çaykuyu',null,'yukari-caykuyu','TR',1,36.9950000000,38.7511100000),
(2296513,2314829,'Yukarı Bayındır',null,'yukari-bayindir','TR',1,36.9868000000,37.9577100000),
(2296521,2304794,'Yukarı Azıklı',null,'yukari-azikli','TR',1,37.2662100000,40.6764400000),
(2296550,2443186,'Yüceköy',null,'yucekoy','TR',1,37.6028000000,41.3417900000),
(2296562,2296560,'Yozgat',null,'yozgat','TR',1,39.8200000000,34.8044400000),
(2296577,2443186,'Yontukyazı',null,'yontukyazi','TR',1,37.8837200000,41.3289100000),
(2296578,2298332,'Yönlü',null,'yonlu','TR',1,36.9786300000,38.3827400000),
(2296603,2443186,'Yolveren',null,'yolveren','TR',1,37.8004900000,41.2778200000),
(2296619,2304794,'Yolindi',null,'yolindi','TR',1,37.1472300000,41.1240700000),
(2296624,2300821,'Yoldurağı',null,'yolduragi','TR',1,37.9340100000,41.4402400000),
(2296627,2304794,'Yoldere',null,'yoldere','TR',1,37.2021700000,40.6370500000),
(2296636,2314829,'Yolçatı',null,'yolcati','TR',1,36.9894400000,37.8438900000),
(2296643,2300821,'Yolbaşı',null,'yolbasi','TR',1,37.9879000000,42.2467800000),
(2296644,2304794,'Yolbaşı',null,'yolbasi','TR',1,37.3871700000,41.3177800000),
(2296652,2443186,'Yolağzı',null,'yolagzi','TR',1,37.9798000000,41.1719300000),
(2296653,2443186,'Yolağzı',null,'yolagzi','TR',1,37.5255400000,41.3534000000),
(2296655,2314829,'Yolağzı',null,'yolagzi','TR',1,36.8857800000,37.8554300000),
(2296658,2304794,'Yolaçan',null,'yolacan','TR',1,37.1640600000,41.8482400000),
(2296669,2443189,'Yoğurtçular',null,'yogurtcular','TR',1,37.4933900000,42.4751400000),
(2296791,2304919,'Yeşilyurt',null,'yesilyurt','TR',1,38.2960200000,38.2452600000),
(2296793,2443189,'Yeşilyurt',null,'yesilyurt','TR',1,37.3071900000,42.1389100000),
(2296816,2304794,'Yeşilöz',null,'yesiloz','TR',1,37.4342400000,41.5833800000),
(2296822,2317106,'Yesiloba',null,'yesiloba','TR',1,38.2450000000,29.3047200000),
(2296823,2320390,'Yeşilova',null,'yesilova','TR',1,37.5080600000,29.7547200000),
(2296830,2443186,'Yeşiloba',null,'yesiloba','TR',1,37.8925700000,41.4084600000),
(2296832,2304794,'Yeşilli',null,'yesilli','TR',1,37.3381300000,40.8173900000),
(2296850,2300821,'Yeşilkonak',null,'yesilkonak','TR',1,37.8785700000,41.7385700000),
(2296852,2312394,'Erzin',null,'erzin','TR',1,36.9534800000,36.1983900000),
(2296860,2308463,'Yeşilhisar',null,'yesilhisar','TR',1,38.3523200000,35.0887300000),
(2296885,2304794,'Yeşilalan',null,'yesilalan','TR',1,37.4606600000,40.7844100000),
(2296888,2314829,'Yeserti',null,'yeserti','TR',1,36.8522200000,37.8463900000),
(2296895,2296560,'Yerköy',null,'yerkoy','TR',1,39.6380600000,34.4672200000),
(2296927,2314829,'Aşağı Yeniyapan',null,'asagi-yeniyapan','TR',1,36.7816700000,37.6180600000),
(2296942,2311071,'Yenişarbademli',null,'yenisarbademli','TR',1,37.7077800000,31.3863900000),
(2296943,2311044,'Yenişakran',null,'yenisakran','TR',1,38.8863900000,27.0669400000),
(2296947,2443186,'Yenipınar',null,'yenipinar','TR',1,37.8429100000,41.3013700000),
(2296950,2322819,'Yenipazar',null,'yenipazar','TR',1,37.8233200000,28.1957300000),
(2296957,2304794,'Yenilmez',null,'yenilmez','TR',1,37.5088700000,40.9898900000),
(2297027,2443186,'Yeniköy',null,'yenikoy','TR',1,37.8804200000,41.0500400000),
(2297052,2443189,'Yeniköy',null,'yenikoy','TR',1,37.2707400000,42.4247200000),
(2297076,2300821,'Yeniköprü',null,'yenikopru','TR',1,37.9120900000,41.7395700000),
(2297090,2322819,'Didim',null,'didim','TR',1,37.3849600000,27.2564300000),
(2297097,2311044,'Yenifoça',null,'yenifoca','TR',1,38.7333300000,26.8333300000),
(2297099,2296560,'Yenifakılı',null,'yenifakili','TR',1,39.2114200000,35.0003600000),
(2297119,2323784,'Altpınar',null,'altpinar','TR',1,39.2041700000,32.7477800000),
(2297148,2750268,'Yenice',null,'yenice','TR',1,39.7608900000,28.9072900000),
(2297174,2316540,'Yenice',null,'yenice','TR',1,37.7799900000,40.7104100000),
(2297176,2443186,'Yenice',null,'yenice','TR',1,37.5267700000,41.1928600000),
(2297203,2300821,'Yeniaydın',null,'yeniaydin','TR',1,37.8802000000,42.4349300000),
(2297217,2304794,'Yemişli',null,'yemisli','TR',1,37.3265500000,41.3454400000),
(2297244,2300821,'Yelkesen',null,'yelkesen','TR',1,37.6580900000,41.9812000000),
(2297280,2443186,'Yediyol',null,'yediyol','TR',1,37.9432200000,41.1166900000),
(2297281,2298332,'Yediyol',null,'yediyol','TR',1,36.9911600000,38.9314000000),
(2297286,2321079,'Yedisu',null,'yedisu','TR',1,39.4327700000,40.5336800000),
(2297311,2304794,'Yazman',null,'yazman','TR',1,37.2470300000,41.7616600000),
(2297338,2314829,'Yazır',null,'yazir','TR',1,36.8786800000,37.9290700000),
(2297371,2304919,'Yazıhan',null,'yazihan','TR',1,38.5929200000,38.1732700000),
(2297372,2443186,'Yazıhan',null,'yazihan','TR',1,37.8423900000,41.4319600000),
(2297404,2304794,'Yayvantepe',null,'yayvantepe','TR',1,37.3013100000,41.5206100000),
(2297416,2304794,'Yaylı',null,'yayli','TR',1,37.2029300000,40.7537500000),
(2297421,2304794,'Yaylatepe',null,'yaylatepe','TR',1,37.4328600000,41.0109900000),
(2297437,2323776,'Yaylakuzdere',null,'yaylakuzdere','TR',1,36.5736100000,30.4208300000),
(2297461,2321079,'Yayladere',null,'yayladere','TR',1,39.2261400000,40.0695000000),
(2297466,2312394,'Yayladağı',null,'yayladagi','TR',1,35.9025000000,36.0627200000),
(2297485,2304794,'Yaylacık',null,'yaylacik','TR',1,37.4374800000,40.6858800000),
(2297524,2304794,'Yayalar',null,'yayalar','TR',1,37.3553900000,41.5928300000),
(2297532,2314829,'Yavuzeli',null,'yavuzeli','TR',1,37.3177200000,37.5682400000),
(2297537,2443189,'Yavşan',null,'yavsan','TR',1,37.2002300000,41.9847100000),
(2297564,2304183,'Yatağan',null,'yatagan','TR',1,37.3402500000,28.1427900000),
(2297582,2306569,'Yassıkaya',null,'yassikaya','TR',1,37.4276000000,34.3892400000),
(2297602,2443186,'Yassıca',null,'yassica','TR',1,37.6202700000,41.3896500000),
(2297613,2316540,'Yasince',null,'yasince','TR',1,37.9082100000,40.5488700000),
(2297615,2304794,'Yaşarköy',null,'yasarkoy','TR',1,37.0842800000,40.5423700000),
(2297628,2306569,'Yarma',null,'yarma','TR',1,37.8114900000,32.8827800000),
(2297638,2314829,'Yarımtepe',null,'yarimtepe','TR',1,36.9372200000,37.7147200000),
(2297639,2298332,'Yarımtepe',null,'yarimtepe','TR',1,36.7088900000,39.2897200000),
(2297641,2443186,'Yarımtaş',null,'yarimtas','TR',1,37.8503100000,41.3214700000),
(2297671,2298332,'Yardımlı',null,'yardimli','TR',1,36.9130600000,39.0702800000),
(2297682,2443189,'Yarbaşı',null,'yarbasi','TR',1,37.3913500000,41.8652800000),
(2297698,2300821,'Yapraktepe',null,'yapraktepe','TR',1,37.8200700000,42.7839000000),
(2297704,2316540,'Yaprakbaşı',null,'yaprakbasi','TR',1,37.6540900000,40.5463500000),
(2297738,2298332,'Yanıkçöğür',null,'yanikcogur','TR',1,36.9933300000,38.6813900000),
(2297770,2443186,'Yamanlar',null,'yamanlar','TR',1,37.5472400000,41.4613200000),
(2297789,2311071,'Yalvaç',null,'yalvac','TR',1,38.2955600000,31.1777800000),
(2297810,2300821,'Yalkaya',null,'yalkaya','TR',1,37.9796100000,42.3247700000),
(2297811,2443189,'Yalıntepe',null,'yalintepe','TR',1,37.2897200000,42.0541700000),
(2297838,2304183,'Yalıkavak',null,'yalikavak','TR',1,37.1052800000,27.2972200000),
(2297839,2306569,'Yalıhüyük',null,'yalihuyuk','TR',1,37.3007700000,32.0854800000),
(2297873,2300821,'Yakıttepe',null,'yakittepe','TR',1,37.8893900000,41.4860100000),
(2297874,2443186,'Yakıtlı',null,'yakitli','TR',1,37.7703200000,41.2970700000),
(2297875,2304794,'Yakıtlı',null,'yakitli','TR',1,37.5690300000,41.5806200000),
(2297885,2443186,'Yakaköy',null,'yakakoy','TR',1,37.6522900000,41.5804100000),
(2297898,2314829,'Yakacık',null,'yakacik','TR',1,36.8957300000,37.5422700000),
(2297917,2308463,'Yahyalı',null,'yahyali','TR',1,38.1022800000,35.3570400000),
(2297949,2304794,'Yağmurkuyusu',null,'yagmurkuyusu','TR',1,37.4315200000,41.8793900000),
(2297957,2298332,'Yağmuralan',null,'yagmuralan','TR',1,36.7469400000,38.6836100000),
(2297958,2304794,'Yağmur',null,'yagmur','TR',1,37.4147500000,40.5035500000),
(2297972,2443189,'Yağızoymak',null,'yagizoymak','TR',1,37.5714300000,42.0055600000),
(2298000,2314829,'Yağcılar',null,'yagcilar','TR',1,36.9163300000,37.6740300000),
(2298033,2298332,'Viranşehir',null,'viransehir','TR',1,37.2234900000,39.7551900000),
(2298056,2443186,'Vergili',null,'vergili','TR',1,37.6073000000,41.5684700000),
(2298088,2304041,'Varto',null,'varto','TR',1,39.1737500000,41.4540200000),
(2298092,2443189,'Varlık',null,'varlik','TR',1,37.2238200000,42.0357900000),
(2298097,2304794,'Varımlı',null,'varimli','TR',1,37.1891400000,41.8338900000),
(2298117,2298113,'Van',null,'van','TR',1,38.4945700000,43.3832300000),
(2298138,2298332,'Uzunyol',null,'uzunyol','TR',1,36.8049500000,38.9852600000),
(2298198,2443189,'Uzungeçit',null,'uzungecit','TR',1,37.4905200000,42.9903600000),
(2298202,2443186,'Uzundere',null,'uzundere','TR',1,37.6641500000,41.3933700000),
(2298229,2300821,'Pars',null,'pars','TR',1,37.7748400000,42.0929500000),
(2298230,2315372,'Cimin',null,'cimin','TR',1,39.7094700000,39.7001500000),
(2298249,2298332,'Uzgören',null,'uzgoren','TR',1,36.9225000000,38.4252800000),
(2298299,2298298,'Uşak',null,'usak','TR',1,38.6735100000,29.4058000000),
(2298316,2311044,'Urla',null,'urla','TR',1,38.3229200000,26.7640300000),
(2298326,2303830,'Ürgüp',null,'uerguep','TR',1,38.6296000000,34.9119900000),
(2298333,2298332,'Şanlıurfa',null,'sanliurfa','TR',1,37.1670800000,38.7939200000),
(2298378,2314829,'Uluyatır',null,'uluyatir','TR',1,36.9633300000,37.6936100000),
(2298382,2304794,'Ulutaş',null,'ulutas','TR',1,37.3980000000,40.5254200000),
(2298427,2298332,'Uludüz',null,'uluduz','TR',1,36.9491600000,38.5222400000),
(2298433,2443189,'Uludere',null,'uludere','TR',1,37.4407400000,42.8523600000),
(2298451,2311071,'Uluborlu',null,'uluborlu','TR',1,38.0782500000,30.4501900000),
(2298454,2298298,'Ulubey',null,'ulubey','TR',1,38.4198700000,29.2912900000),
(2298459,2298332,'Uluağaç',null,'uluagac','TR',1,36.8436100000,39.1388900000),
(2298466,2314829,'Ulaşlı',null,'ulasli','TR',1,36.7851500000,37.6554500000),
(2298471,2300617,'Ulaş',null,'ulas','TR',1,39.4449200000,37.0390000000),
(2298473,2443186,'Ulaş',null,'ulas','TR',1,37.5808400000,41.5391200000),
(2298482,2443189,'Ulak',null,'ulak','TR',1,37.2722100000,41.8007800000),
(2298485,2304183,'Ula',null,'ula','TR',1,37.1049100000,28.4166700000),
(2298487,2298332,'Uğurtaş',null,'ugurtas','TR',1,36.8627800000,38.6355600000),
(2298489,2314829,'Uğurova',null,'ugurova','TR',1,36.8832000000,37.6351500000),
(2298503,2443186,'Uğurca',null,'ugurca','TR',1,37.9790800000,41.3315800000),
(2298507,2443189,'Uğur',null,'ugur','TR',1,37.1838100000,41.9526200000),
(2298510,2298332,'Uğraklı',null,'ugrakli','TR',1,36.8653300000,38.9201900000),
(2298512,2316540,'Uğrak',null,'ugrak','TR',1,37.9973600000,40.8358100000),
(2298514,2304794,'Uğrak',null,'ugrak','TR',1,37.1972200000,41.7647900000),
(2298522,2443186,'Üçyol',null,'ucyol','TR',1,37.7047700000,41.4655600000),
(2298533,2316540,'Üçtepe',null,'uctepe','TR',1,37.8257000000,40.5440200000),
(2298549,2300821,'Üçpınar',null,'ucpinar','TR',1,37.8377600000,41.7100000000),
(2298555,2443189,'Üçok',null,'ucok','TR',1,37.2901100000,41.9115400000),
(2298564,2443186,'Üçkuyular',null,'uckuyular','TR',1,37.8211300000,41.3211700000),
(2298575,2314829,'Üçkubbe',null,'uckubbe','TR',1,36.7208300000,37.5716700000),
(2298576,2304794,'Uçköy',null,'uckoy','TR',1,37.2582400000,41.4360300000),
(2298585,2304794,'Üçkavak',null,'uckavak','TR',1,37.4947100000,40.9680600000),
(2298612,2304794,'Üçerli',null,'ucerli','TR',1,37.6198500000,40.9434700000),
(2298630,2443189,'Uçarlı',null,'ucarli','TR',1,37.3005300000,41.7100600000),
(2298637,2304794,'Üçağıl',null,'ucagil','TR',1,37.4281800000,41.1442200000),
(2298647,2306569,'Tuzlukçu',null,'tuzlukcu','TR',1,38.4777800000,31.6263900000),
(2298687,2300821,'Tuzcular',null,'tuzcular','TR',1,37.8872600000,42.4016700000),
(2298716,2314829,'Dutluca',null,'dutluca','TR',1,36.8930600000,37.6122200000),
(2298728,2325329,'Tut',null,'tut','TR',1,37.7952900000,37.9161000000),
(2298729,2323776,'Turunçova',null,'turuncova','TR',1,36.3688900000,30.1375000000),
(2298758,2314829,'Türkyurdu',null,'turkyurdu','TR',1,36.8050000000,37.8969400000),
(2298781,2316540,'Türkmenhacı',null,'turkmenhaci','TR',1,37.8066800000,40.6111700000),
(2298806,2304825,'Turgutlu',null,'turgutlu','TR',1,38.4953300000,27.6997000000),
(2298816,2304183,'Turgut',null,'turgut','TR',1,37.3750000000,28.0311100000),
(2298846,2298845,'Tunceli',null,'tunceli','TR',1,39.0992100000,39.5435100000),
(2298870,2304794,'Tulgalı',null,'tulgali','TR',1,37.3633600000,41.5426100000),
(2298882,2325361,'Tufanbeyli',null,'tufanbeyli','TR',1,38.2633300000,36.2205600000),
(2298893,2304794,'Tozan',null,'tozan','TR',1,37.1244200000,40.7307400000),
(2298895,2300821,'Toytepe',null,'toytepe','TR',1,37.9471000000,41.4825400000),
(2298935,2311044,'Torbalı',null,'torbali','TR',1,38.1519000000,27.3622300000),
(2298940,2298113,'Topyıldız',null,'topyildiz','TR',1,37.8769200000,43.4549200000),
(2298953,2304794,'Toptepe',null,'toptepe','TR',1,37.2611300000,41.2494800000),
(2298968,2316540,'Topraklı',null,'toprakli','TR',1,37.7144900000,40.9624400000),
(2298969,2304794,'Topraklı',null,'toprakli','TR',1,37.3898300000,41.6647200000),
(2298977,2443183,'Toprakkale',null,'toprakkale','TR',1,37.0685500000,36.1466100000),
(2299044,2311728,'Pınarbaşı',null,'pinarbasi','TR',1,36.7034000000,34.3627000000),
(2299054,2308463,'Tomarza',null,'tomarza','TR',1,38.4472200000,35.7991700000),
(2299084,2304794,'Tokluca',null,'tokluca','TR',1,37.5842200000,41.0367500000),
(2299086,2443189,'Toklu',null,'toklu','TR',1,37.3087900000,41.7571000000),
(2299137,2311044,'Tire',null,'tire','TR',1,38.0887700000,27.7350800000),
(2299157,2314829,'Tınazdere',null,'tinazdere','TR',1,36.9331100000,37.6104400000),
(2299163,2298332,'Üvecik',null,'uvecik','TR',1,36.9458300000,38.4422200000),
(2299180,2316540,'Tilkilik',null,'tilkilik','TR',1,37.9687500000,40.8844000000),
(2299205,2298332,'Yalınca',null,'yalinca','TR',1,36.9652800000,38.4033300000),
(2299268,2315372,'Tercan',null,'tercan','TR',1,39.7770900000,40.3778300000),
(2299272,2304794,'Tepeüstü',null,'tepeustu','TR',1,37.1112900000,41.3835900000),
(2299281,2443189,'Tepeönü',null,'tepeonu','TR',1,37.3102300000,42.0881800000),
(2299312,2443189,'Tepeköy',null,'tepekoy','TR',1,37.2997000000,41.8246500000),
(2299345,2322819,'Tepecik',null,'tepecik','TR',1,37.8235800000,27.8749600000),
(2299346,2316540,'Tepecik',null,'tepecik','TR',1,37.6815600000,40.8469400000),
(2299354,2304794,'Tepealtı',null,'tepealti','TR',1,37.0959500000,41.3683400000),
(2299376,2304794,'Temelli',null,'temelli','TR',1,37.5757400000,41.8456400000),
(2299379,2298332,'Küplüce',null,'kupluce','TR',1,36.8125000000,39.0216700000),
(2299413,2315367,'Tekman',null,'tekman','TR',1,39.6411100000,41.5054200000),
(2299445,2323776,'Tekirova',null,'tekirova','TR',1,36.5017000000,30.5272300000),
(2299455,2314829,'Teketaşı',null,'teketasi','TR',1,36.9289200000,37.8968700000),
(2299499,2320390,'Tefenni',null,'tefenni','TR',1,37.3096800000,29.7753800000),
(2299532,2304794,'Derecik',null,'derecik','TR',1,37.5202000000,40.5239100000),
(2299545,2305267,'Tavşanlı',null,'tavsanli','TR',1,39.5423700000,29.4986600000),
(2299547,2304794,'Tavşanlı',null,'tavsanli','TR',1,37.5002900000,41.5825300000),
(2299575,2317106,'Tavas',null,'tavas','TR',1,37.5735100000,29.0705800000),
(2299582,2321022,'Tatvan',null,'tatvan','TR',1,38.4922100000,42.2826900000),
(2299681,2298332,'Taşlıkuyu',null,'taslikuyu','TR',1,36.9631700000,38.2169500000),
(2299701,2325163,'Taşlıçay',null,'taslicay','TR',1,39.6296600000,43.3687800000),
(2299711,2298332,'Taşlıca',null,'taslica','TR',1,36.9994600000,38.9764000000),
(2299724,2300821,'Taşlı',null,'tasli','TR',1,37.9869900000,42.1351000000),
(2299755,2306569,'Taşkent',null,'taskent','TR',1,36.9243000000,32.4913100000),
(2299762,2443189,'Taşhüyük',null,'tashuyuk','TR',1,37.2061000000,42.0477500000),
(2299783,2300821,'Taşdibek',null,'tasdibek','TR',1,37.9503100000,42.2951800000),
(2299786,2443189,'Taşdelen',null,'tasdelen','TR',1,37.3786400000,42.8686600000),
(2299801,2312888,'Taşbaşı',null,'tasbasi','TR',1,37.4079200000,43.4570600000),
(2299804,2300821,'Taşbalta',null,'tasbalta','TR',1,37.9812100000,42.0648200000),
(2299817,2311728,'Tarsus',null,'tarsus','TR',1,36.9176600000,34.8927700000),
(2299824,2304794,'Tarlacık',null,'tarlacik','TR',1,37.5364500000,40.5802200000),
(2299864,2304794,'Tanrıverdi',null,'tanriverdi','TR',1,37.0928500000,40.5841800000),
(2299898,2316540,'Çakıltaşı',null,'cakiltasi','TR',1,37.9911100000,40.7497200000),
(2299900,2308463,'Talas',null,'talas','TR',1,38.6908000000,35.5538000000),
(2299930,2750268,'Tahtaköprü',null,'tahtakopru','TR',1,39.9500000000,29.6500000000),
(2300027,2304794,'Şenocak',null,'senocak','TR',1,37.6503500000,40.6944100000),
(2300030,2311071,'Sütçüler',null,'sutculer','TR',1,37.4973700000,30.9772700000),
(2300058,2322164,'Susurluk',null,'susurluk','TR',1,39.9136100000,28.1577800000),
(2300075,2298332,'Suruç',null,'suruc','TR',1,36.9761200000,38.4253300000),
(2300087,2304794,'Avine',null,'avine','TR',1,37.5737300000,40.7325200000),
(2300141,2738742,'Sulusaray',null,'sulusaray','TR',1,39.9938900000,36.0840400000),
(2300195,2322819,'Sultanhisar',null,'sultanhisar','TR',1,37.8898900000,28.1543600000),
(2300201,2325302,'Sultandağı',null,'sultandagi','TR',1,38.5311100000,31.2280600000),
(2300257,2443189,'Sulak',null,'sulak','TR',1,37.4134200000,41.9611400000),
(2300258,2443189,'Sulak',null,'sulak','TR',1,37.2945800000,42.1363700000),
(2300261,2298332,'Şükürali',null,'sukurali','TR',1,36.8880600000,39.0736100000),
(2300273,2325302,'Şuhut',null,'suhut','TR',1,38.5311100000,30.5458300000),
(2300282,2298332,'Sugeldi',null,'sugeldi','TR',1,36.8136100000,39.0433300000),
(2300299,2443186,'Suçeken',null,'suceken','TR',1,37.7384400000,41.2907900000),
(2300304,2304794,'Suçatı',null,'sucati','TR',1,37.5883200000,41.7681500000),
(2300320,2298113,'Sözveren',null,'sozveren','TR',1,37.9906500000,43.0788600000),
(2300324,2304794,'Soylu',null,'soylu','TR',1,37.6503500000,40.8160100000),
(2300352,2296560,'Sorgun',null,'sorgun','TR',1,39.8101200000,35.1859600000),
(2300371,2304825,'Soma',null,'soma','TR',1,39.1855400000,27.6094500000),
(2300377,2321079,'Solhan',null,'solhan','TR',1,38.9652500000,41.0544300000),
(2300399,2322819,'Söke',null,'soeke','TR',1,37.7482000000,27.4061400000),
(2300438,2304794,'Kindirip',null,'kindirip','TR',1,37.4470600000,41.2197600000),
(2300440,2304794,'Söğütlü',null,'sogutlu','TR',1,37.1221300000,41.5684700000),
(2300593,2315201,'Sivrihisar',null,'sivrihisar','TR',1,39.4503700000,31.5340900000),
(2300601,2315807,'Sivrice',null,'sivrice','TR',1,38.4422300000,39.3093800000),
(2300603,2304794,'Sivrice',null,'sivrice','TR',1,37.2767500000,41.3356900000),
(2300614,2298332,'Siverek',null,'siverek','TR',1,37.7550300000,39.3166700000),
(2300616,2298298,'Sivaslı',null,'sivasli','TR',1,38.4994400000,29.6836100000),
(2300619,2300617,'Sivas',null,'sivas','TR',1,39.7483300000,37.0161100000),
(2300632,2300821,'Şirvan',null,'sirvan','TR',1,38.0625100000,42.0251700000),
(2300635,2443189,'Tililan',null,'tililan','TR',1,37.3742800000,42.0338600000),
(2300640,2443189,'Şırnak',null,'sirnak','TR',1,37.5139300000,42.4543200000),
(2300732,2322164,'Sındırgı',null,'sindirgi','TR',1,39.2412800000,28.1784200000),
(2300743,2325329,'Sincik',null,'sincik','TR',1,38.0364500000,38.6125700000),
(2300754,2325302,'Sinanpaşa',null,'sinanpasa','TR',1,38.7444400000,30.2427800000),
(2300761,2306569,'Sinandı',null,'sinandi','TR',1,37.4234800000,34.2366600000),
(2300767,2316540,'Sinanköy',null,'sinankoy','TR',1,37.8616600000,40.9928300000),
(2300791,2305267,'Simav',null,'simav','TR',1,39.0882000000,28.9776700000),
(2300796,2316540,'Silvan',null,'silvan','TR',1,38.1370800000,41.0081700000),
(2300797,2443189,'Silopi',null,'silopi','TR',1,37.2437900000,42.4634500000),
(2300808,2311728,'Silifke',null,'silifke','TR',1,36.3777800000,33.9344400000),
(2300822,2300821,'Siirt',null,'siirt','TR',1,37.9293000000,41.9413400000),
(2300920,2315201,'Seyitgazi',null,'seyitgazi','TR',1,39.4447200000,30.6947200000),
(2300933,2443189,'Erenkaya',null,'erenkaya','TR',1,37.6351400000,42.0629600000),
(2300976,2443189,'Ortaköy',null,'ortakoy','TR',1,37.2205400000,41.9397300000),
(2301010,2306569,'Seydişehir',null,'seydisehir','TR',1,37.4192600000,31.8452700000),
(2301019,2306569,'Seydifakılı',null,'seydifakili','TR',1,37.4571500000,34.2937400000),
(2301038,2314829,'Sevindi',null,'sevindi','TR',1,36.7951700000,37.5199400000),
(2301043,2315201,'Sevinç',null,'sevinc','TR',1,39.7800000000,30.6888900000),
(2301089,2312394,'Serinyol',null,'serinyol','TR',1,36.3613900000,36.2136100000),
(2301097,2298332,'Serince',null,'serince','TR',1,36.8695900000,38.9563300000),
(2301101,2323776,'Serik',null,'serik','TR',1,36.9169400000,31.0988900000),
(2301116,2323784,'Şereflikoçhisar',null,'sereflikochisar','TR',1,38.9392500000,33.5386000000),
(2301139,2316540,'Serçeler',null,'serceler','TR',1,37.9372800000,40.6680900000),
(2301151,2443186,'Çiçekli',null,'cicekli','TR',1,37.6700100000,41.5022100000),
(2301158,2304794,'Şenyurt',null,'senyurt','TR',1,37.0793200000,40.6424600000),
(2301161,2443189,'Şenoba',null,'senoba','TR',1,37.4643600000,42.7224800000),
(2301167,2304794,'Şenköy',null,'senkoy','TR',1,37.4634700000,41.1886300000),
(2301172,2311071,'Senirkent',null,'senirkent','TR',1,38.1044400000,30.5486100000),
(2301209,2312888,'Şemdinli',null,'semdinli','TR',1,37.3051400000,44.5742000000),
(2301238,2323776,'Side',null,'side','TR',1,36.7666700000,31.3888900000),
(2301251,2304825,'Selendi',null,'selendi','TR',1,38.7444400000,28.8677800000),
(2301256,2311044,'Selçuk',null,'selcuk','TR',1,37.9513700000,27.3684900000),
(2301258,2298298,'Selçikler',null,'selcikler','TR',1,38.4983700000,29.6548200000),
(2301271,2298332,'Selalmaz',null,'selalmaz','TR',1,36.8117800000,39.1335900000),
(2301279,2298332,'Seksenören',null,'seksenoren','TR',1,36.9725200000,39.0748400000),
(2301290,2314829,'Sekili',null,'sekili','TR',1,36.9787600000,37.6717400000),
(2301302,2443186,'Seki',null,'seki','TR',1,37.6223700000,41.5094100000),
(2301349,2298332,'Seferköy',null,'seferkoy','TR',1,36.7861100000,39.0258300000),
(2301350,2311044,'Seferihisar',null,'seferihisar','TR',1,38.1975000000,26.8388100000),
(2301353,2296560,'Şefaatlı',null,'sefaatli','TR',1,39.5043000000,34.7563000000),
(2301387,2316540,'Sazlı',null,'sazli','TR',1,37.9794400000,40.8227600000),
(2301417,2323784,'Sazağası',null,'sazagasi','TR',1,39.1849800000,32.7406200000),
(2301431,2304794,'Savur',null,'savur','TR',1,37.5354400000,40.8787600000),
(2301453,2322164,'Savaştepe',null,'savastepe','TR',1,39.3831900000,27.6561200000),
(2301476,2304794,'Yaylabaşı',null,'yaylabasi','TR',1,37.4482400000,40.7767800000),
(2301483,2443186,'Sason',null,'sason','TR',1,38.3276700000,41.4137700000),
(2301492,2304825,'Saruhanlı',null,'saruhanli','TR',1,38.7345500000,27.5681100000),
(2301529,2298113,'Edremit',null,'edremit','TR',1,38.4206900000,43.2588900000),
(2301537,2300617,'Şarkışla',null,'sarkisla','TR',1,39.3518600000,36.4097600000),
(2301539,2311071,'Şarkîkaraağaç',null,'sarkikaraagac','TR',1,38.0794400000,31.3663900000),
(2301546,2308463,'Sarız',null,'sariz','TR',1,38.4791700000,36.4989800000),
(2301566,2443185,'Sarıyahşi',null,'sariyahsi','TR',1,38.9834900000,33.8413600000),
(2301567,2443187,'Sarıveliler',null,'sariveliler','TR',1,36.6970500000,32.6120300000),
(2301609,2308463,'Sarıoğlan',null,'sarioglan','TR',1,39.0769400000,35.9667100000),
(2301653,2316540,'Sarıköy',null,'sarikoy','TR',1,37.8154100000,40.8117300000),
(2301657,2304794,'Sarıköy',null,'sarikoy','TR',1,37.3600100000,41.3005500000),
(2301658,2304794,'Sarıköy',null,'sarikoy','TR',1,37.2868000000,41.6209500000),
(2301664,2314829,'Sarıkoç',null,'sarikoc','TR',1,36.8941700000,37.8083300000),
(2301668,2322819,'Sarıkemer',null,'sarikemer','TR',1,37.5660900000,27.3643000000),
(2301731,2304825,'Sarıgöl',null,'sarigol','TR',1,38.2395300000,28.6966300000),
(2301740,2300821,'Sarıdana',null,'saridana','TR',1,37.9730900000,42.2833200000),
(2301824,2306569,'Sarayönü',null,'sarayonu','TR',1,38.2620100000,32.4045700000),
(2301827,2317106,'Sarayköy',null,'saraykoy','TR',1,37.9244800000,28.9251600000),
(2301829,2296560,'Saraykent',null,'saraykent','TR',1,39.6936100000,35.5111100000),
(2301884,2305267,'Şaphane',null,'saphane','TR',1,39.0273000000,29.2221800000),
(2301911,2325302,'Sandıklı',null,'sandikli','TR',1,38.4647200000,30.2694600000),
(2301920,2304794,'Sancarlı',null,'sancarli','TR',1,37.2606700000,40.6349200000),
(2301922,2304794,'Sancar',null,'sancar','TR',1,37.3077400000,40.8792400000),
(2301943,2325329,'Samsat',null,'samsat','TR',1,37.5819400000,38.4741700000),
(2302043,2304825,'Salihli',null,'salihli','TR',1,38.4825800000,28.1477400000),
(2302147,2300821,'Saipbeyli',null,'saipbeyli','TR',1,37.9975700000,41.5104600000),
(2302150,2325361,'Saimbeyli',null,'saimbeyli','TR',1,37.9863200000,36.0905600000),
(2302165,2304794,'Çağlar',null,'caglar','TR',1,37.1144300000,41.2262000000),
(2302182,2316540,'Şahintepe',null,'sahintepe','TR',1,37.8022500000,40.9377800000),
(2302233,2300821,'Sağırsu',null,'sagirsu','TR',1,37.8456300000,42.0570000000),
(2302241,2321022,'Sağırkaya',null,'sagirkaya','TR',1,38.0000000000,42.5833300000),
(2302326,2443186,'Rüzgarlı',null,'ruzgarli','TR',1,37.6580600000,41.3297200000),
(2302330,2298332,'Yediyol',null,'yediyol','TR',1,36.8652800000,38.7963900000),
(2302355,2312394,'Reyhanlı',null,'reyhanli','TR',1,36.2679100000,36.5674700000),
(2302401,2315372,'Refahiye',null,'refahiye','TR',1,39.8931500000,38.7660700000),
(2302407,2443186,'Recepler',null,'recepler','TR',1,37.8237300000,41.1781900000),
(2302469,2298845,'Pulumer',null,'pulumer','TR',1,39.4844900000,39.8953200000),
(2302482,2325361,'Pozantı',null,'pozanti','TR',1,37.4277800000,34.8716700000),
(2302525,2323784,'Polatlı',null,'polatli','TR',1,39.5771500000,32.1413200000),
(2302570,2300821,'Pirinçli',null,'pirincli','TR',1,37.9549700000,42.1812100000),
(2302571,2443189,'Pirinçli',null,'pirincli','TR',1,37.5216900000,43.0359300000),
(2302623,2300821,'Pınarova',null,'pinarova','TR',1,37.9865600000,41.8140900000),
(2302624,2443189,'Pınarönü',null,'pinaronu','TR',1,37.2798300000,42.3342700000),
(2302645,2304794,'Pınardere',null,'pinardere','TR',1,37.4723100000,40.8340200000),
(2302656,2300821,'Pınarca',null,'pinarca','TR',1,37.9787900000,41.8523400000),
(2302667,2308463,'Pınarbaşı',null,'pinarbasi','TR',1,38.7228500000,36.3931400000),
(2302672,2316540,'Pınarbaşı',null,'pinarbasi','TR',1,37.7122700000,40.8850100000),
(2302678,2443189,'Pınarbaşı',null,'pinarbasi','TR',1,37.2136800000,41.8868900000),
(2302720,2300821,'Pervari',null,'pervari','TR',1,37.9357300000,42.5492700000),
(2302724,2298845,'Pertek',null,'pertek','TR',1,38.8657400000,39.3227300000),
(2302755,2304794,'Pelitli',null,'pelitli','TR',1,37.3318600000,41.4002000000),
(2302781,2321122,'Pazaryeri',null,'pazaryeri','TR',1,39.9939500000,29.9042400000),
(2302787,2305267,'Pazarlar',null,'pazarlar','TR',1,38.9950000000,29.1258300000),
(2302800,2310858,'Pazarcık',null,'pazarcik','TR',1,37.4868500000,37.2996100000),
(2302816,2323776,'Payallar',null,'payallar','TR',1,36.6016000000,31.8505700000),
(2302819,2325163,'Patnos',null,'patnos','TR',1,39.2249300000,42.8569300000),
(2302824,2315367,'Pasinler',null,'pasinler','TR',1,39.9797500000,41.6699700000),
(2302880,2298332,'Parapara',null,'parapara','TR',1,36.9472900000,38.9456400000),
(2302903,2317106,'Pamukkale',null,'pamukkale','TR',1,37.9164400000,29.1172900000),
(2302912,2315807,'Palu',null,'palu','TR',1,38.6913500000,39.9198400000),
(2302914,2300821,'Çakıllı',null,'cakilli','TR',1,37.9475800000,41.4268300000),
(2302924,2300821,'Palamutlu',null,'palamutlu','TR',1,37.8958300000,42.2025000000),
(2302951,2304794,'Öztaş',null,'oztas','TR',1,37.3600300000,40.9057200000),
(2302963,2304794,'Özlüce',null,'ozluce','TR',1,37.4582200000,40.6438100000),
(2302971,2443186,'Özler',null,'ozler','TR',1,37.5761300000,41.4486100000),
(2302981,2443189,'Özen',null,'ozen','TR',1,37.2627400000,41.9789100000),
(2302986,2311044,'Özdere',null,'ozdere','TR',1,38.0161100000,27.1280600000),
(2303007,2304794,'Özbek',null,'ozbek','TR',1,37.1770400000,41.6932200000),
(2303013,2298332,'Ozanlar',null,'ozanlar','TR',1,36.9450000000,38.8988900000),
(2303022,2298113,'Özalp',null,'ozalp','TR',1,38.6545500000,43.9886900000),
(2303046,2443186,'Oymataş',null,'oymatas','TR',1,37.7985600000,41.0208300000),
(2303051,2298332,'Oymaklı',null,'oymakli','TR',1,36.9825000000,38.5141700000),
(2303053,2443189,'Oymakaya',null,'oymakaya','TR',1,37.4234100000,43.2313700000),
(2303055,2443189,'Oymak',null,'oymak','TR',1,37.2523000000,41.8619800000),
(2303062,2304794,'Oyalı',null,'oyali','TR',1,37.2212600000,41.7386200000),
(2303063,2300821,'Oyacık',null,'oyacik','TR',1,37.9561100000,41.7372500000),
(2303074,2300821,'Övecek',null,'ovecek','TR',1,37.9040300000,42.8843400000),
(2303086,2304794,'Ovaköy',null,'ovakoy','TR',1,37.2483800000,40.8189800000),
(2303092,2306569,'Ovakavağı',null,'ovakavagi','TR',1,37.7107900000,32.9348200000),
(2303136,2304794,'Ovabaşı',null,'ovabasi','TR',1,37.4568300000,41.1449800000),
(2303147,2315372,'Otlukbeli',null,'otlukbeli','TR',1,39.9700000000,40.0187200000),
(2303177,2306569,'Osmanköseli',null,'osmankoeseli','TR',1,37.4132500000,34.3717600000),
(2303195,2443183,'Osmaniye',null,'osmaniye','TR',1,37.0741700000,36.2477800000),
(2303253,2443189,'Ortasu',null,'ortasu','TR',1,37.3684500000,42.9580600000),
(2303274,2443189,'Ortalı',null,'ortali','TR',1,37.6047300000,43.2206500000),
(2303290,2443185,'Ortaköy',null,'ortakoy','TR',1,38.7372800000,34.0386600000),
(2303304,2443189,'Ortaköy',null,'ortakoy','TR',1,37.3274500000,43.2840300000),
(2303305,2304794,'Ortaköy',null,'ortakoy','TR',1,37.2208900000,40.7847600000),
(2303306,2443189,'Ortaköy',null,'ortakoy','TR',1,37.1977100000,42.4473100000),
(2303333,2298332,'Orta Hemedan',null,'orta-hemedan','TR',1,36.9642700000,38.6719600000),
(2303353,2304794,'Ortaca',null,'ortaca','TR',1,37.4739400000,41.5559800000),
(2303354,2304183,'Ortaca',null,'ortaca','TR',1,36.8391500000,28.7645700000),
(2303357,2443189,'Ortabağ',null,'ortabag','TR',1,37.3967100000,42.9101000000),
(2303373,2443186,'Örmegöze',null,'ormegoze','TR',1,37.9090700000,41.2402400000),
(2303386,2300821,'Ormanardı',null,'ormanardi','TR',1,37.7215400000,41.8385400000),
(2303409,2750268,'Orhaneli',null,'orhaneli','TR',1,39.9033300000,28.9905600000),
(2303484,2298332,'Örenlı',null,'orenli','TR',1,36.9766100000,39.2776300000),
(2303495,2298332,'Onortak',null,'onortak','TR',1,36.7594700000,38.8475000000),
(2303499,2316540,'Kytmiran',null,'kytmiran','TR',1,37.7110300000,40.5359000000),
(2303501,2314829,'Öncüler',null,'onculer','TR',1,36.7797100000,37.8501300000),
(2303502,2298332,'Öncül',null,'oncul','TR',1,36.7122200000,39.0291700000),
(2303512,2304919,'Onar',null,'onar','TR',1,38.9676900000,38.5684600000),
(2303519,2304794,'Piran',null,'piran','TR',1,37.5071800000,40.5168200000),
(2303532,2304794,'Ömerli',null,'omerli','TR',1,37.3990300000,40.9544200000),
(2303593,2298332,'Olgunlar',null,'olgunlar','TR',1,36.9669400000,39.1638900000),
(2303626,2300821,'Okçular',null,'okcular','TR',1,37.7415200000,42.4407500000),
(2303633,2443189,'Okçu',null,'okcu','TR',1,37.2232600000,42.0132800000),
(2303642,2314829,'Oğuzeli',null,'oguzeli','TR',1,36.9657200000,37.5133900000),
(2303648,2304794,'Dara',null,'dara','TR',1,37.1790200000,40.9545500000),
(2303651,2443186,'Mebye',null,'mebye','TR',1,37.7079600000,41.6040800000),
(2303654,2443189,'Midih',null,'midih','TR',1,37.3380800000,41.7465100000),
(2303693,2316540,'Ofköy',null,'ofkoy','TR',1,37.8848100000,40.7395500000),
(2303700,2311044,'Ödemiş',null,'oedemis','TR',1,38.2278000000,27.9695500000),
(2303720,2304794,'Ocaklı',null,'ocakli','TR',1,37.1652600000,41.8237500000),
(2303750,2304794,'Nusaybin',null,'nusaybin','TR',1,37.0702800000,41.2146500000),
(2303755,2304794,'Nurlu',null,'nurlu','TR',1,37.5383300000,41.5358800000),
(2303763,2310858,'Nurhak',null,'nurhak','TR',1,37.9636600000,37.4404700000),
(2303798,2314829,'Nizip',null,'nizip','TR',1,37.0097200000,37.7941700000),
(2303819,2298332,'Nimet',null,'nimet','TR',1,36.7745500000,38.7268600000),
(2303827,2303826,'Niğde',null,'nigde','TR',1,37.9658300000,34.6793500000),
(2303831,2303830,'Nevşehir',null,'nevsehir','TR',1,38.6250000000,34.7122200000),
(2303839,2306569,'Nernek',null,'nernek','TR',1,37.4211600000,34.2131400000),
(2303845,2304794,'Nergizli',null,'nergizli','TR',1,37.0827400000,41.3556800000),
(2303847,2300821,'Kılbasan',null,'kilbasan','TR',1,37.9166700000,42.1333300000),
(2303872,2298845,'Nazimiye',null,'nazimiye','TR',1,39.1798600000,39.8284300000),
(2303873,2322819,'Nazilli',null,'nazilli','TR',1,37.9163100000,28.3222500000),
(2303890,2300617,'Nasır',null,'nasir','TR',1,39.8242100000,37.8916100000),
(2303897,2300821,'Narsuyu',null,'narsuyu','TR',1,37.9605600000,42.5141700000),
(2304003,2443189,'Mutluca',null,'mutluca','TR',1,37.4791600000,43.0707200000),
(2304009,2321022,'Mutki',null,'mutki','TR',1,38.4062400000,41.9201800000),
(2304013,2311728,'Mut',null,'mut','TR',1,36.6438900000,33.4388500000),
(2304078,2443213,'Musabeyli',null,'musabeyli','TR',1,36.8863900000,36.9186100000),
(2304081,2304041,'Muş',null,'mus','TR',1,38.7316300000,41.4848200000),
(2304110,2298332,'Muratlı',null,'muratli','TR',1,36.9616700000,40.1005600000),
(2304184,2304183,'Muğla',null,'mugla','TR',1,37.2180700000,28.3665000000),
(2304196,2307513,'Mucur',null,'mucur','TR',1,39.0614700000,34.3828600000),
(2304322,2316540,'Akçayır',null,'akcayir','TR',1,37.9912700000,40.9900700000),
(2304341,2298332,'Minare',null,'minare','TR',1,36.9308300000,39.0044400000),
(2304349,2443189,'Balveren',null,'balveren','TR',1,37.4835700000,42.5483400000),
(2304352,2300821,'Çalıdüzü',null,'caliduzu','TR',1,37.9351600000,41.4655100000),
(2304355,2304183,'Milas',null,'milas','TR',1,37.3163900000,27.7838900000),
(2304357,2298332,'Milköy',null,'milkoy','TR',1,36.8438900000,38.7847200000),
(2304365,2314829,'Mihrap',null,'mihrap','TR',1,36.9333300000,37.8677800000),
(2304382,2304794,'Midyat',null,'midyat','TR',1,37.4190800000,41.3390900000),
(2304397,2316540,'Bademli',null,'bademli','TR',1,37.9257200000,40.9611100000),
(2304414,2443189,'Mezraa',null,'mezraa','TR',1,37.6625700000,43.1888500000),
(2304430,2443186,'Yakacık',null,'yakacik','TR',1,37.8628900000,41.4207500000),
(2304437,2316540,'Meydanlık',null,'meydanlik','TR',1,37.7542900000,40.6517400000),
(2304439,2316540,'Meydanköy',null,'meydankoy','TR',1,37.6507600000,40.6206200000),
(2304440,2298332,'Meydankapı',null,'meydankapi','TR',1,36.7827800000,39.1583300000),
(2304444,2300821,'Meydandere',null,'meydandere','TR',1,37.9255200000,42.0965000000),
(2304489,2300821,'Meşelidere',null,'meselidere','TR',1,37.7853000000,41.8679600000),
(2304516,2298332,'Mertismail',null,'mertismail','TR',1,36.8876500000,38.4483400000),
(2304531,2311728,'Mersin',null,'mersin','TR',1,36.8119600000,34.6388600000),
(2304538,2298332,'Mermer',null,'mermer','TR',1,36.9308300000,38.8827100000),
(2304568,2304794,'Mercimekli',null,'mercimekli','TR',1,37.4714600000,41.3373700000),
(2304574,2314829,'Mercanlı',null,'mercanli','TR',1,36.9338900000,37.7933300000),
(2304612,2311044,'Menemen',null,'menemen','TR',1,38.6075400000,27.0693800000),
(2304637,2298332,'Uysallı',null,'uysalli','TR',1,36.9510000000,38.3823700000),
(2304734,2304794,'Mazıdağı',null,'mazidagi','TR',1,37.4780100000,40.4815200000),
(2304738,2298845,'Mazgirt',null,'mazgirt','TR',1,39.0178300000,39.6006400000),
(2304782,2304183,'Marmaris',null,'marmaris','TR',1,36.8550000000,28.2741700000),
(2304783,2304794,'Tekkuyu',null,'tekkuyu','TR',1,37.3664200000,40.9206700000),
(2304797,2304794,'Mardin',null,'mardin','TR',1,37.3130900000,40.7435700000),
(2304827,2304825,'Manisa',null,'manisa','TR',1,38.6120200000,27.4264700000),
(2304854,2323776,'Manavgat',null,'manavgat','TR',1,36.7866700000,31.4430600000),
(2304916,2304041,'Malazgirt',null,'malazgirt','TR',1,39.1465000000,42.5353600000),
(2304922,2304919,'Malatya',null,'malatya','TR',1,38.3501800000,38.3166700000),
(2304964,2323776,'Mahmutlar',null,'mahmutlar','TR',1,36.4946300000,32.0908500000),
(2304998,2298332,'Mağaralı',null,'magarali','TR',1,36.9688900000,38.0744400000),
(2305005,2314829,'Mağaracık',null,'magaracik','TR',1,36.9741700000,37.7872200000),
(2305089,2316540,'Lice',null,'lice','TR',1,38.4582100000,40.6388800000),
(2305182,2306569,'Kuyulusebil',null,'kuyulusebil','TR',1,38.6538900000,32.5297200000),
(2305191,2443189,'Kuyulu',null,'kuyulu','TR',1,37.3416700000,41.7819400000),
(2305193,2304794,'Kuyulu',null,'kuyulu','TR',1,37.1584100000,40.7927900000),
(2305210,2322819,'Kuyucak',null,'kuyucak','TR',1,37.9133000000,28.4591700000),
(2305219,2443186,'Kuyubaşı',null,'kuyubasi','TR',1,37.8421400000,41.0831100000),
(2305237,2443186,'Gyrychello',null,'gyrychello','TR',1,37.8563500000,41.4868800000),
(2305263,2304794,'Kutlubey',null,'kutlubey','TR',1,37.3071900000,41.1772000000),
(2305268,2305267,'Kütahya',null,'kutahya','TR',1,39.4241700000,29.9833300000),
(2305282,2443189,'Kuştepe',null,'kustepe','TR',1,37.3401300000,42.1574400000),
(2305321,2443186,'Kuşçukuru',null,'kuscukuru','TR',1,37.9498600000,41.2921800000),
(2305359,2322819,'Kuşadası',null,'kusadasi','TR',1,37.8601400000,27.2571300000),
(2305389,2300821,'Kurukavak',null,'kurukavak','TR',1,37.8559900000,41.5752400000),
(2305411,2316540,'Kurudere',null,'kurudere','TR',1,37.7936500000,40.8387700000),
(2305458,2304794,'Kurtuluş',null,'kurtulus','TR',1,37.2010500000,41.7005600000),
(2305532,2300821,'Kurtalan',null,'kurtalan','TR',1,37.9253300000,41.6849300000),
(2305664,2316540,'Kumrulu',null,'kumrulu','TR',1,37.9376200000,40.7912700000),
(2305680,2323776,'Beykonak',null,'beykonak','TR',1,36.3257300000,30.3030200000),
(2305685,2304794,'Kumlu',null,'kumlu','TR',1,37.1722200000,40.7353600000),
(2305690,2323776,'Kumköy',null,'kumkoey','TR',1,36.8828600000,30.9517800000),
(2305695,2443186,'Kumgeçit',null,'kumgecit','TR',1,37.8195200000,41.4790900000),
(2305699,2443189,'Kumçatı',null,'kumcati','TR',1,37.4659400000,42.2879100000),
(2305737,2304919,'Kuluncak',null,'kuluncak','TR',1,38.8765600000,37.6627900000),
(2305742,2306569,'Kulu',null,'kulu','TR',1,39.0951300000,33.0798900000),
(2305750,2316540,'Kulp',null,'kulp','TR',1,38.4975400000,41.0066800000),
(2305810,2304825,'Kula',null,'kula','TR',1,38.5472600000,28.6497600000),
(2305837,2298332,'Küçük Ziyaret',null,'kucuk-ziyaret','TR',1,36.9431000000,38.4616400000),
(2305927,2304794,'Küçük Kardeş',null,'kucuk-kardes','TR',1,37.2766500000,41.0277200000),
(2305931,2314829,'Küçükkaracaören',null,'kucukkaracaoren','TR',1,36.8826000000,37.4965700000),
(2306041,2443186,'Kozluk',null,'kozluk','TR',1,38.1911800000,41.4777500000),
(2306078,2443186,'Kozlu',null,'kozlu','TR',1,37.6372700000,41.3687600000),
(2306112,2325361,'Kozan',null,'kozan','TR',1,37.4551700000,35.8157300000),
(2306143,2443189,'Koyunoba',null,'koyunoba','TR',1,37.5423700000,43.0414500000),
(2306146,2316540,'Koyunlu',null,'koyunlu','TR',1,37.8888300000,40.9474900000),
(2306148,2304794,'Koyunlu',null,'koyunlu','TR',1,37.4199800000,40.8210900000),
(2306193,2304794,'Köyceğiz',null,'koycegiz','TR',1,37.1783900000,41.8787800000),
(2306205,2314829,'Kovanlı',null,'kovanli','TR',1,36.8116100000,37.7001200000),
(2306207,2315807,'Kovancılar',null,'kovancilar','TR',1,38.7188200000,39.8626800000),
(2306247,2304794,'Koşuyolu',null,'kosuyolu','TR',1,37.4902200000,41.0275600000),
(2306285,2322819,'Köşk',null,'kosk','TR',1,37.8533300000,28.0516700000),
(2306288,2300821,'Yağmurtepe',null,'yagmurtepe','TR',1,37.9477500000,41.8758000000),
(2306298,2443186,'Kösetarla',null,'kosetarla','TR',1,37.8894400000,41.1988900000),
(2306299,2306569,'Kösere',null,'koesere','TR',1,37.4117600000,34.2684200000),
(2306308,2316540,'Köseli',null,'koseli','TR',1,37.8387900000,40.6081100000),
(2306382,2298332,'Koruklu',null,'koruklu','TR',1,36.8948700000,38.9212800000),
(2306384,2316540,'Korukçu',null,'korukcu','TR',1,37.8333300000,40.7333300000),
(2306411,2443189,'Korucu',null,'korucu','TR',1,37.2333900000,42.0579600000),
(2306460,2306569,'Körlü',null,'koerlue','TR',1,37.4123000000,34.2885000000),
(2306474,2323776,'Korkuteli',null,'korkuteli','TR',1,37.0649800000,30.1956500000),
(2306476,2304041,'Korkut',null,'korkut','TR',1,38.7339000000,41.7839600000),
(2306512,2316540,'Kopuzlu',null,'kopuzlu','TR',1,37.9530600000,40.9591700000),
(2306537,2304825,'Köprübaşı',null,'koprubasi','TR',1,38.7497200000,28.4047200000),
(2306546,2316540,'Köprüköy',null,'koprukoy','TR',1,37.8175000000,40.9550000000),
(2306571,2306569,'Konya',null,'konya','TR',1,37.8713500000,32.4846400000),
(2306612,2298113,'Konalga',null,'konalga','TR',1,37.8603500000,43.0967800000),
(2306618,2300821,'Konakpınar',null,'konakpinar','TR',1,37.9238800000,41.6321900000),
(2306622,2311044,'Konaklı',null,'konakli','TR',1,38.1127800000,27.9961100000),
(2306625,2304794,'Konaklı',null,'konakli','TR',1,37.2374800000,40.9405800000),
(2306788,2316540,'Koğuk',null,'koguk','TR',1,37.7411500000,40.7244600000),
(2306816,2443189,'Koçtepe',null,'koctepe','TR',1,37.5430200000,41.8666600000),
(2306817,2443189,'Koçtepe',null,'koctepe','TR',1,37.1693100000,41.9656200000),
(2306833,2304794,'Koçlu',null,'koclu','TR',1,37.1219400000,40.5085100000),
(2306859,2304183,'Göcek',null,'goecek','TR',1,36.7534500000,28.9457100000),
(2306874,2443189,'Koçbeyi',null,'kocbeyi','TR',1,37.4234800000,42.2018100000),
(2306908,2322819,'Koçarlı',null,'kocarli','TR',1,37.7611300000,27.7058300000),
(2306929,2304794,'Kocalar',null,'kocalar','TR',1,37.2654200000,40.6412900000),
(2306931,2304794,'Kocakuyu',null,'kocakuyu','TR',1,37.3751600000,40.9661200000),
(2306935,2316540,'Kocaköy',null,'kocakoy','TR',1,38.2888900000,40.4978600000),
(2306962,2311728,'Kocahasanlı',null,'kocahasanli','TR',1,36.5841700000,34.2735900000),
(2307014,2320390,'Kocaaliler',null,'kocaaliler','TR',1,37.3169400000,30.7400000000),
(2307084,2304794,'Kızıltepe',null,'kiziltepe','TR',1,37.1883600000,40.5772300000),
(2307102,2443189,'Kızılsu',null,'kizilsu','TR',1,37.4540200000,42.1963900000),
(2307129,2325302,'Kızılören',null,'kiziloren','TR',1,38.2580600000,30.1516700000),
(2307187,2320390,'Kızılkaya',null,'kizilkaya','TR',1,37.3036100000,30.4441700000),
(2307211,2317106,'Serinhisar',null,'serinhisar','TR',1,37.5810500000,29.2663900000),
(2307287,2298298,'Kızılcasöğüt',null,'kizilcasogut','TR',1,38.6511100000,29.6661100000),
(2307430,2314829,'Kıvırcık',null,'kivircik','TR',1,36.8318400000,37.9494400000),
(2307432,2304794,'Mağaraköy',null,'magarakoy','TR',1,37.2817600000,41.5701300000),
(2307459,2312394,'Kışlak',null,'kislak','TR',1,35.9675000000,36.1574900000),
(2307467,2300821,'Kışlacık',null,'kislacik','TR',1,37.8631500000,41.8131300000),
(2307515,2307513,'Kırşehir',null,'kirsehir','TR',1,39.1458300000,34.1638900000),
(2307531,2298332,'Kırmıtlı',null,'kirmitli','TR',1,36.8972200000,39.0491700000),
(2307623,2304825,'Kırkağaç',null,'kirkagac','TR',1,39.1063800000,27.6692500000),
(2307625,2315201,'Kırka',null,'kirka','TR',1,39.2794400000,30.5263900000),
(2307654,2443188,'Kırıkkale',null,'kirikkale','TR',1,39.8452800000,33.5063900000),
(2307657,2312394,'Kırıkhan',null,'kirikhan','TR',1,36.4993900000,36.3575500000),
(2307727,2311044,'Kiraz',null,'kiraz','TR',1,38.2305600000,28.2044400000),
(2307786,2311044,'Kınık',null,'kinik','TR',1,39.0872200000,27.3833300000),
(2307864,2443213,'Kilis',null,'kilis','TR',1,36.7161100000,37.1150000000),
(2307887,2300821,'Kılıçlı',null,'kilicli','TR',1,37.9716400000,41.7872500000),
(2307939,2304794,'Kılavuz',null,'kilavuz','TR',1,37.4796000000,41.7837400000),
(2307941,2314829,'Kılavuz',null,'kilavuz','TR',1,36.8088200000,37.6229300000),
(2307953,2443186,'Yolüstü',null,'yolustu','TR',1,37.7156800000,41.6076200000),
(2307992,2314829,'Kelekli',null,'kelekli','TR',1,36.9150000000,37.9908300000),
(2308024,2443188,'Keskin',null,'keskin','TR',1,39.6730600000,33.6136100000),
(2308027,2298332,'Keskin',null,'keskin','TR',1,36.9416700000,40.0641700000),
(2308041,2443186,'Kesiksu',null,'kesiksu','TR',1,37.6375000000,41.4007300000),
(2308084,2314829,'Kersentaş',null,'kersentas','TR',1,36.7608300000,37.6874400000),
(2308133,2322164,'Kepsut',null,'kepsut','TR',1,39.6888900000,28.1522200000),
(2308176,2304794,'Kentli',null,'kentli','TR',1,37.3935700000,41.6398500000),
(2308199,2304794,'Kemerli',null,'kemerli','TR',1,37.5531500000,40.5743100000),
(2308217,2320390,'Kemer',null,'kemer','TR',1,37.3522200000,30.0630600000),
(2308220,2323776,'Kemer',null,'kemer','TR',1,36.5977800000,30.5605600000),
(2308224,2311044,'Kemalpaşa',null,'kemalpasa','TR',1,38.4262100000,27.4173100000),
(2308230,2315372,'Kemaliye',null,'kemaliye','TR',1,39.2628800000,38.4967400000),
(2308233,2315372,'Kemah',null,'kemah','TR',1,39.5960600000,39.0232900000),
(2308261,2750268,'Keles',null,'keles','TR',1,39.9136100000,29.2294400000),
(2308353,2298332,'Keçikıran',null,'kecikiran','TR',1,36.9661100000,38.9847200000),
(2308365,2311071,'Keçiborlu',null,'keciborlu','TR',1,37.9425000000,30.3022200000),
(2308382,2316540,'Keberli',null,'keberli','TR',1,37.7589200000,40.8189700000),
(2308385,2443189,'Kebeli',null,'kebeli','TR',1,37.1785300000,42.0263100000),
(2308389,2315807,'Keban',null,'keban','TR',1,38.7938000000,38.7351700000),
(2308400,2443187,'Kazımkarabekir',null,'kazimkarabekir','TR',1,37.2302800000,32.9588900000),
(2308455,2316540,'Kazancı',null,'kazanci','TR',1,37.7710600000,40.6000000000),
(2308464,2308463,'Kayseri',null,'kayseri','TR',1,38.7322200000,35.4852800000),
(2308496,2304794,'Kaynakkaya',null,'kaynakkaya','TR',1,37.3396800000,40.9327400000),
(2308510,2311044,'Kaymakçı',null,'kaymakci','TR',1,38.1677800000,28.1152800000),
(2308528,2304794,'Kayıklı',null,'kayikli','TR',1,37.6949000000,41.7937500000),
(2308543,2316540,'Kayıköy',null,'kayikoy','TR',1,37.9688900000,41.0036100000),
(2308549,2304794,'Kayaüstü',null,'kayaustu','TR',1,37.4547500000,40.9227800000),
(2308551,2300821,'Kayatepe',null,'kayatepe','TR',1,37.8461600000,41.6413700000),
(2308552,2304794,'Kayatepe',null,'kayatepe','TR',1,37.5191700000,40.9271200000),
(2308554,2306569,'Kayasaray',null,'kayasaray','TR',1,37.3754100000,34.2689300000),
(2308572,2443186,'Kayapınar',null,'kayapinar','TR',1,37.5576200000,41.1623100000),
(2308582,2300821,'Kayalısu',null,'kayalisu','TR',1,37.8058200000,41.7353600000),
(2308584,2304794,'Kayalıpınar',null,'kayalipinar','TR',1,37.3298300000,41.2276000000),
(2308603,2443189,'Kayalı',null,'kayali','TR',1,37.3547300000,41.7918000000),
(2308612,2304794,'Kayalar',null,'kayalar','TR',1,37.3717400000,41.2360900000),
(2308648,2304794,'Kayadere',null,'kayadere','TR',1,37.4546400000,40.8962200000),
(2308676,2300821,'Kayaboğaz',null,'kayabogaz','TR',1,37.8912700000,41.9836700000),
(2308697,2300821,'Kayabağlar',null,'kayabaglar','TR',1,37.9859900000,41.6675600000),
(2308698,2443186,'Kayabağı',null,'kayabagi','TR',1,37.9311700000,41.2112700000),
(2308710,2316540,'Kavuşak',null,'kavusak','TR',1,37.7865700000,40.9826800000),
(2308762,2443189,'Kavaközü',null,'kavakozu','TR',1,37.2202800000,42.3458300000),
(2308776,2304183,'Kavaklıdere',null,'kavaklidere','TR',1,37.4446300000,28.3627600000),
(2308869,2443189,'Katran',null,'katran','TR',1,37.2528100000,42.1095800000),
(2308880,2314829,'Kaşyolu',null,'kasyolu','TR',1,36.8734500000,37.5845700000),
(2308919,2443189,'Kaşıkçı',null,'kasikci','TR',1,37.4310500000,41.6119400000),
(2308948,2323776,'Kaş',null,'kas','TR',1,36.2017600000,29.6376600000),
(2308998,2325361,'Aladağ',null,'aladag','TR',1,37.5485000000,35.3960300000),
(2309008,2322819,'Karpuzlu',null,'karpuzlu','TR',1,37.5586100000,27.8352800000),
(2309014,2323776,'Kızılağaç',null,'kizilagac','TR',1,36.7305500000,31.5351700000),
(2309032,2321079,'Karlıova',null,'karliova','TR',1,39.2904400000,41.0059400000),
(2309077,2750268,'Karıncalı',null,'karincali','TR',1,39.9711800000,28.8589400000),
(2309131,2304183,'Kargı',null,'kargi','TR',1,36.7013200000,29.0755700000),
(2309134,2314829,'Karkamış',null,'karkamis','TR',1,36.8345200000,37.9983000000),
(2309175,2306569,'Karayusuflu',null,'karayusuflu','TR',1,37.4161900000,34.2443000000),
(2309182,2443186,'Karayün',null,'karayun','TR',1,37.8349300000,41.1137600000),
(2309199,2315367,'Karayazı',null,'karayazi','TR',1,39.6960400000,42.1427700000),
(2309312,2325361,'Karataş',null,'karatas','TR',1,36.5820400000,35.3701400000),
(2309358,2304794,'Yukarı Aydınlı',null,'yukari-aydinli','TR',1,37.1593500000,40.8988300000),
(2309415,2306569,'Karapınar',null,'karapinar','TR',1,37.7159600000,33.5506400000),
(2309476,2314829,'Karanfılköy',null,'karanfilkoy','TR',1,36.8302800000,37.9738900000),
(2309512,2320390,'Karamanlı',null,'karamanli','TR',1,37.3730100000,29.8230800000),
(2309527,2443187,'Karaman',null,'karaman','TR',1,37.1811100000,33.2150000000),
(2309554,2304794,'Karalar',null,'karalar','TR',1,37.3007300000,41.6758200000),
(2309591,2304794,'Karakuyu',null,'karakuyu','TR',1,37.1593400000,40.5437700000),
(2309610,2443184,'Karakoyunlu',null,'karakoyunlu','TR',1,39.8703600000,43.6301400000),
(2309633,2443186,'Karaköy',null,'karakoy','TR',1,37.6832800000,41.4117100000),
(2309647,2325163,'Ağrı',null,'agri','TR',1,39.7146700000,43.0401500000),
(2309663,2315807,'Karakoçan',null,'karakocan','TR',1,38.9517800000,40.0270600000),
(2309705,2443188,'Karakeçili',null,'karakecili','TR',1,39.5941700000,33.3777800000),
(2309758,2325361,'Karaisalı',null,'karaisali','TR',1,37.2566700000,35.0588900000),
(2309821,2298298,'Karahallı',null,'karahalli','TR',1,38.3208300000,29.5302800000),
(2309851,2316540,'Karagöz',null,'karagoz','TR',1,37.9475900000,40.6016100000),
(2309989,2314829,'Karacurun',null,'karacurun','TR',1,36.8710000000,37.9047400000),
(2310004,2315367,'Karaçoban',null,'karacoban','TR',1,39.3436400000,42.0991800000),
(2310006,2316540,'Karacık',null,'karacik','TR',1,37.8164800000,40.8940400000),
(2310044,2322819,'Karacasu',null,'karacasu','TR',1,37.7281600000,28.6056900000),
(2310187,2298332,'Karaca',null,'karaca','TR',1,36.9302800000,38.2344400000),
(2310200,2311044,'Karaburun',null,'karaburun','TR',1,38.6364000000,26.5109400000),
(2310202,2314829,'Karaburun',null,'karaburun','TR',1,36.8275500000,37.5956500000),
(2310232,2316540,'Karabörek',null,'karaborek','TR',1,37.8888900000,40.7763900000),
(2310267,2304794,'Karabayır',null,'karabayir','TR',1,37.5643700000,41.8172400000),
(2310399,2298332,'Karaköy',null,'karakoy','TR',1,36.9983300000,38.4533300000),
(2310467,2443189,'Kapılı',null,'kapili','TR',1,37.1632800000,42.5790100000),
(2310494,2443186,'Kantar',null,'kantar','TR',1,37.7391600000,41.1360900000),
(2310496,2304794,'Kantar',null,'kantar','TR',1,37.0978400000,41.4328800000),
(2310554,2300617,'Kangal',null,'kangal','TR',1,39.2335400000,37.3911100000),
(2310610,2316540,'Kamışlı',null,'kamisli','TR',1,37.9695500000,40.8347100000),
(2310641,2307513,'Kaman',null,'kaman','TR',1,39.3575000000,33.7238900000),
(2310663,2749778,'Kalkım',null,'kalkim','TR',1,39.8116700000,27.2150000000),
(2310677,2323776,'Kalkan',null,'kalkan','TR',1,36.2651000000,29.4136900000),
(2310784,2304919,'Kale',null,'kale','TR',1,39.0333300000,38.0000000000),
(2310789,2317106,'Kale',null,'kale','TR',1,37.4391700000,28.8452800000),
(2310791,2314829,'Kaleköy',null,'kalekoy','TR',1,36.9458300000,37.8361100000),
(2310855,2325329,'Kâhta',null,'kahta','TR',1,37.7855200000,38.6237000000),
(2310859,2310858,'Kahramanmaraş',null,'kahramanmaras','TR',1,37.5847000000,36.9264100000),
(2310888,2296560,'Kadışehri',null,'kadisehri','TR',1,39.9956800000,35.7919300000),
(2310892,2443183,'Kadirli',null,'kadirli','TR',1,37.3738900000,36.0961100000),
(2310907,2306569,'Kadınhanı',null,'kadinhani','TR',1,38.2397200000,32.2113900000),
(2310956,2300821,'Kaçıt',null,'kacit','TR',1,37.9302800000,42.9888900000),
(2310982,2304794,'Kabala',null,'kabala','TR',1,37.3458500000,40.8005900000),
(2311033,2314829,'Kabacaağaç',null,'kabacaagac','TR',1,36.7980600000,37.7191700000),
(2311046,2311044,'İzmir',null,'izmir','TR',1,38.4127300000,27.1383800000),
(2311050,2304794,'İzbırak',null,'izbirak','TR',1,37.5138000000,41.5354800000),
(2311054,2322164,'İvrindi',null,'ivrindi','TR',1,39.5838900000,27.4863900000),
(2311073,2311071,'Isparta',null,'isparta','TR',1,37.7644400000,30.5522200000),
(2311111,2312394,'İskenderun',null,'iskenderun','TR',1,36.5871800000,36.1734700000),
(2311129,2443186,'Işıkveren',null,'isikveren','TR',1,37.8745700000,41.4417100000),
(2311135,2304794,'Işıkören',null,'isikoren','TR',1,37.0961600000,40.5138500000),
(2311159,2325302,'Işıklar',null,'isiklar','TR',1,38.6710100000,30.7409800000),
(2311163,2316540,'Işıklar',null,'isiklar','TR',1,37.9883400000,40.5246300000),
(2311191,2304794,'İşgören',null,'isgoren','TR',1,37.6565300000,40.6580600000),
(2311193,2325302,'İscehisar',null,'iscehisar','TR',1,38.8619400000,30.7502800000),
(2311198,2316540,'İsapınar',null,'isapinar','TR',1,37.7233300000,40.7480600000),
(2311214,2322819,'İsabeyli',null,'isabeyli','TR',1,37.9014700000,28.2647500000),
(2311252,2314829,'İntepe',null,'intepe','TR',1,36.9536100000,37.9433300000),
(2311257,2443186,'İnpınar',null,'inpinar','TR',1,37.9396200000,41.2629300000),
(2311264,2443187,'İnönü',null,'inonu','TR',1,37.3166700000,33.7666700000),
(2311292,2314829,'İnkılâp',null,'inkilap','TR',1,36.7358300000,37.5613900000),
(2311310,2316540,'İncirtepe',null,'incirtepe','TR',1,37.7021100000,40.4972000000),
(2311314,2322819,'İncirliova',null,'incirliova','TR',1,37.8522200000,27.7236100000),
(2311318,2300821,'İncirlik',null,'incirlik','TR',1,37.9264500000,41.5170800000),
(2311326,2443186,'İncirli',null,'incirli','TR',1,37.7248600000,41.5677000000),
(2311373,2443189,'İnceler',null,'inceler','TR',1,37.4284100000,42.7919700000),
(2311423,2304794,'Harmanlı',null,'harmanli','TR',1,37.0708300000,40.5088900000),
(2311433,2300617,'İmranlı',null,'imranli','TR',1,39.8754400000,38.1135800000),
(2311453,2325361,'İmamoğlu',null,'imamoglu','TR',1,37.2650600000,35.6571700000),
(2311469,2298298,'İlyaslı',null,'ilyasli','TR',1,38.6038900000,29.2005600000),
(2311533,2315367,'Ilıca',null,'ilica','TR',1,39.9465300000,41.0952000000),
(2311543,2443189,'Ilıcak',null,'ilicak','TR',1,37.5958300000,43.1352800000),
(2311547,2315372,'İliç',null,'ilic','TR',1,39.4510600000,38.5583600000),
(2311553,2306569,'Ilgın',null,'ilgin','TR',1,38.2791700000,31.9138900000),
(2311568,2443186,'İkiztepe',null,'ikiztepe','TR',1,37.8931600000,41.0853900000),
(2311595,2304794,'İkizdere',null,'ikizdere','TR',1,37.4110800000,41.5387500000),
(2311603,2314829,'İkizce',null,'ikizce','TR',1,36.8626200000,37.7743200000),
(2311604,2298332,'İkizce',null,'ikizce','TR',1,36.7690300000,38.9812600000),
(2311606,2300821,'İkizbağlar',null,'ikizbaglar','TR',1,37.9791100000,41.9733700000),
(2311618,2304794,'İkipınar',null,'ikipinar','TR',1,37.3140200000,40.9399000000),
(2311626,2304794,'İkikuyu',null,'ikikuyu','TR',1,37.2461500000,40.5791200000),
(2311628,2443186,'İkiköprü',null,'ikikopru','TR',1,37.9645900000,41.3311900000),
(2311645,2325302,'İhsaniye',null,'ihsaniye','TR',1,39.0291600000,30.4163900000),
(2311665,2443184,'Iğdır',null,'igdir','TR',1,39.9237100000,44.0450000000),
(2311704,2443189,'İdil',null,'idil','TR',1,37.3348100000,41.8894400000),
(2311708,2304794,'İçören',null,'icoren','TR',1,37.5578100000,41.0955100000),
(2311711,2304183,'İçmeler',null,'icmeler','TR',1,36.7985900000,28.2263500000),
(2311769,2304794,'Girmasek',null,'girmasek','TR',1,37.1810200000,40.8209700000),
(2311777,2306569,'Hüyük',null,'huyuk','TR',1,37.9538800000,31.5963900000),
(2311869,2298845,'Hozat',null,'hozat','TR',1,39.1002900000,39.2081600000),
(2311962,2317106,'Honaz',null,'honaz','TR',1,37.7573000000,29.2699600000),
(2311994,2325302,'Hocalar',null,'hocalar','TR',1,38.5782400000,29.9676800000),
(2311998,2304794,'Gyundyukoru',null,'gyundyukoru','TR',1,37.1420700000,40.5014900000),
(2312024,2321022,'Hizan',null,'hizan','TR',1,38.2249800000,42.4183000000),
(2312041,2323784,'Hisarlıkaya',null,'hisarlikaya','TR',1,39.7319400000,32.5387800000),
(2312048,2304794,'Hisarkaya',null,'hisarkaya','TR',1,37.6447300000,40.9079900000),
(2312073,2443186,'Hisar',null,'hisar','TR',1,37.6009400000,41.2279900000),
(2312114,2315367,'Hınıs',null,'hinis','TR',1,39.3576600000,41.6925300000),
(2312134,2298332,'Hilvan',null,'hilvan','TR',1,37.5868700000,38.9550500000),
(2312143,2443189,'Hilal',null,'hilal','TR',1,37.4752800000,42.7858300000),
(2312218,2443189,'Hendekköy',null,'hendekkoy','TR',1,37.3969500000,42.0590400000),
(2312245,2304919,'Hekimhan',null,'hekimhan','TR',1,38.8162200000,37.9288200000),
(2312251,2298332,'Hüyükyanı',null,'huyukyani','TR',1,36.9471200000,38.4939200000),
(2312253,2316540,'Hazro',null,'hazro','TR',1,38.2490300000,40.7712900000),
(2312256,2304794,'Haznedar',null,'haznedar','TR',1,37.0573200000,40.5552100000),
(2312289,2323784,'Haymana',null,'haymana','TR',1,39.4321200000,32.4973200000),
(2312293,2443189,'Yağmurca',null,'yagmurca','TR',1,37.1959700000,42.0030900000),
(2312322,2316540,'Ataköy',null,'atakoy','TR',1,37.9383500000,40.5294000000),
(2312355,2322164,'Havran',null,'havran','TR',1,39.5583300000,27.0983300000),
(2312364,2304794,'Hatunlu',null,'hatunlu','TR',1,37.1394900000,40.7540400000),
(2312365,2314829,'Hatunlu',null,'hatunlu','TR',1,36.7822200000,37.6461100000),
(2312405,2312394,'Hassa',null,'hassa','TR',1,36.7994400000,36.5177800000),
(2312421,2316540,'Hasköy',null,'haskoy','TR',1,37.7340200000,40.5408200000),
(2312447,2304794,'Hasantepe',null,'hasantepe','TR',1,37.1272500000,41.4914000000),
(2312479,2443186,'Hasankeyf',null,'hasankeyf','TR',1,37.7061200000,41.4048000000),
(2312504,2443183,'Hasanbeyli',null,'hasanbeyli','TR',1,37.1283800000,36.5460800000),
(2312531,2298332,'Harran',null,'harran','TR',1,36.8600000000,39.0313900000),
(2312539,2304794,'Harmantepe',null,'harmantepe','TR',1,37.7017900000,41.0075300000),
(2312544,2316540,'Harmanlı',null,'harmanli','TR',1,37.7282000000,40.8296100000),
(2312546,2304794,'Harmanlı',null,'harmanli','TR',1,37.4353000000,41.1122100000),
(2312613,2443189,'Kavallı',null,'kavalli','TR',1,37.2117600000,42.4194500000),
(2312663,2316540,'Hani',null,'hani','TR',1,38.4074100000,40.3857800000),
(2312690,2314829,'Hancağız',null,'hancagiz','TR',1,36.9600000000,37.9147200000),
(2312699,2298332,'Hanköy',null,'hankoy','TR',1,36.9508100000,40.1985500000),
(2312731,2325163,'Hamur',null,'hamur','TR',1,39.6056100000,42.9850000000),
(2312771,2749778,'Hamdibey',null,'hamdibey','TR',1,39.8494400000,27.2480600000),
(2312817,2306569,'Halkapınar',null,'halkapinar','TR',1,37.4339400000,34.1874300000),
(2312820,2304794,'Halkalı',null,'halkali','TR',1,37.1484800000,40.5892600000),
(2312862,2298332,'Halfeti',null,'halfeti','TR',1,37.2452900000,37.8687400000),
(2312881,2298332,'Haktanır',null,'haktanir','TR',1,36.8547200000,38.8658300000),
(2312894,2300617,'Hafik',null,'hafik','TR',1,39.8563900000,37.3863900000),
(2312899,2306569,'Hadim',null,'hadim','TR',1,36.9877600000,32.4567400000),
(2313013,2308463,'Hacılar',null,'hacilar','TR',1,38.6463100000,35.4493700000),
(2313063,2304794,'Hacıhasan',null,'hacihasan','TR',1,37.2244000000,40.4989700000),
(2313087,2298332,'Hacıekber',null,'haciekber','TR',1,36.8158000000,38.9465500000),
(2313110,2303830,'Hacıbektaş',null,'hacibektas','TR',1,38.9407700000,34.5577000000),
(2313179,2304794,'Haberli',null,'haberli','TR',1,37.3051000000,41.6175800000),
(2313199,2443185,'Güzelyurt',null,'guzelyurt','TR',1,38.2772200000,34.3719400000),
(2313213,2443186,'Güzelöz',null,'guzeloz','TR',1,37.6304800000,41.5590700000),
(2313214,2311728,'Güzeloluk',null,'guezeloluk','TR',1,36.7944400000,34.0827400000),
(2313224,2316540,'Güzelköy',null,'guzelkoy','TR',1,37.7317400000,40.9998200000),
(2313226,2314829,'Güzelköy',null,'guzelkoy','TR',1,36.9894400000,37.8963900000),
(2313242,2300821,'Güzeldere',null,'guzeldere','TR',1,37.9574600000,41.5456500000),
(2313267,2304183,'Güvercinlik',null,'guevercinlik','TR',1,37.1370600000,27.5818600000),
(2313314,2300617,'Gürün',null,'gurun','TR',1,38.7222500000,37.2709700000),
(2313315,2304794,'Gürün',null,'gurun','TR',1,37.1284100000,41.2420300000),
(2313331,2321022,'Güroymak',null,'guroymak','TR',1,38.5758000000,42.0155800000),
(2313352,2304794,'Gürgöze',null,'gurgoze','TR',1,37.4853400000,40.5257200000),
(2313356,2298332,'Gürgelen',null,'gurgelen','TR',1,36.8275000000,39.0847200000),
(2313376,2314829,'Gürçay',null,'gurcay','TR',1,36.8825000000,38.0311100000),
(2313380,2443186,'Gürbüz',null,'gurbuz','TR',1,37.6370800000,41.4301300000),
(2313413,2304794,'Günlüce',null,'gunluce','TR',1,37.1268800000,40.5608200000),
(2313428,2304794,'Güngören',null,'gungoren','TR',1,37.3188800000,41.5558200000),
(2313430,2298332,'Güngören',null,'gungoren','TR',1,36.9525000000,39.0488900000),
(2313431,2316540,'Güngeçti',null,'gungecti','TR',1,37.9043600000,40.9150800000),
(2313434,2443189,'Güneyyaka',null,'guneyyaka','TR',1,37.5066600000,43.2264000000),
(2313500,2298332,'Güneren',null,'guneren','TR',1,36.7341700000,39.0886100000),
(2313504,2298332,'Günebakan',null,'gunebakan','TR',1,36.9250000000,38.3027800000),
(2313520,2304794,'Gürışık',null,'gurisik','TR',1,37.5267700000,41.6072600000),
(2313526,2323776,'Gündoğmuş',null,'gundogmus','TR',1,36.8133900000,31.9997100000),
(2313546,2298332,'Gündaş',null,'gundas','TR',1,36.7327700000,38.8116000000),
(2313567,2443189,'Gümüşyazı',null,'gumusyazi','TR',1,37.5131500000,41.9362700000),
(2313584,2321022,'Gümüşören',null,'gumusoren','TR',1,37.9966700000,42.7123900000),
(2313635,2443189,'Gülyazı',null,'gulyazi','TR',1,37.3914100000,42.9901800000),
(2313640,2304794,'Gülveren',null,'gulveren','TR',1,37.4871100000,41.4944600000),
(2313658,2303830,'Gülşehir',null,'gulsehir','TR',1,38.7459400000,34.6252400000),
(2313669,2311728,'Gülnar',null,'gulnar','TR',1,36.3414800000,33.3992100000),
(2313713,2298298,'Güllü',null,'guellue','TR',1,38.2711400000,29.1045100000),
(2313727,2304794,'Gülgöze',null,'gulgoze','TR',1,37.4081900000,41.4854700000),
(2313742,2300821,'Güleçler',null,'gulecler','TR',1,37.9533300000,42.5386100000),
(2313746,2443213,'Güldüzü',null,'gulduzu','TR',1,36.8675500000,37.1165800000),
(2313794,2443189,'Güçlükonak',null,'guclukonak','TR',1,37.4695700000,41.9059300000),
(2313796,2443189,'Cibri',null,'cibri','TR',1,37.2759300000,42.0981400000),
(2313825,2300821,'Gözpınar',null,'gozpinar','TR',1,37.9771700000,41.4576100000),
(2313840,2317106,'Gözler',null,'gozler','TR',1,38.1067900000,29.1537500000),
(2313900,2323776,'Göynük',null,'goeynuek','TR',1,36.6600000000,30.5500000000),
(2313922,2443189,'Bisbin',null,'bisbin','TR',1,37.3392900000,42.5694500000),
(2313942,2298332,'Görenler',null,'gorenler','TR',1,36.9866700000,39.0458300000),
(2313945,2443189,'Görendoruk',null,'gorendoruk','TR',1,37.6768000000,42.2776400000),
(2313947,2303830,'Göreme',null,'goereme','TR',1,38.6437000000,34.8352900000),
(2313960,2304825,'Gördes',null,'gordes','TR',1,38.9327800000,28.2894200000),
(2313963,2443186,'Derdil',null,'derdil','TR',1,37.6454600000,41.4911500000),
(2313973,2311071,'Gönen',null,'gonen','TR',1,37.9563900000,30.5114000000),
(2313995,2322164,'Gömeç',null,'goemec','TR',1,39.3901600000,26.8412700000),
(2314038,2304825,'Gölmarmara',null,'golmarmara','TR',1,38.7138900000,27.9141700000),
(2314052,2304794,'Göllü',null,'gollu','TR',1,37.3434900000,41.0383100000),
(2314053,2304794,'Göllü',null,'gollu','TR',1,37.2512800000,40.7151600000),
(2314072,2320390,'Gölhisar',null,'golhisar','TR',1,37.1459000000,29.5087600000),
(2314075,2300821,'Gölgelikonak',null,'golgelikonak','TR',1,37.7692300000,42.1274400000),
(2314077,2300821,'Gölgeli',null,'golgeli','TR',1,37.9587200000,42.4579300000),
(2314087,2298332,'Göldere',null,'goldere','TR',1,36.9856900000,38.6354300000),
(2314136,2325329,'Gölbaşı',null,'golbasi','TR',1,37.7836100000,37.6366700000),
(2314137,2304794,'Gölbaşı',null,'golbasi','TR',1,37.4889200000,41.0742400000),
(2314164,2298332,'Göktepe',null,'goktepe','TR',1,36.9016700000,38.1302800000),
(2314188,2310858,'Göksun',null,'goksun','TR',1,38.0209600000,36.4973000000),
(2314250,2300821,'Gökdoğan',null,'gokdogan','TR',1,37.9530800000,41.4046500000),
(2314294,2443186,'Gökçepınar',null,'gokcepinar','TR',1,37.5891900000,41.5202300000),
(2314302,2311044,'Gökçen',null,'gokcen','TR',1,38.1136700000,27.8714400000),
(2314311,2314829,'Gökçeli',null,'gokceli','TR',1,36.8800600000,37.7037200000),
(2314324,2300821,'Gökçekoru',null,'gokcekoru','TR',1,37.9562100000,42.4497100000),
(2314350,2300821,'Gökçebağ',null,'gokcebag','TR',1,37.9033900000,41.8775200000),
(2314362,2443186,'Gökçe',null,'gokce','TR',1,37.6017100000,41.1348400000),
(2314364,2304794,'Gökçe',null,'gokce','TR',1,37.2054100000,40.6974800000),
(2314373,2300821,'Gökbudak',null,'gokbudak','TR',1,37.9036700000,42.6486600000),
(2314400,2298332,'Gögeç',null,'gogec','TR',1,36.7419400000,39.2200000000),
(2314529,2749778,'Geyikli',null,'geyikli','TR',1,39.8047200000,26.2075000000),
(2314534,2323776,'Geyikbayırı',null,'geyikbayiri','TR',1,36.8755600000,30.4583300000),
(2314554,2314829,'Gevence',null,'gevence','TR',1,36.9127800000,37.8447200000),
(2314557,2298113,'Gevaş',null,'gevas','TR',1,38.2921000000,43.1018900000),
(2314573,2322819,'Germencik',null,'germencik','TR',1,37.8705600000,27.6028300000),
(2314588,2325329,'Gerger',null,'gerger','TR',1,37.9500000000,39.0166700000),
(2314608,2443186,'Gercüş',null,'gercus','TR',1,37.5624900000,41.3775300000),
(2314648,2321079,'Genç',null,'genc','TR',1,38.7477300000,40.5534300000),
(2314665,2300617,'Gemerek',null,'gemerek','TR',1,39.1834200000,36.0718900000),
(2314677,2304794,'Gelinkaya',null,'gelinkaya','TR',1,37.4168300000,41.2699400000),
(2314698,2311071,'Gelendost',null,'gelendost','TR',1,38.1208300000,31.0152800000),
(2314716,2305267,'Gediz',null,'gediz','TR',1,38.9938900000,29.3913100000),
(2314746,2316540,'Gedikbaşı',null,'gedikbasi','TR',1,37.7388300000,40.9032200000),
(2314752,2304794,'Gedik',null,'gedik','TR',1,37.1411100000,41.8075800000),
(2314770,2443189,'Geçitboyu',null,'gecitboyu','TR',1,37.4924900000,42.5187700000),
(2314777,2443186,'Geçitköy',null,'gecitkoy','TR',1,37.6383300000,41.2586100000),
(2314812,2323776,'Gazipaşa',null,'gazipasa','TR',1,36.2694200000,32.3179200000),
(2314830,2314829,'Gaziantep',null,'gaziantep','TR',1,37.0594400000,37.3825000000),
(2314903,2311044,'Foça',null,'foca','TR',1,38.6703000000,26.7565600000),
(2314923,2323776,'Finike',null,'finike','TR',1,36.2950000000,30.1405600000),
(2314967,2304183,'Fethiye',null,'fethiye','TR',1,36.6403800000,29.1275800000),
(2314996,2308463,'Felahiye',null,'felahiye','TR',1,39.0905600000,35.5672200000),
(2315000,2325361,'Feke',null,'feke','TR',1,37.8144600000,35.9123300000),
(2315061,2749778,'Ezine',null,'ezine','TR',1,39.7856100000,26.3408300000),
(2315081,2304794,'Eymirli',null,'eymirli','TR',1,37.1703000000,40.6868400000),
(2315104,2323776,'Evrenseki',null,'evrenseki','TR',1,36.8386800000,31.3555900000),
(2315115,2304794,'Evkuran',null,'evkuran','TR',1,37.6596200000,40.9641800000),
(2315132,2325302,'Evciler',null,'evciler','TR',1,38.0413900000,29.8866700000),
(2315183,2298298,'Eşme',null,'esme','TR',1,38.3997600000,28.9690500000),
(2315185,2304794,'Eşme',null,'esme','TR',1,37.1556900000,40.6414200000),
(2315202,2315201,'Eskişehir',null,'eskisehir','TR',1,39.7766700000,30.5205600000),
(2315211,2304794,'Eskin',null,'eskin','TR',1,37.2153800000,40.6783000000),
(2315246,2304794,'Eskikale',null,'eskikale','TR',1,37.3061100000,40.7728400000),
(2315252,2306569,'Eskihisar',null,'eskihisar','TR',1,37.3965800000,34.2274000000),
(2315256,2298332,'Eskiharran',null,'eskiharran','TR',1,36.9308300000,39.0600000000),
(2315272,2298332,'Eskice',null,'eskice','TR',1,36.9171200000,38.5186600000),
(2315368,2315367,'Erzurum',null,'erzurum','TR',1,39.9086100000,41.2769400000),
(2315373,2315372,'Erzincan',null,'erzincan','TR',1,39.7391900000,39.4901500000),
(2315377,2304794,'Eryeri',null,'eryeri','TR',1,37.2949600000,40.7454300000),
(2315378,2300821,'Eruh',null,'eruh','TR',1,37.7418300000,42.1742200000),
(2315393,2304794,'Aşağı Azıklı',null,'asagi-azikli','TR',1,37.2458800000,40.6818000000),
(2315401,2443187,'Ermenek',null,'ermenek','TR',1,36.6404300000,32.8917900000),
(2315408,2443186,'Erköklü',null,'erkoklu','TR',1,37.8618200000,41.1441300000),
(2315434,2304794,'Erikli',null,'erikli','TR',1,37.2251500000,40.6062600000),
(2315468,2316540,'Ergani',null,'ergani','TR',1,38.2689900000,39.7544600000),
(2315469,2314829,'Erenyolu',null,'erenyolu','TR',1,36.8731400000,37.9744200000),
(2315498,2306569,'Ereğli',null,'eregli','TR',1,37.5133300000,34.0467200000),
(2315503,2300821,'Erdurağı',null,'erduragi','TR',1,37.9008500000,41.5765700000),
(2315515,2311728,'Erdemli',null,'erdemli','TR',1,36.6049800000,34.3083600000),
(2315519,2443189,'Erdem',null,'erdem','TR',1,37.2069400000,42.0815200000),
(2315530,2298113,'Erciş',null,'ercis','TR',1,39.0258700000,43.3596400000),
(2315617,2306569,'Emirgazi',null,'emirgazi','TR',1,37.9022200000,33.8372200000),
(2315621,2325302,'Emirdağ',null,'emirdag','TR',1,39.0197200000,31.1500000000),
(2315639,2305267,'Emet',null,'emet','TR',1,39.3430000000,29.2584700000),
(2315655,2311728,'Elvanlı',null,'elvanli','TR',1,36.7040100000,34.3737400000),
(2315696,2304794,'Elmalı',null,'elmali','TR',1,37.1446200000,40.7142500000),
(2315697,2323776,'Elmalı',null,'elmali','TR',1,36.7358300000,29.9177500000),
(2315720,2323784,'Elmadağ',null,'elmadag','TR',1,39.9208300000,33.2308300000),
(2315727,2312888,'Elmacık',null,'elmacik','TR',1,37.5507600000,43.4866100000),
(2315744,2314829,'Elifoğlu',null,'elifoglu','TR',1,36.9465400000,37.9889500000),
(2315758,2325163,'Eleşkirt',null,'eleskirt','TR',1,39.7980300000,42.6757400000),
(2315795,2310858,'Elbistan',null,'elbistan','TR',1,38.2059100000,37.1983000000),
(2315798,2304794,'Elbeyli',null,'elbeyli','TR',1,37.1837300000,40.6439500000),
(2315800,2443213,'Elbeyli',null,'elbeyli','TR',1,36.6741700000,37.4666700000),
(2315808,2315807,'Elazığ',null,'elazig','TR',1,38.6743100000,39.2232100000),
(2315828,2300821,'Ekmekçiler',null,'ekmekciler','TR',1,37.8857200000,42.1276700000),
(2315833,2298332,'Ekinyazı',null,'ekinyazi','TR',1,36.7291700000,39.1413900000),
(2315835,2310858,'Ekinözü',null,'ekinozu','TR',1,38.0597400000,37.1878600000),
(2315847,2300821,'Ekindüzü',null,'ekinduzu','TR',1,37.9210800000,42.3549500000),
(2315873,2298332,'Eke',null,'eke','TR',1,36.9150000000,38.9013900000),
(2315905,2311071,'Eğirdir',null,'egirdir','TR',1,37.8746200000,30.8504200000),
(2315945,2304794,'Eğlence',null,'eglence','TR',1,37.3480100000,41.5140700000),
(2315953,2316540,'Eğil',null,'egil','TR',1,38.2574800000,40.0743500000),
(2315985,2322164,'Edremit',null,'edremit','TR',1,39.5961100000,27.0244400000),
(2315991,2298332,'Edebey',null,'edebey','TR',1,36.8338900000,38.6897200000),
(2316027,2316540,'Düzova',null,'duzova','TR',1,37.6322200000,40.5888800000),
(2316028,2443189,'Düzova',null,'duzova','TR',1,37.3541300000,42.0883700000),
(2316030,2304794,'Düzoba',null,'duzoba','TR',1,37.3915700000,41.2728600000),
(2316032,2443186,'Düzmeşe',null,'duzmese','TR',1,37.6038400000,41.4390900000),
(2316033,2304794,'Düzlük',null,'duzluk','TR',1,37.1284900000,40.9834300000),
(2316041,2304794,'Düzgeçit',null,'duzgecit','TR',1,37.4717400000,41.1216000000),
(2316051,2314829,'Düzbayır',null,'duzbayir','TR',1,36.8327800000,37.7336100000),
(2316095,2304794,'Beylik',null,'beylik','TR',1,37.1050200000,41.2606200000),
(2316096,2304794,'Duruca',null,'duruca','TR',1,37.0930900000,41.3098600000),
(2316098,2443189,'Duruköy',null,'durukoy','TR',1,37.2243500000,41.9169200000),
(2316102,2322164,'Dursunbey',null,'dursunbey','TR',1,39.5859600000,28.6256800000),
(2316120,2300821,'Durankaya',null,'durankaya','TR',1,37.9862000000,42.1805200000),
(2316129,2304794,'Duraklı',null,'durakli','TR',1,37.5460600000,40.5154200000),
(2316132,2304794,'Durakbaşı',null,'durakbasi','TR',1,37.1057200000,41.0731800000),
(2316165,2305267,'Dumlupınar',null,'dumlupinar','TR',1,38.8540800000,29.9772000000),
(2316187,2304794,'Dumanlı',null,'dumanli','TR',1,37.3679500000,41.6899900000),
(2316209,2304794,'Düğünyurdu',null,'dugunyurdu','TR',1,37.5101900000,41.8580900000),
(2316245,2304794,'Doyuran',null,'doyuran','TR',1,37.1228000000,40.6376100000),
(2316270,2298332,'Dorumali',null,'dorumali','TR',1,36.8050000000,38.8530600000),
(2316275,2316540,'Doruk',null,'doruk','TR',1,37.7025000000,40.7921900000),
(2316276,2443186,'Doruk',null,'doruk','TR',1,37.5866800000,41.1564100000),
(2316284,2312394,'Dörtyol',null,'doertyol','TR',1,36.8391700000,36.2302500000),
(2316330,2305267,'Domaniç',null,'domanic','TR',1,39.8019400000,29.6091800000),
(2316338,2304794,'Dolunay',null,'dolunay','TR',1,37.4577300000,41.5445800000),
(2316343,2300821,'Doluharman',null,'doluharman','TR',1,37.9855500000,41.9162300000),
(2316366,2298113,'Toyga',null,'toyga','TR',1,38.0050300000,43.0740200000),
(2316411,2325163,'Doğubayazıt',null,'dogubayazit','TR',1,39.5469400000,44.0841700000),
(2316431,2304919,'Doğanyol',null,'doganyol','TR',1,38.3074600000,39.0343100000),
(2316433,2304794,'Doğanyazı',null,'doganyazi','TR',1,37.4124700000,41.5869900000),
(2316440,2304919,'Doğanşehir',null,'dogansehir','TR',1,38.0857400000,37.8711600000),
(2316443,2314829,'Doğanpınar',null,'doganpinar','TR',1,36.8432100000,37.6175900000),
(2316466,2300821,'Doğanköy',null,'dogankoy','TR',1,37.7633400000,42.7892900000),
(2316473,2443186,'Doğankavak',null,'dogankavak','TR',1,37.9626500000,41.2267500000),
(2316475,2306569,'Doğanhisar',null,'doganhisar','TR',1,38.1463000000,31.6764800000),
(2316492,2304794,'Doğançay',null,'dogancay','TR',1,37.3712000000,41.4470600000),
(2316497,2300821,'Doğanca',null,'doganca','TR',1,37.7995500000,42.3309900000),
(2316525,2321122,'Dodurga',null,'dodurga','TR',1,39.7997200000,29.9172200000),
(2316541,2316540,'Diyarbakır',null,'diyarbakir','TR',1,37.9136300000,40.2172100000),
(2316542,2325163,'Diyadin',null,'diyadin','TR',1,39.5405600000,43.6713500000),
(2316544,2300617,'Divriği',null,'divrigi','TR',1,39.3710000000,38.1137000000),
(2316555,2300821,'Dişlinar',null,'dislinar','TR',1,37.9720500000,42.3180000000),
(2316572,2443189,'Dirsekli',null,'dirsekli','TR',1,37.3525100000,41.8675600000),
(2316574,2316540,'Dikenli',null,'dikenli','TR',1,37.9272200000,40.8900000000),
(2316597,2314829,'Direkli',null,'direkli','TR',1,36.9625000000,37.6038900000),
(2316634,2325302,'Dinar',null,'dinar','TR',1,38.0650000000,30.1655700000),
(2316648,2298332,'Dilimli',null,'dilimli','TR',1,36.9341700000,39.3527800000),
(2316681,2316540,'Diktepe',null,'diktepe','TR',1,37.9197400000,41.0611900000),
(2316685,2314829,'Dikmetaş',null,'dikmetas','TR',1,36.8369400000,37.6752800000),
(2316726,2311044,'Dikili',null,'dikili','TR',1,39.0710000000,26.8901700000),
(2316739,2300821,'Dikboğaz',null,'dikbogaz','TR',1,37.6945300000,42.1072500000),
(2316746,2316540,'Dicle',null,'dicle','TR',1,38.3657100000,40.0645000000),
(2316748,2443189,'Dicle',null,'dicle','TR',1,37.2886900000,42.0672100000),
(2316768,2304794,'Dibektaş',null,'dibektas','TR',1,37.1290400000,40.8392900000),
(2316769,2314829,'Dibecik',null,'dibecik','TR',1,36.8166700000,37.6480600000),
(2316795,2308463,'Develi',null,'develi','TR',1,38.3905600000,35.4922200000),
(2316807,2314829,'Devehöyüğü',null,'devehoyugu','TR',1,36.7552700000,37.7334100000),
(2316835,2443186,'Deveboynu',null,'deveboynu','TR',1,37.8658400000,41.3102300000),
(2316859,2316540,'Hasanpınar',null,'hasanpinar','TR',1,37.8935700000,40.9179200000),
(2316877,2303830,'Derinkuyu',null,'derinkuyu','TR',1,38.3751000000,34.7341900000),
(2316909,2304794,'Dereyanı',null,'dereyani','TR',1,37.4274600000,40.8609600000),
(2316910,2300821,'Dereyamaç',null,'dereyamac','TR',1,37.9760100000,42.0078700000),
(2317022,2304794,'Dereiçi',null,'dereici','TR',1,37.5479100000,40.9588400000),
(2317049,2306569,'Derebucak',null,'derebucak','TR',1,37.3917900000,31.5091800000),
(2317095,2306569,'Derbent',null,'derbent','TR',1,38.0142200000,32.0163900000),
(2317109,2317106,'Denizli',null,'denizli','TR',1,37.7741700000,29.0875000000),
(2317133,2443186,'Demiryol',null,'demiryol','TR',1,37.9175100000,41.1498400000),
(2317154,2443186,'Demirlipınar',null,'demirlipinar','TR',1,37.9615100000,41.1759600000),
(2317169,2298332,'Büyüktaş',null,'buyuktas','TR',1,36.7327800000,39.3438900000),
(2317174,2300821,'Demirkuyu',null,'demirkuyu','TR',1,37.9593400000,41.5061700000),
(2317187,2300821,'Demirkaya',null,'demirkaya','TR',1,37.8114800000,41.9209100000),
(2317241,2304825,'Demirci',null,'demirci','TR',1,39.0460700000,28.6588900000),
(2317257,2443186,'Demirbilek',null,'demirbilek','TR',1,37.7846300000,41.2400500000),
(2317273,2306569,'Delimahmutlu',null,'delimahmutlu','TR',1,37.4127100000,34.3580200000),
(2317332,2443188,'Delice',null,'delice','TR',1,39.9537100000,34.0258700000),
(2317367,2443186,'Değirmenüstü',null,'degirmenustu','TR',1,37.8666100000,41.3430400000),
(2317458,2306569,'Dedeli',null,'dedeli','TR',1,37.4198000000,34.2915900000),
(2317496,2325302,'Dazkırı',null,'dazkiri','TR',1,37.9186100000,29.8605600000),
(2317515,2322819,'Davutlar',null,'davutlar','TR',1,37.7339200000,27.2928300000),
(2317543,2304183,'Datça',null,'datca','TR',1,36.7377800000,27.6841700000),
(2317587,2304794,'Dargeçit',null,'dargecit','TR',1,37.5461600000,41.7165200000),
(2317588,2304919,'Darende',null,'darende','TR',1,38.5458300000,37.5058300000),
(2317620,2304794,'Danışman',null,'danisman','TR',1,37.4416000000,41.6563400000),
(2317630,2443186,'Danalı',null,'danali','TR',1,37.8823400000,41.2574900000),
(2317643,2300821,'Damlı',null,'damli','TR',1,37.9960700000,42.0601400000),
(2317681,2304183,'Dalyan',null,'dalyan','TR',1,36.8342900000,28.6446000000),
(2317697,2304794,'Dallıağaç',null,'dalliagac','TR',1,37.2984900000,41.0597400000),
(2317719,2322819,'Dalama',null,'dalama','TR',1,37.7902800000,28.0663900000),
(2317762,2300821,'Serhatta',null,'serhatta','TR',1,37.6627800000,42.1406400000),
(2317765,2443189,'Dağdibi',null,'dagdibi','TR',1,37.3938800000,43.1009400000),
(2317837,2316540,'Çüngüş',null,'cungus','TR',1,38.2079800000,39.2855400000),
(2317844,2306569,'Çumra',null,'cumra','TR',1,37.5732000000,32.7744600000),
(2317851,2311044,'Menderes',null,'menderes','TR',1,38.2496300000,27.1342900000),
(2317883,2304794,'Çukuryurt',null,'cukuryurt','TR',1,37.1389700000,40.9010800000),
(2317953,2312888,'Çukurca',null,'cukurca','TR',1,37.2480600000,43.6136100000),
(2317972,2300821,'Çukurköy',null,'cukurkoy','TR',1,37.9678600000,42.3922400000),
(2318053,2304794,'Anıttepe',null,'anittepe','TR',1,37.4573000000,41.0387400000),
(2318130,2316540,'Gültepe',null,'gultepe','TR',1,37.8507100000,40.8062500000),
(2318132,2304794,'Çölova',null,'colova','TR',1,37.1099500000,41.1032000000),
(2318137,2312888,'Hakkâri',null,'hakkari','TR',1,37.5744400000,43.7408300000),
(2318148,2300821,'Çölköy',null,'colkoy','TR',1,37.8675000000,42.0697200000),
(2318214,2300821,'Çobanören',null,'cobanoren','TR',1,37.9575000000,42.5913900000),
(2318232,2443189,'Çobankazanı',null,'cobankazani','TR',1,37.4863100000,41.9121500000),
(2318253,2443189,'Cizre',null,'cizre','TR',1,37.3302400000,42.1848400000),
(2318256,2300821,'Çizmeli',null,'cizmeli','TR',1,37.8384100000,42.1835300000),
(2318264,2317106,'Çivril',null,'civril','TR',1,38.3013900000,29.7386100000),
(2318332,2323776,'Çıralı',null,'cirali','TR',1,36.4171600000,30.4801700000),
(2318349,2300821,'Cintepe',null,'cintepe','TR',1,37.7356200000,42.1257000000),
(2318372,2322819,'Çine',null,'cine','TR',1,37.6126600000,28.0591200000),
(2318382,2304794,'Çınarönü',null,'cinaronu','TR',1,37.5950700000,40.6840700000),
(2318383,2300821,'Çınarlısu',null,'cinarlisu','TR',1,37.9133300000,42.0038900000),
(2318396,2304794,'Çınaraltı',null,'cinaralti','TR',1,37.3849000000,40.8593800000),
(2318467,2304794,'Çilesiz',null,'cilesiz','TR',1,37.1434400000,41.5427400000),
(2318506,2306569,'Cihanbeyli',null,'cihanbeyli','TR',1,38.6607200000,32.9243700000),
(2318520,2443189,'Çığlıca',null,'ciglica','TR',1,37.6185300000,43.1367900000),
(2318526,2304794,'Çığır',null,'cigir','TR',1,37.1587800000,41.7413200000),
(2318544,2304794,'Çiğdem',null,'cigdem','TR',1,37.1047500000,41.4972100000),
(2318567,2443189,'Çiftlikköyü',null,'ciftlikkoyu','TR',1,37.1802800000,42.4211100000),
(2318585,2304794,'Çiftlikköy',null,'ciftlikkoy','TR',1,37.2861900000,40.7281400000),
(2318588,2314829,'Çiflikköy',null,'ciflikkoy','TR',1,36.8271500000,37.7966000000),
(2318603,2315201,'Çifteler',null,'cifteler','TR',1,39.3830600000,31.0391700000),
(2318668,2298332,'Ceylanpınar',null,'ceylanpinar','TR',1,36.8472200000,40.0500000000),
(2318675,2325361,'Ceyhan',null,'ceyhan','TR',1,37.0247200000,35.8175000000),
(2318679,2443186,'Çevrimova',null,'cevrimova','TR',1,37.8400300000,41.2728800000),
(2318695,2304794,'Cevizlik',null,'cevizlik','TR',1,37.3860800000,40.5689600000),
(2318737,2304794,'Çetinler',null,'cetinler','TR',1,37.1397200000,40.6825400000),
(2318755,2311044,'Çeşme',null,'cesme','TR',1,38.3261400000,26.3057400000),
(2318766,2316540,'Çermik',null,'cermik','TR',1,38.1353800000,39.4450000000),
(2318835,2298332,'Çengelli',null,'cengelli','TR',1,36.8783300000,38.4852800000),
(2318848,2443189,'Dağaltı',null,'dagalti','TR',1,37.5884300000,43.1646600000),
(2318883,2443186,'Çeltikbaşı',null,'celtikbasi','TR',1,37.7437900000,41.7341000000),
(2318904,2325329,'Çelikhan',null,'celikhan','TR',1,38.0256000000,38.2366500000),
(2319011,2311044,'Çaylı',null,'cayli','TR',1,38.1533000000,28.1440600000),
(2319069,2296560,'Çayıralan',null,'cayiralan','TR',1,39.3027800000,35.6438900000),
(2319091,2314829,'Çaybeyi',null,'caybeyi','TR',1,36.7913600000,37.5823800000),
(2319104,2325302,'Çay',null,'cay','TR',1,38.5916700000,31.0286100000),
(2319118,2304794,'Çavuşlu',null,'cavuslu','TR',1,37.5017900000,41.2487700000),
(2319128,2443189,'Çavuşköy',null,'cavuskoy','TR',1,37.2821800000,42.1518000000),
(2319222,2300821,'Çatılı',null,'catili','TR',1,37.9729500000,42.0291700000),
(2319248,2316540,'Çataltarla',null,'cataltarla','TR',1,37.7309400000,40.6313700000),
(2319255,2304794,'Çatalözü',null,'catalozu','TR',1,37.0972200000,41.2145200000),
(2319277,2298332,'Çatalhurma',null,'catalhurma','TR',1,36.8400000000,38.9386100000),
(2319298,2304794,'Çatalçam',null,'catalcam','TR',1,37.5622900000,41.6085900000),
(2319299,2314829,'Çatalçam',null,'catalcam','TR',1,36.7828300000,37.7025000000),
(2319303,2314829,'Çatalca',null,'catalca','TR',1,36.9019400000,37.6933300000),
(2319309,2304794,'Çatalan',null,'catalan','TR',1,37.5043600000,41.5680800000),
(2319402,2443186,'Çardaklı',null,'cardakli','TR',1,37.6834900000,41.3350100000),
(2319460,2443213,'Çankallı',null,'cankalli','TR',1,36.7127800000,37.5538900000),
(2319466,2304794,'Çandırlı',null,'candirli','TR',1,37.3469800000,41.5600500000),
(2319487,2311044,'Çandarlı',null,'candarli','TR',1,38.9350300000,26.9340000000),
(2319527,2304794,'Çamyurt',null,'camyurt','TR',1,37.4130000000,41.1111100000),
(2319670,2311071,'Anamas',null,'anamas','TR',1,37.7666700000,30.8000000000),
(2319761,2304794,'Çalpınar',null,'calpinar','TR',1,37.3654200000,41.1857600000),
(2319783,2304794,'Çalışlı',null,'calisli','TR',1,37.1610200000,40.7707200000),
(2319787,2443189,'Çalışkan',null,'caliskan','TR',1,37.2975100000,42.6422600000),
(2319863,2314829,'Çakmaktepe',null,'cakmaktepe','TR',1,36.9341700000,37.7772200000),
(2319949,2316540,'Çakıllı',null,'cakilli','TR',1,37.8864700000,40.8595200000),
(2319950,2443186,'Çakıllı',null,'cakilli','TR',1,37.8129600000,41.5780500000),
(2319952,2306569,'Çakıllar',null,'cakillar','TR',1,37.4018000000,34.2996600000),
(2319965,2316540,'Çakallı',null,'cakalli','TR',1,37.9447000000,40.5591500000),
(2320004,2310858,'Çağlayancerit',null,'caglayancerit','TR',1,37.7452300000,37.2861800000),
(2320152,2298332,'Büyük Naneli',null,'buyuk-naneli','TR',1,36.8272200000,38.6261100000),
(2320177,2317106,'Nikfer',null,'nikfer','TR',1,37.4054200000,29.1372700000),
(2320201,2304794,'Büyük Kardeş',null,'buyuk-kardes','TR',1,37.2730400000,41.0336400000),
(2320206,2314829,'Büyükkaracaören',null,'buyukkaracaoren','TR',1,36.7641700000,37.5436100000),
(2320240,2298332,'Büyükdüzlük',null,'buyukduzluk','TR',1,36.9497200000,39.1275000000),
(2320248,2443186,'Büyükdere',null,'buyukdere','TR',1,37.6741800000,41.5411800000),
(2320283,2300821,'Bozatlı',null,'bozatli','TR',1,37.7038700000,42.0439600000),
(2320295,2323776,'Büyükbelkis',null,'buyukbelkis','TR',1,36.9446500000,31.1667900000),
(2320369,2322164,'Burhaniye',null,'burhaniye','TR',1,39.5004100000,26.9726900000),
(2320374,2322819,'Buharkent',null,'buharkent','TR',1,37.9639700000,28.7427000000),
(2320392,2320390,'Burdur',null,'burdur','TR',1,37.7202800000,30.2908300000),
(2320406,2308463,'Bünyan',null,'bunyan','TR',1,38.8463000000,35.8603300000),
(2320437,2317106,'Buldan',null,'buldan','TR',1,38.0450000000,28.8305600000),
(2320441,2304794,'Bülbül',null,'bulbul','TR',1,37.3148100000,40.8389300000),
(2320448,2304041,'Bulanık',null,'bulanik','TR',1,39.0865600000,42.2715800000),
(2320461,2443189,'Bulakbaşı',null,'bulakbasi','TR',1,37.4258200000,42.9063500000),
(2320494,2443189,'Buğdaylı',null,'bugdayli','TR',1,37.6855600000,43.2302800000),
(2320495,2443189,'Buğdaylı',null,'bugdayli','TR',1,37.1685100000,42.4065200000),
(2320506,2304794,'Budaklı',null,'budakli','TR',1,37.3782300000,41.3482800000),
(2320533,2320390,'Bucak',null,'bucak','TR',1,37.4591700000,30.5950000000),
(2320551,2298332,'Bozyazı',null,'bozyazi','TR',1,36.8652800000,39.0847200000),
(2320552,2311728,'Bozyazı',null,'bozyazi','TR',1,36.1082000000,32.9611300000),
(2320557,2321122,'Bozüyük',null,'bozuyuk','TR',1,39.9077800000,30.0366700000),
(2320566,2304794,'Boztepe',null,'boztepe','TR',1,37.1837500000,40.7186900000),
(2320568,2298332,'Boztepe',null,'boztepe','TR',1,36.9761900000,38.4830000000),
(2320581,2298332,'Bozova',null,'bozova','TR',1,37.3625000000,38.5266700000),
(2320606,2317106,'Bozkurt',null,'bozkurt','TR',1,37.8241700000,29.6097200000),
(2320620,2304794,'Bozkır',null,'bozkir','TR',1,37.3639400000,41.6232300000),
(2320621,2306569,'Bozkır',null,'bozkir','TR',1,37.1896300000,32.2473600000),
(2320635,2300821,'Bozhüyük',null,'bozhuyuk','TR',1,37.9810000000,41.4132800000),
(2320647,2322819,'Bozdoğan',null,'bozdogan','TR',1,37.6713400000,28.3139500000),
(2320700,2749778,'Bozcaada',null,'bozcaada','TR',1,39.8350000000,26.0697200000),
(2320715,2443189,'Bozburun',null,'bozburun','TR',1,37.2832300000,41.7670900000),
(2320730,2304183,'Bozarmut',null,'bozarmut','TR',1,37.3091700000,28.1697200000),
(2320734,2315201,'Bozan',null,'bozan','TR',1,39.7880600000,31.1016700000),
(2320740,2314829,'Boz Alioğlu',null,'boz-alioglu','TR',1,36.9621600000,37.8621600000),
(2320745,2443189,'Bozalan',null,'bozalan','TR',1,37.3287400000,42.2636600000),
(2320754,2443189,'Boyuncuk',null,'boyuncuk','TR',1,37.4254200000,41.9088100000),
(2320768,2298332,'Boybeyi',null,'boybeyi','TR',1,36.8972200000,38.7125000000),
(2320829,2300821,'Bostancık',null,'bostancik','TR',1,37.8249100000,41.8478700000),
(2320835,2443189,'Bostancı',null,'bostanci','TR',1,37.1777800000,42.3290600000),
(2320840,2304794,'Bostanlı',null,'bostanli','TR',1,37.4330000000,41.7974600000),
(2320871,2303826,'Bor',null,'bor','TR',1,37.8905600000,34.5588900000),
(2320879,2325302,'Bolvadin',null,'bolvadin','TR',1,38.7111100000,31.0486100000),
(2320902,2298298,'Bölme',null,'bolme','TR',1,38.6207600000,29.3737300000),
(2320913,2298332,'Bolatlar',null,'bolatlar','TR',1,36.7673700000,38.9462200000),
(2320917,2443189,'Bolağaç',null,'bolagac','TR',1,37.4988100000,43.0380800000),
(2320942,2443189,'Boğazören',null,'bogazoren','TR',1,37.5277500000,43.0077800000),
(2320962,2443186,'Boğazköy',null,'bogazkoy','TR',1,37.6440500000,41.3059300000),
(2320986,2323776,'Boğazkent',null,'bogazkent','TR',1,36.8531900000,31.1638800000),
(2320995,2304183,'Bodrum',null,'bodrum','TR',1,37.0383300000,27.4291700000),
(2321025,2321022,'Bitlis',null,'bitlis','TR',1,38.4011500000,42.1078400000),
(2321031,2316540,'Bismil',null,'bismil','TR',1,37.8451400000,40.6593100000),
(2321062,2298332,'Birecik',null,'birecik','TR',1,37.0257700000,37.9784100000),
(2321075,2443186,'Çukuryurt',null,'cukuryurt','TR',1,37.5894200000,41.4829600000),
(2321082,2321079,'Bingöl',null,'bingol','TR',1,38.8847200000,40.4938900000),
(2321088,2443186,'Binatlı',null,'binatli','TR',1,37.8470800000,41.2160800000),
(2321089,2298332,'Binatlı',null,'binatli','TR',1,36.9339500000,38.3823500000),
(2321107,2300821,'Bilgili',null,'bilgili','TR',1,37.7948800000,42.2720300000),
(2321120,2443186,'Bilek',null,'bilek','TR',1,37.9894200000,41.2605200000),
(2321125,2298332,'Bilece',null,'bilece','TR',1,36.7064000000,38.8292400000),
(2321136,2322164,'Bigadiç',null,'bigadic','TR',1,39.3925000000,28.1311100000),
(2321184,2443189,'Beytüşşebap',null,'beytussebap','TR',1,37.5631800000,43.1658300000),
(2321191,2306569,'Beyşehir',null,'beysehir','TR',1,37.6773500000,31.7245800000),
(2321219,2315201,'Beylikova',null,'beylikova','TR',1,39.6869400000,31.2055600000),
(2321253,2300821,'Beykent',null,'beykent','TR',1,37.8831400000,41.6868600000),
(2321327,2443186,'Beşpınar',null,'bespinar','TR',1,37.8370900000,41.6021900000),
(2321337,2325329,'Besni',null,'besni','TR',1,37.6927800000,37.8611100000),
(2321348,2314829,'Beşkılıç',null,'beskilic','TR',1,36.7697200000,37.8038900000),
(2321360,2443186,'Beşiri',null,'besiri','TR',1,37.9157300000,41.2865000000),
(2321405,2304794,'Başağaç',null,'basagac','TR',1,37.6185100000,41.0115800000),
(2321426,2311044,'Bergama',null,'bergama','TR',1,39.1207400000,27.1805200000),
(2321437,2443189,'Bereketli',null,'bereketli','TR',1,37.3837000000,41.8192500000),
(2321463,2300821,'Bentköy',null,'bentkoy','TR',1,37.9386100000,42.7444400000),
(2321473,2304794,'Bengisu',null,'bengisu','TR',1,37.5025500000,41.1055500000),
(2321513,2316540,'Belli',null,'belli','TR',1,37.9119000000,40.8185800000),
(2321529,2311044,'Belevi',null,'belevi','TR',1,38.0150000000,27.4502800000),
(2321542,2300821,'Belenoluk',null,'belenoluk','TR',1,37.9153700000,42.7769000000),
(2321544,2316540,'Belenli',null,'belenli','TR',1,37.7796300000,40.5124500000),
(2321572,2312394,'Belen',null,'belen','TR',1,36.4886600000,36.1948900000),
(2321580,2323776,'Belek',null,'belek','TR',1,36.8627800000,31.0555600000),
(2321584,2323776,'Beldibi',null,'beldibi','TR',1,36.7192100000,30.5637900000),
(2321637,2317106,'Bekilli',null,'bekilli','TR',1,38.2310500000,29.4197000000),
(2321658,2749778,'Behram',null,'behram','TR',1,39.4934400000,26.3331600000),
(2321673,2321022,'Beğendik',null,'begendik','TR',1,37.9755700000,42.6482300000),
(2321749,2298332,'Baykuş',null,'baykus','TR',1,36.9308700000,38.9129400000),
(2321750,2300821,'Baykan',null,'baykan','TR',1,38.1575400000,41.7733000000),
(2321752,2300821,'Bayıryüzü',null,'bayiryuzu','TR',1,37.7827600000,42.1426000000),
(2321772,2304183,'Bayır',null,'bayir','TR',1,37.2677400000,28.2167700000),
(2321786,2311044,'Bayındır',null,'bayindir','TR',1,38.2174100000,27.6474400000),
(2321788,2316540,'Bayındır',null,'bayindir','TR',1,37.7643600000,40.8622400000),
(2321814,2325302,'Bayat',null,'bayat','TR',1,38.9830600000,30.9247200000),
(2321836,2443186,'Batman',null,'batman','TR',1,37.8873800000,41.1322100000),
(2321851,2304794,'Başyurt',null,'basyurt','TR',1,37.4280500000,41.6431200000),
(2321852,2443186,'Taşçı',null,'tasci','TR',1,37.5750800000,41.1870900000),
(2321868,2443186,'Başova',null,'basova','TR',1,37.5894600000,41.4186300000),
(2321879,2316540,'Başören',null,'basoren','TR',1,37.7639200000,40.7436100000),
(2321887,2325302,'Başmakçı',null,'basmakci','TR',1,37.8972200000,30.0116700000),
(2321919,2316540,'Başköy',null,'baskoy','TR',1,37.9888400000,40.9046600000),
(2321929,2315807,'Baskil',null,'baskil','TR',1,38.5686600000,38.8163400000),
(2321935,2304794,'Başkavak',null,'baskavak','TR',1,37.5646800000,40.8875700000),
(2321940,2298113,'Başkale',null,'baskale','TR',1,38.0452600000,44.0171800000),
(2321953,2316540,'Başhan',null,'bashan','TR',1,37.6985700000,40.9124300000),
(2321979,2443186,'Başarı',null,'basari','TR',1,37.8023800000,41.5461500000),
(2321984,2443186,'Başarköy',null,'basarkoy','TR',1,37.6239600000,41.4185000000),
(2322002,2304794,'Barıştepe',null,'baristepe','TR',1,37.4832000000,41.4025100000),
(2322018,2304794,'Bardakçı',null,'bardakci','TR',1,37.4873500000,41.4338500000),
(2322051,2298298,'Banaz',null,'banaz','TR',1,38.7370700000,29.7519400000),
(2322060,2322164,'Balya',null,'balya','TR',1,39.7486100000,27.5788900000),
(2322076,2443186,'Balpınar',null,'balpinar','TR',1,37.8680400000,41.0553600000),
(2322130,2298332,'Balkat',null,'balkat','TR',1,36.8681900000,38.9930900000),
(2322137,2443188,'Balışeyh',null,'baliseyh','TR',1,39.9141100000,33.7233300000),
(2322165,2322164,'Balıkesir',null,'balikesir','TR',1,39.6491700000,27.8861100000),
(2322239,2304794,'Balaban',null,'balaban','TR',1,37.1275000000,41.5116700000),
(2322250,2317106,'Baklan',null,'baklan','TR',1,37.9769400000,29.6086100000),
(2322261,2300821,'Akçalı',null,'akcali','TR',1,37.9386500000,41.7634400000),
(2322297,2316540,'Bakacak',null,'bakacak','TR',1,37.8846900000,40.5927500000),
(2322324,2298113,'Bahçesaray',null,'bahcesaray','TR',1,38.1246000000,42.7982500000),
(2322380,2304794,'Bahçebaşı',null,'bahcebasi','TR',1,37.1137300000,41.2342000000),
(2322391,2325361,'Bahçe',null,'bahce','TR',1,37.1972400000,36.5765800000),
(2322398,2316540,'Baharlı',null,'baharli','TR',1,37.9813100000,40.5717700000),
(2322460,2443186,'Bağlıca',null,'baglica','TR',1,37.6264900000,41.1600700000),
(2322461,2304794,'Bağlıca',null,'baglica','TR',1,37.5270500000,40.6861800000),
(2322462,2443189,'Bağlıca',null,'baglica','TR',1,37.4333300000,42.7741700000),
(2322471,2304794,'Bağlarbaşı',null,'baglarbasi','TR',1,37.4548800000,41.4584200000),
(2322508,2300821,'Bağgöze',null,'baggoeze','TR',1,37.7126100000,41.9154000000),
(2322559,2311044,'Bademli',null,'bademli','TR',1,38.0816700000,28.0577800000),
(2322592,2304794,'Cevizpınarı',null,'cevizpinari','TR',1,37.3695700000,40.7814000000),
(2322618,2317106,'Babadağ',null,'babadag','TR',1,37.8076400000,28.8566500000),
(2322663,2314829,'Ayyıldız',null,'ayyildiz','TR',1,36.7925000000,37.7669400000),
(2322673,2322164,'Ayvalık',null,'ayvalik','TR',1,39.3192700000,26.6934100000),
(2322678,2300821,'Ayvalıbağ',null,'ayvalibag','TR',1,37.9570700000,42.4794800000),
(2322692,2749778,'Ayvacık',null,'ayvacik','TR',1,39.6011100000,26.4047200000),
(2322744,2304794,'Aykutköy',null,'aykutkoy','TR',1,37.5157400000,40.6411000000),
(2322752,2300821,'Ağaçlıpınar',null,'agaclipinar','TR',1,37.8944100000,41.7054400000),
(2322810,2300821,'Tillo',null,'tillo','TR',1,37.9491100000,42.0121000000),
(2322813,2443186,'Aydınkonak',null,'aydinkonak','TR',1,37.8946100000,41.1640500000),
(2322816,2306569,'Aydınkent',null,'aydinkent','TR',1,37.4103100000,34.1749200000),
(2322817,2323776,'İbradı',null,'ibradi','TR',1,37.0969400000,31.5991700000),
(2322818,2314829,'Aydınkaya',null,'aydinkaya','TR',1,36.8333300000,37.5261100000),
(2322826,2311728,'Aydıncık',null,'aydincik','TR',1,36.1437000000,33.3201600000),
(2322830,2322819,'Aydın',null,'aydin','TR',1,37.8450100000,27.8396300000),
(2322832,2300821,'Aydemir',null,'aydemir','TR',1,37.8093400000,41.7510800000),
(2322887,2323776,'Avsallar',null,'avsallar','TR',1,36.6244800000,31.7694100000),
(2322965,2303830,'Avanos',null,'avanos','TR',1,38.7150000000,34.8466700000),
(2322975,2298332,'Banarlı',null,'banarli','TR',1,36.9405600000,39.1033300000),
(2322996,2304794,'Atlıca',null,'atlica','TR',1,37.4450500000,40.6020100000),
(2323014,2322819,'Atça',null,'atca','TR',1,37.8885900000,28.2152800000),
(2323019,2443186,'Atbağı',null,'atbagi','TR',1,37.8366700000,41.3427800000),
(2323032,2304794,'Ataköy',null,'atakoy','TR',1,37.1184100000,40.7063100000),
(2323039,2311071,'Atabey',null,'atabey','TR',1,37.9508300000,30.6386100000),
(2323059,2443186,'Asmadere',null,'asmadere','TR',1,37.9104600000,41.3683700000),
(2323062,2314829,'Asmacık',null,'asmacik','TR',1,36.7618200000,37.6298100000),
(2323082,2305267,'Aslanapa',null,'aslanapa','TR',1,39.2158100000,29.8699000000),
(2323094,2315367,'Aşkale',null,'askale','TR',1,39.9208300000,40.6950000000),
(2323179,2298332,'Küçükova',null,'kucukova','TR',1,36.9524900000,38.3061000000),
(2323225,2298332,'Aşağı Oylum',null,'asagi-oylum','TR',1,36.8639100000,38.5448500000),
(2323232,2304794,'Aşağı Ocak',null,'asagi-ocak','TR',1,37.5465900000,40.6070400000),
(2323345,2298332,'Aşağı Hemedan',null,'asagi-hemedan','TR',1,36.9469900000,38.6774800000),
(2323395,2316540,'Aşağı Dolay',null,'asagi-dolay','TR',1,37.8897200000,40.7136100000),
(2323402,2298332,'Aşağıderen',null,'asagideren','TR',1,36.7647200000,39.0236100000),
(2323404,2443189,'Aşağıdere',null,'asagidere','TR',1,37.5132000000,43.1196700000),
(2323424,2298332,'Aşağı Çinpolat',null,'asagi-cinpolat','TR',1,36.8808300000,38.8519400000),
(2323453,2443213,'Aşağıbeylerbeyi',null,'asagibeylerbeyi','TR',1,36.6950000000,37.5212200000),
(2323457,2298332,'Aşağı Beğdeş',null,'asagi-begdes','TR',1,36.8147200000,38.9191700000),
(2323462,2300821,'Aşağıbalcılar',null,'asagibalcilar','TR',1,37.9275000000,42.5972200000),
(2323513,2298332,'Arslanlı',null,'arslanli','TR',1,36.9873700000,38.1012500000),
(2323515,2314829,'Arslanlı',null,'arslanli','TR',1,36.7558300000,37.5102800000),
(2323534,2304794,'Arpatepe',null,'arpatepe','TR',1,37.1382900000,40.7973900000),
(2323602,2304794,'Armutalan',null,'armutalan','TR',1,37.6416700000,41.0420500000),
(2323629,2304794,'Arıköy',null,'arikoy','TR',1,37.4438600000,40.5201600000),
(2323653,2315807,'Arıcak',null,'aricak','TR',1,38.5634000000,40.1248000000),
(2323656,2443186,'Arıca',null,'arica','TR',1,37.5096200000,41.4448100000),
(2323660,2304919,'Arguvan',null,'arguvan','TR',1,38.7737500000,38.2632800000),
(2323721,2304919,'Arapgir',null,'arapgir','TR',1,39.0411700000,38.4951600000),
(2323733,2304794,'Aran',null,'aran','TR',1,37.4476800000,40.7475500000),
(2323736,2316540,'Aralık',null,'aralik','TR',1,37.8294500000,40.6802500000),
(2323739,2443189,'Araköy',null,'arakoy','TR',1,37.4833800000,42.5318200000),
(2323740,2304794,'Araköy',null,'arakoy','TR',1,37.2048000000,40.5299900000),
(2323750,2314829,'Araban',null,'araban','TR',1,37.4266700000,37.6890000000),
(2323777,2323776,'Antalya',null,'antalya','TR',1,36.9081200000,30.6955600000),
(2323779,2312394,'Antakya',null,'antakya','TR',1,36.2065500000,36.1572200000),
(2323786,2323784,'Ankara',null,'ankara','TR',1,39.9198700000,32.8542700000),
(2323788,2304794,'Anıtlı',null,'anitli','TR',1,37.4768200000,41.6106900000),
(2323797,2310858,'Andırın',null,'andirin','TR',1,37.5775700000,36.3549200000),
(2323806,2443189,'Andaç',null,'andac','TR',1,37.3550000000,43.2639500000),
(2323828,2311728,'Anamur',null,'anamur','TR',1,36.0750800000,32.8369100000),
(2323839,2298332,'Maden',null,'maden','TR',1,36.8888900000,40.1197200000),
(2323854,2316540,'Ambar',null,'ambar','TR',1,37.8530500000,40.5279800000),
(2323856,2304794,'Ambar',null,'ambar','TR',1,37.1534700000,40.9472300000),
(2323876,2316540,'Aluç',null,'aluc','TR',1,37.8282100000,40.8415400000),
(2323886,2300617,'Altınyayla',null,'altinyayla','TR',1,39.2724900000,36.7509800000),
(2323887,2320390,'Altınyayla',null,'altinyayla','TR',1,36.9972200000,29.5457900000),
(2323890,2304794,'Altıntoprak',null,'altintoprak','TR',1,37.1121100000,40.6039100000),
(2323899,2304794,'Altıntaş',null,'altintas','TR',1,37.4433800000,41.5285200000),
(2323906,2312394,'Altınözü',null,'altinoezue','TR',1,36.1155400000,36.2482700000),
(2323911,2322164,'Altınoluk',null,'altinoluk','TR',1,39.5794400000,26.7372200000),
(2323921,2316540,'Altınkum',null,'altinkum','TR',1,38.2637400000,41.0625000000),
(2323927,2303826,'Altunhisar',null,'altunhisar','TR',1,37.9915900000,34.3733400000),
(2323930,2306569,'Altınekin',null,'altinekin','TR',1,38.3077800000,32.8686100000),
(2323948,2298332,'Altınbaşak',null,'altinbasak','TR',1,36.9563900000,38.7694400000),
(2323963,2315201,'Alpu',null,'alpu','TR',1,39.7690300000,30.9606000000),
(2324078,2316540,'Boyacı',null,'boyaci','TR',1,37.9699100000,41.0252800000),
(2324106,2311044,'Aliağa',null,'aliaga','TR',1,38.7997500000,26.9720300000),
(2324144,2304794,'Alayunt',null,'alayunt','TR',1,37.5633300000,41.6572200000),
(2324172,2304825,'Alaşehir',null,'alasehir','TR',1,38.3508300000,28.5171800000),
(2324185,2298332,'Alanyurt',null,'alanyurt','TR',1,36.8969500000,38.4173800000),
(2324190,2323776,'Alanya',null,'alanya','TR',1,36.5437500000,31.9998200000),
(2324228,2304794,'Alakuş',null,'alakus','TR',1,37.1495500000,40.8698400000),
(2324251,2304794,'Alakamış',null,'alakamis','TR',1,37.1589800000,41.7891500000),
(2324273,2314829,'Alagöz',null,'alagoz','TR',1,36.7933500000,37.8328200000),
(2324294,2311044,'Alaçatı',null,'alacati','TR',1,38.2824600000,26.3745900000),
(2324312,2298332,'Alacalı',null,'alacali','TR',1,36.9258300000,39.1205600000),
(2324315,2298845,'Turluk',null,'turluk','TR',1,39.4403400000,39.8777300000),
(2324368,2304794,'Akyazı',null,'akyazi','TR',1,37.1619900000,40.5657500000),
(2324384,2443186,'Akyar',null,'akyar','TR',1,37.6478100000,41.4521600000),
(2324418,2316540,'Aktepe',null,'aktepe','TR',1,37.7222100000,40.5705200000),
(2324448,2300821,'Aktaş',null,'aktas','TR',1,37.9537400000,41.8067400000),
(2324470,2311071,'Aksu',null,'aksu','TR',1,37.7988900000,31.0711100000),
(2324472,2443186,'Aksu',null,'aksu','TR',1,37.6629200000,41.3608400000),
(2324474,2304794,'Aksu',null,'aksu','TR',1,37.5418200000,40.5518400000),
(2324477,2304794,'Aksoy',null,'aksoy','TR',1,37.2260800000,41.6725300000),
(2324486,2323776,'Akseki',null,'akseki','TR',1,37.0486100000,31.7900000000),
(2324490,2306569,'Akşehir',null,'aksehir','TR',1,38.3575000000,31.4163900000),
(2324496,2443185,'Aksaray',null,'aksaray','TR',1,38.3725500000,34.0253700000),
(2324590,2316540,'Akoba',null,'akoba','TR',1,37.9434000000,41.0556300000),
(2324613,2314829,'Akkuyu',null,'akkuyu','TR',1,36.8983200000,37.7509300000),
(2324621,2304794,'Akkoyunlu',null,'akkoyunlu','TR',1,37.3314200000,41.6803300000),
(2324630,2317106,'Akköy',null,'akkoy','TR',1,37.9569400000,29.0781300000),
(2324631,2316540,'Akköy',null,'akkoy','TR',1,37.7520900000,40.9262200000),
(2324643,2308463,'Akkışla',null,'akkisla','TR',1,39.0022200000,36.1738100000),
(2324651,2317106,'Akkent',null,'akkent','TR',1,38.1526800000,29.3789000000),
(2324666,2312888,'Akkaya',null,'akkaya','TR',1,37.3469900000,43.4635500000),
(2324698,2304825,'Akhisar',null,'akhisar','TR',1,38.9185200000,27.8400600000),
(2324735,2443189,'Akdizgin',null,'akdizgin','TR',1,37.4358000000,41.9616400000),
(2324750,2311728,'Akdere',null,'akdere','TR',1,36.2408300000,33.7504100000),
(2324768,2296560,'Akdağmadeni',null,'akdagmadeni','TR',1,39.6602800000,35.8836100000),
(2324899,2304794,'Akçakuşak',null,'akcakusak','TR',1,37.5031300000,41.8848400000),
(2324944,2298332,'Akçakale',null,'akcakale','TR',1,36.7111100000,38.9475000000),
(2324953,2304919,'Akçadağ',null,'akcadag','TR',1,38.3389900000,37.9702100000),
(2324976,2443186,'Akça',null,'akca','TR',1,37.8542400000,41.1827600000),
(2324984,2443186,'Akburç',null,'akburc','TR',1,37.5522900000,41.4265800000),
(2324989,2298332,'Akbulut',null,'akbulut','TR',1,36.9805600000,40.0577800000),
(2325013,2316540,'Akbaş',null,'akbas','TR',1,37.9770900000,41.0589700000),
(2325018,2304794,'Akbağ',null,'akbag','TR',1,37.3693200000,40.6237300000),
(2325028,2304794,'Akarsu',null,'akarsu','TR',1,37.2261600000,41.0513800000),
(2325031,2298332,'Akarçay',null,'akarcay','TR',1,36.9191700000,38.0269400000),
(2325043,2443186,'Akalın',null,'akalin','TR',1,37.6945800000,41.5560100000),
(2325045,2304794,'Akalın',null,'akalin','TR',1,37.1522600000,40.6165300000),
(2325052,2304794,'Akağıl',null,'akagil','TR',1,37.1272000000,41.1600800000),
(2325066,2304825,'Ahmetli',null,'ahmetli','TR',1,38.5196000000,27.9386500000),
(2325103,2321022,'Ahlat',null,'ahlat','TR',1,38.7489000000,42.4800700000),
(2325171,2320390,'Ağlasun',null,'aglasun','TR',1,37.6494400000,30.5341700000),
(2325183,2315807,'Ağın',null,'agin','TR',1,38.9379200000,38.7115500000),
(2325269,2443185,'Ağaçören',null,'agacoren','TR',1,38.8748400000,33.9167400000),
(2325303,2325302,'Afyonkarahisar',null,'afyonkarahisar','TR',1,38.7566700000,30.5433300000),
(2325304,2310858,'Afşin',null,'afsin','TR',1,38.2476900000,36.9139900000),
(2325330,2325329,'Adıyaman',null,'adiyaman','TR',1,37.7644100000,38.2762900000),
(2325336,2321022,'Adilcevaz',null,'adilcevaz','TR',1,38.7991100000,42.7315900000),
(2325363,2325361,'Adana',null,'adana','TR',1,36.9861500000,35.3253100000),
(2325420,2304794,'Acırlı',null,'acirli','TR',1,37.4554900000,41.2949900000),
(2325426,2317106,'Acıpayam',null,'acipayam','TR',1,37.4238500000,29.3494100000),
(2325445,2304794,'Açıkköy',null,'acikkoy','TR',1,37.1665200000,41.1347800000),
(2325449,2303830,'Acıgöl',null,'acigoel','TR',1,38.5502800000,34.5091700000),
(2325474,2322819,'Acarlar',null,'acarlar','TR',1,37.8244400000,27.7466700000),
(2392047,2443189,'Ovaköy',null,'ovakoy','TR',1,37.1266400000,42.4209000000),
(2392048,2443189,'Aktepe',null,'aktepe','TR',1,37.1618500000,42.5272000000),
(2392049,2443189,'Özgen',null,'ozgen','TR',1,37.2365700000,42.5261300000),
(2392050,2443189,'Birlikköy',null,'birlikkoy','TR',1,37.2456100000,42.5204300000),
(2392051,2443189,'Çardaklı',null,'cardakli','TR',1,37.2309800000,42.5840900000),
(2392059,2443189,'Ballı',null,'balli','TR',1,37.4133300000,42.8394400000),
(2392066,2443189,'Yemişli',null,'yemisli','TR',1,37.3671000000,43.0771700000),
(2392071,2312888,'Gündeş',null,'gundes','TR',1,37.3071600000,43.4541000000),
(2408511,2443189,'Gürsu',null,'gursu','TR',1,37.2750000000,42.1333300000),
(2408523,2443189,'Yuvalı',null,'yuvali','TR',1,37.3864100000,42.0739300000),
(2408526,2443189,'Kayaboyun',null,'kayaboyun','TR',1,37.4736400000,42.1030400000),
(2408527,2443189,'Dirsekli',null,'dirsekli','TR',1,37.3824500000,42.2041600000),
(2408534,2443189,'Atbaşı',null,'atbasi','TR',1,37.4637800000,42.2186000000),
(2408548,2443189,'İkizce',null,'ikizce','TR',1,37.4615400000,42.3447100000),
(2415534,2314829,'Nurdağı',null,'nurdagi','TR',1,37.1682100000,36.7362300000),
(2435948,2314829,'Kavunluk',null,'kavunluk','TR',1,36.9275000000,37.5652800000),
(2435977,2314829,'Kuruçay',null,'kurucay','TR',1,36.7436300000,37.5829300000),
(2435982,2443213,'Geçerli',null,'gecerli','TR',1,36.7152800000,37.5208300000),
(2435985,2314829,'Üçdamlar',null,'ucdamlar','TR',1,36.7590000000,37.5773300000),
(2436035,2314829,'Gündoğan',null,'gundogan','TR',1,36.8766700000,37.5469400000),
(2436042,2314829,'Sütlüce',null,'sutluce','TR',1,36.8439300000,37.5469200000),
(2436092,2314829,'Belören',null,'beloren','TR',1,36.8670300000,37.5775900000),
(2436094,2314829,'Balaban',null,'balaban','TR',1,36.8111100000,37.7688900000),
(2436138,2314829,'Yeşildere',null,'yesildere','TR',1,36.9730000000,37.4948800000),
(2436200,2298332,'Aşağı Kuyucak',null,'asagi-kuyucak','TR',1,36.9398300000,38.0644300000),
(2436213,2298332,'İzci',null,'izci','TR',1,36.9660200000,38.2482500000),
(2436295,2298332,'Büyük Ziyaret',null,'buyuk-ziyaret','TR',1,36.9476800000,38.4641200000),
(2436324,2298332,'Küçükkendirci',null,'kucukkendirci','TR',1,36.9058300000,38.3461100000),
(2436326,2298332,'Kaplanköy',null,'kaplankoy','TR',1,36.9583300000,38.5872200000),
(2436359,2298332,'Atlıkonak',null,'atlikonak','TR',1,36.9224500000,38.7795100000),
(2436370,2298332,'Dibek',null,'dibek','TR',1,36.9171000000,38.8711100000),
(2436371,2298332,'Karatepe',null,'karatepe','TR',1,36.8986000000,38.8801900000),
(2436378,2298332,'Köseören',null,'koseoren','TR',1,36.8286700000,38.8432200000),
(2436396,2298332,'Karaman',null,'karaman','TR',1,36.9765800000,38.9677200000),
(2436411,2298332,'Aşağı Yarımca',null,'asagi-yarimca','TR',1,36.8930600000,38.9680600000),
(2436412,2298332,'Kökenli',null,'kokenli','TR',1,36.8766700000,38.9350000000),
(2436415,2298332,'Buldum',null,'buldum','TR',1,36.8804400000,38.9960300000),
(2436418,2298332,'Tahılalan',null,'tahilalan','TR',1,36.8541400000,38.9727700000),
(2436428,2298332,'Akbilek',null,'akbilek','TR',1,36.7927000000,38.9723600000),
(2436438,2298332,'Salihler',null,'salihler','TR',1,36.7286100000,38.8763900000),
(2436507,2312394,'Mahmutlar',null,'mahmutlar','TR',1,36.9490000000,36.1923100000),
(2436657,2312394,'Kuyuluk',null,'kuyuluk','TR',1,36.9214100000,36.2695400000),
(2436917,2314829,'Yağızlar',null,'yagizlar','TR',1,36.9503700000,36.4758700000),
(2436918,2312394,'Konaklı',null,'konakli','TR',1,36.8058300000,36.2852800000),
(2436995,2314829,'Karakaya',null,'karakaya','TR',1,36.9627800000,36.7797200000),
(2437231,2443213,'Kayapınar',null,'kayapinar','TR',1,36.9191500000,36.9958100000),
(2437232,2314829,'Esenler',null,'esenler','TR',1,36.9094500000,36.5277000000),
(2437233,2312394,'Sapanözü',null,'sapanozu','TR',1,36.8587700000,36.5820700000),
(2437234,2443213,'Yedigöz',null,'yedigoz','TR',1,36.8657700000,36.8443300000),
(2437235,2443213,'Dorucak',null,'dorucak','TR',1,36.8540300000,36.8878600000),
(2437237,2443213,'Kocabeyli',null,'kocabeyli','TR',1,36.8095500000,36.9229800000),
(2437238,2443213,'Karaçavuş',null,'karacavus','TR',1,36.8232000000,36.9222400000),
(2437239,2443213,'Güneşli',null,'gunesli','TR',1,36.8033800000,36.8969200000),
(2437241,2312394,'Aşağı Karafakılı',null,'asagi-karafakili','TR',1,36.7788500000,36.5577600000),
(2437469,2314829,'Kayakent',null,'kayakent','TR',1,36.9955600000,37.1408300000),
(2437512,2443213,'Yeniyurt',null,'yeniyurt','TR',1,36.7916700000,37.1352800000),
(2437596,2443213,'Belentepe',null,'belentepe','TR',1,36.9630600000,37.0341700000),
(2437597,2314829,'Doğanca',null,'doganca','TR',1,36.9750400000,37.1247800000),
(2437598,2314829,'Ozanlı',null,'ozanli','TR',1,36.9750400000,37.1484800000),
(2437599,2314829,'Yalnızbağ',null,'yalnizbag','TR',1,36.9915300000,37.4619200000),
(2437601,2314829,'Yeşilköy',null,'yesilkoy','TR',1,36.9222300000,37.2103900000),
(2437602,2443213,'Kozlubağ',null,'kozlubag','TR',1,36.9581700000,37.0045200000),
(2437603,2443213,'Çayıraltı',null,'cayiralti','TR',1,36.9410800000,36.9907600000),
(2437605,2314829,'Deredüzü',null,'dereduzu','TR',1,36.9086300000,37.3028300000),
(2437606,2314829,'Zeytinli',null,'zeytinli','TR',1,36.9516100000,37.4223200000),
(2437609,2443213,'Taşlıalan',null,'taslialan','TR',1,36.8219800000,37.0804500000),
(2437610,2314829,'Töreli',null,'toreli','TR',1,36.8528900000,37.3280200000),
(2437611,2314829,'İnceyol',null,'inceyol','TR',1,36.8060200000,37.4635000000),
(2437612,2443213,'Küçükkonak',null,'kucukkonak','TR',1,36.7691100000,37.2397000000),
(2437613,2443213,'Küplüce',null,'kupluce','TR',1,36.7536400000,37.2435000000),
(2437614,2443213,'Karaçağıl',null,'karacagil','TR',1,36.7533300000,37.4627200000),
(2437615,2443213,'Uğurlar',null,'ugurlar','TR',1,36.7688500000,37.4911400000),
(2437616,2314829,'Yoğuntaş',null,'yoguntas','TR',1,36.7344000000,37.3775100000),
(2437619,2443213,'Güvendik',null,'guvendik','TR',1,36.6919000000,37.3739300000),
(2437623,2443213,'İnanlı',null,'inanli','TR',1,36.6691700000,37.1558300000),
(2437736,2312394,'Çırtıman',null,'cirtiman','TR',1,36.5253100000,36.1812900000),
(2437794,2312394,'Kızkalesi',null,'kizkalesi','TR',1,36.4619200000,34.1419900000),
(2437967,2312394,'Demirkonak',null,'demirkonak','TR',1,36.5824900000,36.5274400000),
(2438035,2312394,'Melekli',null,'melekli','TR',1,36.2644700000,36.3320200000),
(2438046,2312394,'Kuzeytepe',null,'kuzeytepe','TR',1,36.2650500000,36.1535000000),
(2438056,2312394,'Kastal',null,'kastal','TR',1,36.2476000000,36.2409000000),
(2438059,2312394,'Mansurlu',null,'mansurlu','TR',1,36.2208300000,36.2308300000),
(2438084,2312394,'Açıkdere',null,'acikdere','TR',1,36.2190900000,36.2599200000),
(2438096,2312394,'Toygarlı',null,'toygarli','TR',1,36.2126100000,36.0726200000),
(2438102,2312394,'Hancağız',null,'hancagiz','TR',1,36.1544600000,36.0831400000),
(2438104,2312394,'Çanakoluk',null,'canakoluk','TR',1,36.1669600000,36.0552700000),
(2438110,2312394,'Güneysöğüt',null,'guneysogut','TR',1,36.1735600000,36.1121500000),
(2438116,2312394,'Gümüşgöze',null,'gumusgoze','TR',1,36.1478500000,36.1328400000),
(2438119,2312394,'Dursunlu',null,'dursunlu','TR',1,36.1673600000,36.1578800000),
(2438122,2312394,'Aşağıokçular',null,'asagiokcular','TR',1,36.1780200000,36.1403300000),
(2438125,2312394,'Atayurdu',null,'atayurdu','TR',1,36.1810000000,36.2795700000),
(2438129,2312394,'Boynuyoğun',null,'boynuyogun','TR',1,36.1693500000,36.3424900000),
(2438158,2312394,'Uzunbağ',null,'uzunbag','TR',1,36.1402300000,36.0360300000),
(2438161,2312394,'Büyükçat',null,'buyukcat','TR',1,36.1150000000,36.0774000000),
(2438162,2312394,'Balıklıdere',null,'baliklidere','TR',1,36.1209600000,36.1048100000),
(2438175,2312394,'Akamber',null,'akamber','TR',1,36.0912600000,36.2322200000),
(2438178,2312394,'Kalınsan',null,'kalinsan','TR',1,36.0925600000,36.2672400000),
(2438184,2312394,'Hacıpaşa',null,'hacipasa','TR',1,36.0690700000,36.3707600000),
(2438192,2312394,'Avuttepe',null,'avuttepe','TR',1,36.0511500000,36.2760900000),
(2438207,2312394,'Gözene',null,'gozene','TR',1,36.0650000000,36.0094400000),
(2438215,2312394,'Uchagyz',null,'uchagyz','TR',1,36.1975900000,29.8477100000),
(2438229,2312394,'Gözecik',null,'gozecik','TR',1,36.0318300000,36.3278600000),
(2438231,2312394,'Yanıkpınar',null,'yanikpinar','TR',1,36.0257700000,36.2341200000),
(2438232,2312394,'Dokuzdal',null,'dokuzdal','TR',1,36.0166200000,36.2298900000),
(2438234,2312394,'Samankaya',null,'samankaya','TR',1,36.1502700000,36.1282900000),
(2438236,2312394,'Anayazı',null,'anayazi','TR',1,36.3210700000,36.1906100000),
(2438237,2312394,'Karasüleymanlı',null,'karasuleymanli','TR',1,36.3419100000,36.4143100000),
(2438240,2312394,'Yeşilova',null,'yesilova','TR',1,36.2690300000,36.2543400000),
(2438241,2312394,'Büyük Dalyan',null,'buyuk-dalyan','TR',1,36.2882400000,36.2090300000),
(2438242,2312394,'Doğanköy',null,'dogankoy','TR',1,36.2329200000,36.1091100000),
(2438243,2312394,'Günyazı',null,'gunyazi','TR',1,36.2330700000,36.1170200000),
(2438245,2312394,'Tepehan',null,'tepehan','TR',1,36.1585300000,36.2286000000),
(2438246,2312394,'Yeşilyazı',null,'yesilyazi','TR',1,36.0835000000,36.0506100000),
(2438322,2312394,'Üçırmak',null,'ucirmak','TR',1,35.9758000000,36.1831000000),
(2438324,2312394,'Olgunlar',null,'olgunlar','TR',1,35.9761000000,36.0751900000),
(2438326,2312394,'Gürışık',null,'gurisik','TR',1,35.9196800000,36.0964700000),
(2438327,2312394,'Uluyol',null,'uluyol','TR',1,35.9210100000,36.1518200000),
(2438353,2312394,'Alakuzu',null,'alakuzu','TR',1,36.2863500000,36.6433200000),
(2438392,2312394,'Uzunkavak',null,'uzunkavak','TR',1,36.3524000000,36.4195200000),
(2438397,2312394,'Arkıtça',null,'arkitca','TR',1,36.5076100000,36.2999600000),
(2438398,2312394,'Karaelma',null,'karaelma','TR',1,36.6004100000,36.3864000000),
(2438400,2312394,'Denizciler',null,'denizciler','TR',1,36.6411000000,36.2141800000),
(2438401,2312394,'Balarmudu',null,'balarmudu','TR',1,36.6448300000,36.4083600000),
(2438443,2300821,'Ormandalı',null,'ormandali','TR',1,37.9419500000,42.4856800000),
(2438445,2300821,'Akdoğmuş',null,'akdogmus','TR',1,37.8534400000,42.0446000000),
(2438548,2300821,'Atlıhan',null,'atlihan','TR',1,37.9193000000,42.8212900000),
(2438549,2300821,'Kocaçavuş',null,'kocacavus','TR',1,37.9161400000,42.5989100000),
(2438550,2300821,'Yukarı Balcılar',null,'yukari-balcilar','TR',1,37.9075400000,42.6165100000),
(2438609,2300821,'Sugeldi',null,'sugeldi','TR',1,37.8670600000,43.0105500000),
(2438908,2443189,'Söğütce',null,'sogutce','TR',1,37.5964300000,43.2457500000),
(2438909,2443189,'Başaran',null,'basaran','TR',1,37.4765500000,43.1298400000),
(2438967,2443189,'Doruklu',null,'doruklu','TR',1,37.2555000000,42.3351800000),
(2439012,2300821,'Karasungur',null,'karasungur','TR',1,37.8839600000,42.3399600000),
(2439026,2298332,'Küpeli',null,'kupeli','TR',1,36.9552800000,39.1008300000),
(2439041,2298332,'Tantana',null,'tantana','TR',1,36.8833300000,39.0622200000),
(2439067,2298332,'Zenginova',null,'zenginova','TR',1,36.6844400000,39.1655600000),
(2439068,2298332,'Keçili',null,'kecili','TR',1,36.7238900000,39.1161100000),
(2439093,2298332,'Kepezli',null,'kepezli','TR',1,36.6788900000,39.2533300000),
(2439098,2298332,'Akdiken',null,'akdiken','TR',1,36.7250000000,39.3086100000),
(2439099,2298332,'Bulutlu',null,'bulutlu','TR',1,36.7358300000,39.3938900000),
(2439100,2298332,'Gözcü',null,'gozcu','TR',1,36.7636100000,39.4125000000),
(2439101,2298332,'Pekmezli',null,'pekmezli','TR',1,36.7536100000,39.4500000000),
(2439102,2298332,'Büyük Tokaç',null,'buyuk-tokac','TR',1,36.7527800000,39.4963900000),
(2439103,2298332,'Narlıova',null,'narliova','TR',1,36.7408300000,39.4880600000),
(2439104,2298332,'Damlasu',null,'damlasu','TR',1,36.7841700000,39.4341700000),
(2439105,2298332,'Saide',null,'saide','TR',1,36.7838900000,39.4097200000),
(2439117,2298332,'Aşağı Kesmekaya',null,'asagi-kesmekaya','TR',1,36.8355600000,39.4522200000),
(2439118,2298332,'Göktaş',null,'goktas','TR',1,36.8230600000,39.2902800000),
(2439119,2298332,'Koyunluca',null,'koyunluca','TR',1,36.8227800000,39.3433300000),
(2439124,2298332,'Şuayıpşehri',null,'suayipsehri','TR',1,36.8677800000,39.3783300000),
(2439128,2298332,'Yağmurlu',null,'yagmurlu','TR',1,36.9972200000,39.3394400000),
(2439134,2298332,'Büyük Taşlıca',null,'buyuk-taslica','TR',1,36.8697400000,39.3467400000),
(2439157,2298332,'Aşağıkoçlu',null,'asagikoclu','TR',1,36.8852800000,39.4541700000),
(2439160,2298332,'Keskin',null,'keskin','TR',1,36.8694400000,39.4852800000),
(2439162,2298332,'Yolbaşı',null,'yolbasi','TR',1,36.9175000000,39.4758300000),
(2439170,2298332,'Büyük Çaylı',null,'buyuk-cayli','TR',1,36.8425000000,39.5450000000),
(2439171,2298332,'Türkoğlu',null,'turkoglu','TR',1,36.8500000000,39.5211100000),
(2439172,2298332,'Küçük Yıldız',null,'kucuk-yildiz','TR',1,36.8099600000,39.5516000000),
(2439200,2298332,'Büyükyıldız',null,'buyukyildiz','TR',1,36.7919300000,39.5278300000),
(2439208,2298332,'Aşağıdoruklu',null,'asagidoruklu','TR',1,36.9013900000,40.1311100000),
(2439209,2298332,'Boğalı',null,'bogali','TR',1,36.9191700000,40.1575000000),
(2439210,2298332,'Avcılı',null,'avcili','TR',1,36.9311100000,40.1675000000),
(2439211,2298332,'Yeniköy',null,'yenikoy','TR',1,36.9261100000,40.1866700000),
(2439212,2298332,'Damlacık',null,'damlacik','TR',1,36.9152800000,40.1025000000),
(2439213,2298332,'Aşağı Taşyalak',null,'asagi-tasyalak','TR',1,36.9291700000,40.1383300000),
(2439214,2298332,'Yüksektepe',null,'yuksektepe','TR',1,36.9411100000,40.1222200000),
(2439215,2298332,'Yukarı Taşyalak',null,'yukari-tasyalak','TR',1,36.9630600000,40.1319400000),
(2439216,2298332,'Aydoğdu',null,'aydogdu','TR',1,36.9500000000,40.1400000000),
(2439217,2298332,'Aşağıkarataş',null,'asagikaratas','TR',1,36.9060100000,40.0323800000),
(2439218,2298332,'Yukarı Karataş',null,'yukari-karatas','TR',1,36.9238900000,40.0566700000),
(2439219,2298332,'Ceylan',null,'ceylan','TR',1,36.9283300000,40.0719400000),
(2439220,2298332,'Yukarı Taşlıdere',null,'yukari-taslidere','TR',1,36.9658300000,40.0600000000),
(2439221,2298332,'Işıklar',null,'isiklar','TR',1,36.9941700000,40.1263900000),
(2439222,2298332,'Büyük Yenice',null,'buyuk-yenice','TR',1,36.9902800000,40.1022200000),
(2439223,2298332,'Dikili',null,'dikili','TR',1,36.9841700000,40.0872200000),
(2439224,2304794,'Odaköy',null,'odakoy','TR',1,36.9922200000,40.2127800000),
(2439227,2298332,'Yeşiltepe',null,'yesiltepe','TR',1,36.9369400000,40.2091700000),
(2439228,2304794,'Çıplak',null,'ciplak','TR',1,36.9447200000,40.2375000000),
(2439229,2304794,'Geçit',null,'gecit','TR',1,36.9966700000,40.3250300000),
(2439580,2316540,'Karayiğit',null,'karayigit','TR',1,37.9860500000,40.7966400000),
(2439693,2316540,'Ağılköy',null,'agilkoy','TR',1,37.8138300000,40.9691100000),
(2439706,2316540,'Arıkgöl',null,'arikgol','TR',1,37.8377300000,40.8576400000),
(2439707,2316540,'İsalı',null,'isali','TR',1,37.8375000000,40.8313900000),
(2440072,2443186,'Kesmeköprü',null,'kesmekopru','TR',1,37.7173100000,41.4132000000),
(2440225,2443186,'Alaca',null,'alaca','TR',1,37.7627800000,41.4807200000),
(2440475,2443186,'Batman',null,'batman','TR',1,37.8569400000,41.1450000000),
(2441178,2304794,'Havuzbaşı',null,'havuzbasi','TR',1,37.3477300000,40.9192600000),
(2441754,2304794,'Yukarı Yeniköy',null,'yukari-yenikoy','TR',1,37.1416700000,40.9577800000),
(2441801,2304794,'Sevimli',null,'sevimli','TR',1,37.0376500000,40.5273800000),
(2441816,2304794,'Akziyaret',null,'akziyaret','TR',1,37.1973700000,40.4984400000),
(2441817,2304794,'Çınarcık',null,'cinarcik','TR',1,37.2141900000,40.6090300000),
(2441818,2304794,'Hacıyusuf',null,'haciyusuf','TR',1,37.2273300000,40.5699100000),
(2441844,2304794,'Acar',null,'acar','TR',1,37.3006600000,40.7058700000),
(2441849,2304794,'Karaman',null,'karaman','TR',1,37.2795800000,40.6378900000),
(2441863,2304794,'Sandıklı',null,'sandikli','TR',1,37.1630900000,40.5812800000),
(2441864,2304794,'Çamlıdere',null,'camlidere','TR',1,37.1088700000,40.5468300000),
(2441868,2304794,'Eroğlu',null,'eroglu','TR',1,37.2421600000,40.6303700000),
(2441873,2304794,'Güneyli',null,'guneyli','TR',1,37.1321600000,41.0145000000),
(2441934,2304794,'Odabaşı',null,'odabasi','TR',1,37.1047900000,41.4626900000),
(2442014,2304794,'Kırca',null,'kirca','TR',1,37.2175000000,41.7288900000),
(2442065,2304794,'Nur',null,'nur','TR',1,37.1612100000,40.7506400000),
(2442301,2323784,'Batikent',null,'batikent','TR',1,39.9683300000,32.7308300000),
(2447025,2323776,'Türkler',null,'tuerkler','TR',1,36.6019800000,31.8206700000),
(2447049,2443187,'Başyayla',null,'basyayla','TR',1,36.7533700000,32.6801800000),
(2447273,2304183,'Dalaman',null,'dalaman','TR',1,36.7659100000,28.8028000000),
(2448121,2443189,'Akdağ',null,'akdag','TR',1,37.2851800000,42.0351800000),
(2737022,2737021,'Zonguldak',null,'zonguldak','TR',1,41.4513900000,31.7930500000),
(2737054,2738742,'Zile',null,'zile','TR',1,40.3030600000,35.8863900000),
(2737071,2745042,'Zeytinburnu',null,'zeytinburnu','TR',1,40.9944100000,28.9041700000),
(2737119,2742865,'Yuvacık',null,'yuvacik','TR',1,40.6881500000,29.9673800000),
(2737140,2751816,'Yusufeli',null,'yusufeli','TR',1,40.8204200000,41.5374300000),
(2737421,2738647,'Yomra',null,'yomra','TR',1,40.9532600000,39.8554600000),
(2737529,2738742,'Yeşilyurt',null,'yesilyurt','TR',1,40.3278600000,36.3514400000),
(2737611,2750268,'Yenişehir',null,'yenisehir','TR',1,40.2644400000,29.6530600000),
(2737614,2321122,'Yenipazar',null,'yenipazar','TR',1,40.1783300000,30.5200000000),
(2737660,2750268,'Yeniköy',null,'yenikoy','TR',1,40.5356800000,29.3536400000),
(2737709,2750268,'Yenice',null,'yenice','TR',1,40.0877800000,29.4219400000),
(2737756,2750510,'Yeniçağa',null,'yenicaga','TR',1,40.7711500000,32.0337500000),
(2737961,2742865,'Körfez',null,'korfez','TR',1,40.7670400000,29.7827500000),
(2737980,2749747,'Yapraklı',null,'yaprakli','TR',1,40.7578500000,33.7781900000),
(2738025,2862469,'Yalova',null,'yalova','TR',1,40.6550100000,29.2769300000),
(2738055,2742865,'Yalakdere',null,'yalakdere','TR',1,40.6063600000,29.5622500000),
(2738064,2745042,'Yakuplu',null,'yakuplu','TR',1,40.9889400000,28.6758200000),
(2738085,2740263,'Yakakent',null,'yakakent','TR',1,41.6325000000,35.5288900000),
(2738124,2746423,'Yağlıdere',null,'yaglidere','TR',1,40.5443200000,39.5276200000),
(2738154,2743165,'Vize',null,'vize','TR',1,41.5725000000,27.7658300000),
(2738167,2740263,'Vezirköprü',null,'vezirkopru','TR',1,41.1436100000,35.4547200000),
(2738168,2321122,'Vezirhan',null,'vezirhan','TR',1,40.2447200000,30.0200000000),
(2738183,2738926,'Velimeşe',null,'velimese','TR',1,41.2536100000,27.8783300000),
(2738228,2738647,'Vakfıkebir',null,'vakfikebir','TR',1,41.0458300000,39.2763900000),
(2738251,2747711,'Uzunköprü',null,'uzunkoeprue','TR',1,41.2659700000,26.6885000000),
(2738276,2315367,'Uzundere',null,'uzundere','TR',1,40.5321800000,41.5383200000),
(2738326,2743165,'Üsküp',null,'uskup','TR',1,41.7358300000,27.4052800000),
(2738329,2745042,'Üsküdar',null,'ueskuedar','TR',1,41.0227400000,29.0136600000),
(2738349,2741098,'Ünye',null,'uenye','TR',1,41.1313900000,37.2825000000),
(2738372,2750268,'Umurbey',null,'umurbey','TR',1,40.4147200000,29.1830600000),
(2738377,2745042,'Umraniye',null,'umraniye','TR',1,41.0164300000,29.1247600000),
(2738444,2741098,'Ulubey',null,'ulubey','TR',1,40.8686300000,37.7540500000),
(2738457,2742865,'Ulaşlı',null,'ulasli','TR',1,40.7058300000,29.6960800000),
(2738468,2748877,'Uğurludağ',null,'ugurludag','TR',1,40.4463100000,34.4525900000),
(2738505,2738926,'Uçmakdere',null,'ucmakdere','TR',1,40.7974300000,27.3656700000),
(2738614,2739598,'Türkeli',null,'turkeli','TR',1,41.9476400000,34.3386100000),
(2738618,2738742,'Turhal',null,'turhal','TR',1,40.3875000000,36.0811100000),
(2738627,2750268,'Turan',null,'turan','TR',1,40.2050000000,29.3486100000),
(2738648,2738647,'Trabzon',null,'trabzon','TR',1,41.0050000000,39.7269400000),
(2738662,2743881,'Tosya',null,'tosya','TR',1,41.0154500000,34.0401300000),
(2738668,2746423,'Torul',null,'torul','TR',1,40.5507100000,39.2834400000),
(2738674,2315367,'Tortum',null,'tortum','TR',1,40.2889200000,41.5409600000),
(2738715,2738647,'Tonya',null,'tonya','TR',1,40.8840200000,39.2848600000),
(2738743,2738742,'Tokat',null,'tokat','TR',1,40.3138900000,36.5544400000),
(2738753,2746878,'Tirebolu',null,'tirebolu','TR',1,41.0069400000,38.8138900000),
(2738803,2740263,'Terme',null,'terme','TR',1,41.2091700000,36.9738900000),
(2738858,2745042,'Tepecik',null,'tepecik','TR',1,41.0293100000,28.5497800000),
(2738907,2740263,'Tekkeköy',null,'tekkekoy','TR',1,41.2116700000,36.4600000000),
(2738927,2738926,'Tekirdağ',null,'tekirdag','TR',1,40.9781000000,27.5110100000),
(2738962,2742865,'Tavşanlı',null,'tavsanli','TR',1,40.8187600000,29.5113600000),
(2738965,2742865,'Tavşancıl',null,'tavsancil','TR',1,40.7708300000,29.5719400000),
(2738985,2750268,'Tatkavaklı',null,'tatkavakli','TR',1,40.0333300000,28.3666700000),
(2739015,2752014,'Taşova',null,'tasova','TR',1,40.7597200000,36.3225000000),
(2739061,2743881,'Taşköprü',null,'taskopru','TR',1,41.5098000000,34.2141400000),
(2739067,2862469,'Taşköprü',null,'taskopru','TR',1,40.6736100000,29.3911100000),
(2739107,2740352,'Taraklı',null,'tarakli','TR',1,40.3969400000,30.4927800000),
(2739161,2750268,'Tacir',null,'tacir','TR',1,40.5255600000,29.7397200000),
(2739201,2743942,'Susuz',null,'susuz','TR',1,40.7791000000,43.1276900000),
(2739209,2300617,'Suşehri',null,'susehri','TR',1,40.1600500000,38.0841300000),
(2739215,2738647,'Sürmene',null,'surmene','TR',1,40.9058800000,40.1279200000),
(2739236,2748877,'Sungurlu',null,'sungurlu','TR',1,40.1675000000,34.3738900000),
(2739251,2752014,'Suluova',null,'suluova','TR',1,40.8312900000,35.6478800000),
(2739273,2738926,'Sultanköy',null,'sultankoy','TR',1,41.0213900000,27.9886100000),
(2739318,2443188,'Sulakyurt',null,'sulakyurt','TR',1,40.1573300000,33.7160000000),
(2739393,2750268,'Sölöz',null,'soloz','TR',1,40.3948000000,29.4155900000),
(2739425,2740352,'Söğütlü',null,'sogutlu','TR',1,40.9059000000,30.4744800000),
(2739451,2862469,'Soğuksu',null,'soguksu','TR',1,40.6707000000,29.5081900000),
(2739459,2750268,'Soğukpınar',null,'sogukpinar','TR',1,40.0547200000,29.1227800000),
(2739549,2745042,'Şişli',null,'sisli','TR',1,41.0604600000,28.9871700000),
(2739574,2746423,'Şiran',null,'siran','TR',1,40.1906400000,39.1174700000),
(2739600,2739598,'Sinop',null,'sinop','TR',1,42.0268300000,35.1625300000),
(2739634,2745042,'Silivri',null,'silivri','TR',1,41.0739300000,28.2464400000),
(2739636,2745042,'Şile',null,'sile','TR',1,41.1754000000,29.6133300000),
(2739693,2751816,'Seyitler',null,'seyitler','TR',1,41.1955600000,41.8379900000),
(2739742,2743881,'Seydiler',null,'seydiler','TR',1,41.6200500000,33.7181500000),
(2739815,2862469,'Şenköy',null,'senkoy','TR',1,40.6290100000,29.0049000000),
(2739816,2315367,'Şenkaya',null,'senkaya','TR',1,40.5565200000,42.3426600000),
(2739827,2742865,'Semetler',null,'semetler','TR',1,40.6155600000,29.5052800000),
(2739838,2745042,'Selimpaşa',null,'selimpasa','TR',1,41.0544800000,28.3667800000),
(2739847,2743942,'Selim',null,'selim','TR',1,40.4577200000,42.7828700000),
(2739911,2750268,'Seçköy',null,'seckoy','TR',1,40.3238900000,29.1963900000),
(2739914,2746878,'Şebin Karahisar',null,'sebin-karahisar','TR',1,40.2883300000,38.4236100000),
(2739917,2750510,'Seben',null,'seben','TR',1,40.4113400000,31.5735900000),
(2739950,2751816,'Şavşat',null,'savsat','TR',1,41.2533600000,42.3553100000),
(2740088,2743942,'Sarıkamış',null,'sarikamis','TR',1,40.3276900000,42.5870500000),
(2740230,2740352,'Sapanca',null,'sapanca','TR',1,40.6914100000,30.2673800000),
(2740237,2750268,'Sansarak',null,'sansarak','TR',1,40.4886100000,29.8294400000),
(2740264,2740263,'Samsun',null,'samsun','TR',1,41.2797600000,36.3361000000),
(2740303,2738647,'Şalpazarı',null,'salpazari','TR',1,40.9382600000,39.1900600000),
(2740430,2862468,'Safranbolu',null,'safranbolu','TR',1,41.2508300000,32.6941700000),
(2740462,2749747,'Şabanözü',null,'sabanozu','TR',1,40.4824900000,33.2835200000),
(2740483,2740481,'Rize',null,'rize','TR',1,41.0208300000,40.5219400000),
(2740531,2862470,'Posof',null,'posof','TR',1,41.5111100000,42.7291700000),
(2740561,2746878,'Piraziz',null,'piraziz','TR',1,40.9224400000,38.1245800000),
(2740570,2743165,'Pınarhisar',null,'pinarhisar','TR',1,41.6241700000,27.5200000000),
(2740581,2743881,'Pınarbaşı',null,'pinarbasi','TR',1,41.6038800000,33.1109900000),
(2740605,2741098,'Perşembe',null,'persembe','TR',1,41.0655600000,37.7713900000),
(2740650,2743165,'Pehlivanköy',null,'pehlivankoy','TR',1,41.3481200000,26.9252200000),
(2740659,2315367,'Pazaryolu',null,'pazaryolu','TR',1,40.4114200000,40.7678000000),
(2740677,2738742,'Pazar',null,'pazar','TR',1,40.2765200000,36.2834700000),
(2740729,2740352,'Pamukova',null,'pamukova','TR',1,40.5081000000,30.1673200000),
(2740876,2750268,'Osmaniye',null,'osmaniye','TR',1,40.6020900000,29.6994400000),
(2740881,2321122,'Osmaneli',null,'osmaneli','TR',1,40.3572200000,30.0141700000),
(2740883,2748877,'Osmancık',null,'osmancik','TR',1,40.9781800000,34.8047000000),
(2740940,2745042,'Ortaköy',null,'ortakoy','TR',1,41.1015400000,28.3758800000),
(2741002,2749747,'Orta',null,'orta','TR',1,40.6242000000,33.1092800000),
(2741037,2750268,'Orhaniye',null,'orhaniye','TR',1,40.5061100000,29.6597200000),
(2741045,2750268,'Orhangazi',null,'orhangazi','TR',1,40.4891700000,29.3088900000),
(2741100,2741098,'Ordu',null,'ordu','TR',1,40.9778200000,37.8904700000),
(2741136,2315367,'Olur',null,'olur','TR',1,40.8216500000,42.1305500000),
(2741160,2315367,'Oltu',null,'oltu','TR',1,40.5394500000,41.9872200000),
(2741240,2738647,'Of',null,'of','TR',1,40.9405500000,40.2591800000),
(2741274,2742865,'Nüzhetiye',null,'nuzhetiye','TR',1,40.6400000000,29.8630600000),
(2741304,2738742,'Niksar',null,'niksar','TR',1,40.5916700000,36.9516700000),
(2741322,2321122,'Nazifpaşa',null,'nazifpasa','TR',1,40.0416700000,29.7541700000),
(2741330,2315367,'Narman',null,'narman','TR',1,40.3444900000,41.8608800000),
(2741335,2750268,'Narlıca',null,'narlica','TR',1,40.3858300000,29.4811100000),
(2741347,2323784,'Nallıhan',null,'nallihan','TR',1,40.1859300000,31.3517900000),
(2741385,2750268,'Mustafakemalpaşa',null,'mustafakemalpasa','TR',1,40.0381500000,28.4086600000),
(2741484,2750510,'Mudurnu',null,'mudurnu','TR',1,40.4730000000,31.2075500000),
(2741487,2750268,'Mudanya',null,'mudanya','TR',1,40.3752800000,28.8822200000),
(2741529,2745042,'Mimarsinan',null,'mimarsinan','TR',1,41.0179000000,28.5617600000),
(2741538,2315201,'Mihalgazi',null,'mihalgazi','TR',1,40.0262100000,30.5770700000),
(2741570,2741098,'Mesudiye',null,'mesudiye','TR',1,40.4544600000,37.7735300000),
(2741609,2752014,'Merzifon',null,'merzifon','TR',1,40.8733300000,35.4630600000),
(2741628,2747711,'Meriç',null,'meric','TR',1,41.1918300000,26.4209700000),
(2741638,2750268,'Menteşe',null,'mentese','TR',1,40.2819400000,29.5250000000),
(2741692,2748877,'Mecitözü',null,'mecitozu','TR',1,40.5200000000,35.2952800000),
(2741725,2738926,'Marmara Ereğlisi',null,'marmara-ereglisi','TR',1,40.9690700000,27.9550300000),
(2741727,2738926,'Marmaracık',null,'marmaracik','TR',1,41.2066700000,27.7544400000),
(2741730,2322164,'Marmara',null,'marmara','TR',1,40.5863300000,27.5554100000),
(2741737,2322164,'Manyas',null,'manyas','TR',1,40.0463900000,27.9700000000),
(2741763,2745042,'Maltepe',null,'maltepe','TR',1,40.9356700000,29.1550700000),
(2741771,2738926,'Malkara',null,'malkara','TR',1,40.8900000000,26.9011100000),
(2741850,2738647,'Maçka',null,'macka','TR',1,40.8107200000,39.6046500000),
(2741855,2743165,'Lüleburgaz',null,'luleburgaz','TR',1,41.4038500000,27.3591800000),
(2741878,2749778,'Lapseki',null,'lapseki','TR',1,40.3441700000,26.6855600000),
(2741884,2747711,'Lâlapaşa',null,'lalapasa','TR',1,41.8395100000,26.7356100000),
(2741892,2740263,'Ladik',null,'ladik','TR',1,40.9105600000,35.8919400000),
(2742095,2862467,'Kurucaşile',null,'kurucasile','TR',1,41.8378100000,32.7162100000),
(2742138,2862469,'Kurtköy',null,'kurtkoy','TR',1,40.5763900000,29.2247200000),
(2742164,2749747,'Kurşunlu',null,'kursunlu','TR',1,40.8410100000,33.2602800000),
(2742171,2750268,'Kurşunlu',null,'kursunlu','TR',1,40.0371200000,29.6597200000),
(2742179,2745042,'Kurna',null,'kurna','TR',1,40.9591700000,29.3356400000),
(2742189,2743881,'Küre',null,'kure','TR',1,41.8057800000,33.7116100000),
(2742214,2747711,'Küplü',null,'kuplu','TR',1,41.1069400000,26.3519400000),
(2742215,2321122,'Küplü',null,'kuplu','TR',1,40.0983700000,30.0001000000),
(2742238,2741098,'Kumru',null,'kumru','TR',1,40.8744400000,37.2638900000),
(2742266,2745042,'Kumburgaz',null,'kumburgaz','TR',1,41.0210800000,28.4803300000),
(2742273,2738926,'Kumbağ',null,'kumbag','TR',1,40.8823600000,27.4591900000),
(2742292,2742865,'Kullar',null,'kullar','TR',1,40.7241900000,29.9894300000),
(2742348,2750268,'Küçükkumla',null,'kucukkumla','TR',1,40.4704700000,29.1015200000),
(2742422,2750268,'Kozluören',null,'kozluoren','TR',1,40.1263900000,29.3527800000),
(2742498,2321122,'Koyunköy',null,'koyunkoy','TR',1,40.1369400000,29.7569400000),
(2742499,2300617,'Koyulhisar',null,'koyulhisar','TR',1,40.3018400000,37.8233600000),
(2742588,2742865,'Köseköy',null,'kosekoy','TR',1,40.7401200000,30.0055600000),
(2742606,2746423,'Köse',null,'kose','TR',1,40.2069200000,39.6462600000),
(2742617,2862469,'Koruköy',null,'korukoy','TR',1,40.6543500000,29.1628900000),
(2742657,2749747,'Korgun',null,'korgun','TR',1,40.7347900000,33.5184400000),
(2742658,2741098,'Korgan',null,'korgan','TR',1,40.8247200000,37.3466700000),
(2742686,2738647,'Köprübaşı',null,'koprubasi','TR',1,40.8069200000,40.1143900000),
(2742794,2743165,'Kofçaz',null,'kofcaz','TR',1,41.9448100000,27.1582900000),
(2742875,2862469,'Kocadere',null,'kocadere','TR',1,40.6300000000,29.0300000000),
(2742902,2740352,'Kocaali',null,'kocaali','TR',1,41.0533600000,30.8527800000),
(2742987,2749747,'Kızılırmak',null,'kizilirmak','TR',1,40.3455600000,33.9863900000),
(2743051,2323784,'Kızılcahamam',null,'kizilcahamam','TR',1,40.4697200000,32.6505600000),
(2743166,2743165,'Kırklareli',null,'kirklareli','TR',1,41.7350800000,27.2252100000),
(2743256,2750268,'Kirazlı',null,'kirazli','TR',1,40.0996400000,29.0416300000),
(2743316,2745042,'Kınalı',null,'kinali','TR',1,40.9071300000,29.0549900000),
(2743367,2862469,'Kılıç',null,'kilic','TR',1,40.6330600000,29.3947200000),
(2743382,2750510,'Kıbrıscık',null,'kibriscik','TR',1,40.4077800000,31.8519400000),
(2743404,2750268,'Kestel',null,'kestel','TR',1,40.1982800000,29.2123700000),
(2743438,2746878,'Keşap',null,'kesap','TR',1,40.9103200000,38.5013000000),
(2743439,2747711,'Keşan',null,'kesan','TR',1,40.8558300000,26.6302800000),
(2743486,2321122,'Kendirli',null,'kendirli','TR',1,40.1497200000,29.8377800000),
(2743537,2746423,'Kelkit',null,'kelkit','TR',1,40.1268200000,39.4342400000),
(2743558,2742865,'Kefken',null,'kefken','TR',1,41.1683300000,30.2297200000),
(2743615,2323784,'Kazan',null,'kazan','TR',1,40.2316700000,32.6838900000),
(2743616,2862469,'Kaytazdere',null,'kaytazdere','TR',1,40.6822500000,29.5323600000),
(2743633,2740352,'Kaynarca',null,'kaynarca','TR',1,41.0308300000,30.3075000000),
(2743635,2742865,'Kaynarca',null,'kaynarca','TR',1,40.8866700000,29.9802800000),
(2743638,2750268,'Kaynarca',null,'kaynarca','TR',1,40.4144400000,29.8255600000),
(2743732,2750268,'Kayacık',null,'kayacik','TR',1,40.2588900000,29.3125000000),
(2743818,2745042,'Kavaklı',null,'kavakli','TR',1,41.0925800000,28.3317200000),
(2743851,2740263,'Kavak',null,'kavak','TR',1,41.0783300000,36.0425000000),
(2743882,2743881,'Kastamonu',null,'kastamonu','TR',1,41.3780500000,33.7752800000),
(2743952,2743942,'Kars',null,'kars','TR',1,40.5982500000,43.0854800000),
(2744012,2742865,'Kargalı',null,'kargali','TR',1,40.9531800000,29.6692800000),
(2744047,2742865,'Karayakuplu',null,'karayakuplu','TR',1,40.8859300000,29.7843500000),
(2744092,2740352,'Karasu',null,'karasu','TR',1,41.1044200000,30.6966400000),
(2744093,2740352,'Karasu Mahallesi',null,'karasu-mahallesi','TR',1,41.0709600000,30.7854300000),
(2744110,2740352,'Karapürçek',null,'karapurcek','TR',1,40.6419400000,30.5394400000),
(2744168,2742865,'Karamürsel',null,'karamursel','TR',1,40.6912900000,29.6164900000),
(2744354,2742865,'Çat',null,'cat','TR',1,40.9542300000,29.8059800000),
(2744514,2745042,'Karacaköy',null,'karacakoy','TR',1,41.4033800000,28.3805500000),
(2744537,2750268,'Karacabey',null,'karacabey','TR',1,40.2132300000,28.3612000000),
(2744539,2750268,'Karacaali',null,'karacaali','TR',1,40.4794400000,29.0683300000),
(2744562,2862468,'Karabük',null,'karabuk','TR',1,41.2048800000,32.6276800000),
(2744612,2322164,'Karaağaçalan',null,'karaagacalan','TR',1,40.0841800000,27.6008700000),
(2744716,2742865,'Kandıra',null,'kandira','TR',1,41.0700000000,30.1526200000),
(2744767,2740481,'Kalkandere',null,'kalkandere','TR',1,40.9204600000,40.4369200000),
(2744814,2323784,'Kalecik',null,'kalecik','TR',1,40.0972200000,33.4083300000),
(2744873,2743942,'Kağızman',null,'kagizman','TR',1,40.1566900000,43.1342400000),
(2744899,2742865,'Kadılı',null,'kadili','TR',1,40.9311100000,29.4795700000),
(2744926,2862469,'Kadıköy',null,'kadikoy','TR',1,40.6201500000,29.2253600000),
(2744958,2741098,'Kabataş',null,'kabatas','TR',1,40.7500000000,37.4500000000),
(2745007,2741098,'Kabadüz',null,'kabaduz','TR',1,40.8609600000,37.8847000000),
(2745026,2750268,'İznik',null,'iznik','TR',1,40.4286100000,29.7211100000),
(2745028,2742865,'İzmit',null,'izmit','TR',1,40.7649900000,29.9292800000),
(2745030,2740481,'İyidere',null,'iyidere','TR',1,41.0119200000,40.3618500000),
(2745044,2745042,'Istanbul',null,'istanbul','TR',1,41.0138400000,28.9496600000),
(2745047,2315367,'İspir',null,'ispir','TR',1,40.4798100000,40.9937300000),
(2745076,2748877,'İskilip',null,'iskilip','TR',1,40.7352800000,34.4738900000),
(2745148,2747711,'İpsala',null,'ipsala','TR',1,40.9211500000,26.3827300000),
(2745164,2321122,'İnhisar',null,'inhisar','TR',1,40.0493200000,30.3852100000),
(2745169,2750268,'İnegol',null,'inegol','TR',1,40.0780600000,29.5133300000),
(2745175,2743881,'İnebolu',null,'inebolu','TR',1,41.9747200000,33.7608300000),
(2745260,2749778,'Gökçeada',null,'gokceada','TR',1,40.2010700000,25.9090200000),
(2745344,2749747,'Ilgaz',null,'ilgaz','TR',1,40.9251100000,33.6258600000),
(2745364,2741098,'İkizce',null,'ikizce','TR',1,41.0583300000,37.0802800000),
(2745383,2742865,'İhsaniye',null,'ihsaniye','TR',1,40.6908700000,29.8347200000),
(2745387,2743881,'İhsangazi',null,'ihsangazi','TR',1,41.2043200000,33.5545500000),
(2745527,2315367,'Horasan',null,'horasan','TR',1,40.0388500000,42.1636600000),
(2745530,2751816,'Hopa',null,'hopa','TR',1,41.3904600000,41.4196600000),
(2745664,2740352,'Hendek',null,'hendek','TR',1,40.7994400000,30.7480600000),
(2745665,2740481,'Nurluca',null,'nurluca','TR',1,41.0327200000,40.9082000000),
(2745693,2738647,'Hayrat',null,'hayrat','TR',1,40.8853000000,40.3649500000),
(2745697,2738926,'Hayrabolu',null,'hayrabolu','TR',1,41.2131100000,27.1068800000),
(2745711,2750268,'Haydariye',null,'haydariye','TR',1,40.5178300000,29.1235200000),
(2745714,2740263,'Havza',null,'havza','TR',1,40.9705600000,35.6622200000),
(2745719,2747711,'Havsa',null,'havsa','TR',1,41.5489800000,26.8220700000),
(2745884,2743881,'Hanönü',null,'hanonu','TR',1,41.6270500000,34.4666700000),
(2745903,2862470,'Hanak',null,'hanak','TR',1,41.2334400000,42.8403700000),
(2745922,2750268,'Hamzabey',null,'hamzabey','TR',1,40.1358300000,29.5263900000),
(2745954,2752014,'Dedeköy',null,'dedekoy','TR',1,40.7475200000,35.0424900000),
(2746232,2750268,'Gürsu',null,'gursu','TR',1,40.2187600000,29.1948700000),
(2746234,2745042,'Gürpınar',null,'gurpinar','TR',1,40.9925600000,28.6142800000),
(2746252,2741098,'Gürgentepe',null,'gurgentepe','TR',1,40.7856700000,37.5896900000),
(2746308,2740481,'Güneysu',null,'guneysu','TR',1,40.9813000000,40.6046500000),
(2746425,2746423,'Gümüşhane',null,'gumushane','TR',1,40.4600100000,39.4717600000),
(2746426,2752014,'Gümüşhacıköy',null,'gumushacikoy','TR',1,40.8730600000,35.2147200000),
(2746497,2323784,'Güdül',null,'gudul','TR',1,40.2105100000,32.2455200000),
(2746546,2750510,'Göynük',null,'goynuk','TR',1,40.4002800000,30.7883300000),
(2746547,2752014,'Göynücek',null,'goynucek','TR',1,40.3991700000,35.5250000000),
(2746565,2746878,'Görele',null,'gorele','TR',1,41.0308300000,39.0030600000),
(2746574,2322164,'Gönen',null,'gonen','TR',1,40.1049000000,27.6539900000),
(2746602,2321122,'Gölpazarı',null,'golpazari','TR',1,40.2847200000,30.3172200000),
(2746603,2300617,'Gölova',null,'golova','TR',1,40.0619400000,38.6066700000),
(2746611,2750268,'Göllüce',null,'golluce','TR',1,40.3738100000,29.5902500000),
(2746640,2748877,'Gölet',null,'goelet','TR',1,41.2833300000,34.6666700000),
(2746643,2862470,'Göle',null,'goele','TR',1,40.7874600000,42.6060300000),
(2746666,2742865,'Gölcük',null,'goelcuek','TR',1,40.7150100000,29.8182400000),
(2746670,2750268,'Gölcük',null,'golcuk','TR',1,40.2763900000,29.3783300000),
(2746712,2751816,'Murgul',null,'murgul','TR',1,41.2804900000,41.5643800000),
(2746821,2737021,'Gökçebey',null,'gokcebey','TR',1,41.3058300000,32.1423400000),
(2746881,2746878,'Giresun',null,'giresun','TR',1,40.9169800000,38.3874100000),
(2746898,2740352,'Geyve',null,'geyve','TR',1,40.5075000000,30.2925000000),
(2746913,2739598,'Gerze',null,'gerze','TR',1,41.8036100000,35.2011100000),
(2746940,2750510,'Gerede',null,'gerede','TR',1,40.8008300000,32.1969400000),
(2746958,2750268,'Gemlik',null,'gemlik','TR',1,40.4309400000,29.1596900000),
(2746983,2749778,'Gelibolu',null,'gelibolu','TR',1,40.4102800000,26.6708300000),
(2747014,2742865,'Gebze',null,'gebze','TR',1,40.8027600000,29.4306800000),
(2747068,2742865,'Fulacık',null,'fulacik','TR',1,40.5613900000,29.6008300000),
(2747135,2740352,'Ferizli',null,'ferizli','TR',1,40.9408200000,30.4858300000),
(2747155,2741098,'Fatsa',null,'fatsa','TR',1,41.0277800000,37.5013900000),
(2747191,2746878,'Eynesil',null,'eynesil','TR',1,41.0643600000,39.1427400000),
(2747217,2746423,'Evren',null,'evren','TR',1,40.2452700000,39.1753500000),
(2747263,2862468,'Gözyeri',null,'gozyeri','TR',1,40.8659600000,32.5416700000),
(2747323,2745042,'Esenyurt',null,'esenyurt','TR',1,41.0269700000,28.6773200000),
(2747340,2745042,'Esenler',null,'esenler','TR',1,41.0435000000,28.8761900000),
(2747449,2739598,'Erfelek',null,'erfelek','TR',1,41.8792600000,34.9183800000),
(2747471,2737021,'Ereğli',null,'eregli','TR',1,41.2826100000,31.4180600000),
(2747482,2322164,'Erdek',null,'erdek','TR',1,40.3996000000,27.7934800000),
(2747489,2738742,'Erbaa',null,'erbaa','TR',1,40.6688900000,36.5675000000),
(2747503,2747711,'Enez',null,'enez','TR',1,40.7247200000,26.0825000000),
(2747538,2745042,'Eminönü',null,'eminoenue','TR',1,41.0176600000,28.9743800000),
(2747578,2750268,'Elmalı',null,'elmali','TR',1,40.5155600000,29.8813900000),
(2747618,2749747,'Eldivan',null,'eldivan','TR',1,40.5297500000,33.4990300000),
(2747630,2750268,'Elbeyli',null,'elbeyli','TR',1,40.4861100000,29.7247200000),
(2747705,2862468,'Eflani',null,'eflani','TR',1,41.4228900000,32.9576100000),
(2747712,2747711,'Edirne',null,'edirne','TR',1,41.6771900000,26.5559700000),
(2747728,2749778,'Eceabat',null,'eceabat','TR',1,40.1841600000,26.3574000000),
(2747737,2321122,'Düzmeşe',null,'duzmese','TR',1,40.3816700000,29.9250000000),
(2747751,2738647,'Düzköy',null,'duzkoy','TR',1,40.8746100000,39.4153600000),
(2747764,2865521,'Düzce',null,'duezce','TR',1,40.8388900000,31.1638900000),
(2747793,2745042,'Durusu',null,'durusu','TR',1,41.3033700000,28.6763500000),
(2747826,2739598,'Durağan',null,'duragan','TR',1,41.4158300000,35.0544400000),
(2747899,2750510,'Dörtdivan',null,'dortdivan','TR',1,40.7205200000,32.0631400000),
(2747912,2742865,'Karşıyaka',null,'karsiyaka','TR',1,40.6936000000,29.9415400000),
(2747978,2743881,'Doğanyurt',null,'doganyurt','TR',1,42.0045700000,33.4602900000),
(2747986,2300617,'Doğanşar',null,'dogansar','TR',1,40.2084100000,37.5312300000),
(2748008,2746878,'Doğankent',null,'dogankent','TR',1,40.8075000000,38.9172200000),
(2748080,2750268,'Dırazali',null,'dirazali','TR',1,40.3962200000,29.7079300000),
(2748166,2743881,'Devrekani',null,'devrekani','TR',1,41.6030300000,33.8392200000),
(2748167,2737021,'Devrek',null,'devrek','TR',1,41.2191700000,31.9558300000),
(2748200,2738647,'Dernekpazarı',null,'dernekpazari','TR',1,40.7965800000,40.2446000000),
(2748208,2742865,'Derince',null,'derince','TR',1,40.7569400000,29.8147200000),
(2748240,2746878,'Dereli',null,'dereli','TR',1,40.7389000000,38.4433700000),
(2748287,2742865,'Dereköy',null,'derekoy','TR',1,40.6643400000,29.5634900000),
(2748378,2750268,'Demirtaş',null,'demirtas','TR',1,40.2719400000,29.0983300000),
(2748383,2862471,'Demirözü',null,'demirozu','TR',1,40.1602300000,39.8923900000),
(2748688,2862470,'Damal',null,'damal','TR',1,41.3414500000,42.8368000000),
(2748761,2743881,'Daday',null,'daday','TR',1,41.4786600000,33.4666700000),
(2748841,2862469,'Çukurköy',null,'cukurkoy','TR',1,40.6045800000,29.4099000000),
(2748870,2323784,'Çubuk',null,'cubuk','TR',1,40.2386100000,33.0322200000),
(2748879,2748877,'Çorum',null,'corum','TR',1,40.5488900000,34.9533300000),
(2748893,2738926,'Çorlu',null,'corlu','TR',1,41.1591700000,27.8000000000),
(2749075,2862469,'Çınarcık',null,'cinarcik','TR',1,40.6453800000,29.1245000000),
(2749163,2862469,'Çiftlikköy',null,'ciftlikkoy','TR',1,40.6602800000,29.3236100000),
(2749183,2743881,'Cide',null,'cide','TR',1,41.8921100000,33.0043900000),
(2749263,2750268,'Cerrah',null,'cerrah','TR',1,40.0712400000,29.4466100000),
(2749274,2738926,'Çerkezköy',null,'cerkezkoey','TR',1,41.2862900000,27.9993900000),
(2749279,2749747,'Çerkeş',null,'cerkes','TR',1,40.8116400000,32.8935800000),
(2749392,2296560,'Çekerek',null,'cekerek','TR',1,40.0730600000,35.4947200000),
(2749421,2746423,'Kürtün',null,'kurtun','TR',1,40.6951600000,39.0946800000),
(2749456,2738647,'Çaykara',null,'caykara','TR',1,40.7426700000,40.2317500000),
(2749502,2740481,'Çayeli',null,'cayeli','TR',1,41.0860900000,40.7221300000),
(2749508,2737021,'Çaycuma',null,'caycuma','TR',1,41.4263900000,32.0755600000),
(2749644,2745042,'Çatalca',null,'catalca','TR',1,41.1432400000,28.4615400000),
(2749704,2740263,'Çarşamba',null,'carsamba','TR',1,41.1988900000,36.7219400000),
(2749740,2745042,'Çanta',null,'canta','TR',1,41.0789700000,28.0832300000),
(2749748,2749747,'Çankırı',null,'cankiri','TR',1,40.5999500000,33.6153000000),
(2749780,2749778,'Çanakkale',null,'canakkale','TR',1,40.1555200000,26.4127100000),
(2749795,2749778,'Çan',null,'can','TR',1,40.0332800000,27.0523600000),
(2749843,2323784,'Çamlıdere',null,'camlidere','TR',1,40.4895800000,32.4749900000),
(2749916,2741098,'Çamaş',null,'camas','TR',1,40.9020000000,37.5278600000),
(2750043,2750268,'Çakırlı',null,'cakirli','TR',1,40.5180600000,29.4522200000),
(2750059,2750268,'Çakırca',null,'cakirca','TR',1,40.4705600000,29.6633300000),
(2750165,2748877,'Laçin',null,'lacin','TR',1,40.7748600000,34.8806800000),
(2750228,2745042,'Büyükçavuşlu',null,'buyukcavuslu','TR',1,41.2400200000,28.0633100000),
(2750249,2745042,'Adalar',null,'adalar','TR',1,40.8677800000,29.1330600000),
(2750269,2750268,'Bursa',null,'bursa','TR',1,40.1955900000,29.0601300000),
(2750280,2862469,'Burhaniye',null,'burhaniye','TR',1,40.5689200000,29.4070500000),
(2750317,2746878,'Bulancak',null,'bulancak','TR',1,40.9380500000,38.2314800000),
(2750392,2743881,'Bozkurt',null,'bozkurt','TR',1,41.9576900000,34.0108700000),
(2750446,2745042,'Boyalık',null,'boyalik','TR',1,41.2633700000,28.6314200000),
(2750450,2750268,'Boyalıca',null,'boyalica','TR',1,40.4819400000,29.5608300000),
(2750468,2739598,'Boyabat',null,'boyabat','TR',1,41.4688900000,34.7666700000),
(2750496,2751816,'Borçka',null,'borcka','TR',1,41.3579200000,41.6657900000),
(2750516,2750510,'Bolu',null,'bolu','TR',1,40.7358300000,31.6061100000),
(2750598,2321122,'Bilecik',null,'bilecik','TR',1,40.1419200000,29.9793200000),
(2750605,2749778,'Biga',null,'biga','TR',1,40.2280600000,27.2422200000),
(2750615,2740263,'Asarcık',null,'asarcik','TR',1,41.0355600000,36.2355600000),
(2750637,2323784,'Beypazarı',null,'beypazari','TR',1,40.1675000000,31.9211100000),
(2750735,2738647,'Beşikdüzü',null,'besikduzu','TR',1,41.0520200000,39.2329400000),
(2750806,2321122,'Belenalan',null,'belenalan','TR',1,40.3174600000,29.9041800000),
(2750874,2749747,'Bayramören',null,'bayramoren','TR',1,40.9432900000,33.2030000000),
(2750938,2862471,'Bayburt',null,'bayburt','TR',1,40.2563100000,40.2228900000),
(2751036,2738742,'Başçiftlik',null,'basciftlik','TR',1,40.5469400000,37.1691700000),
(2751057,2862467,'Bartın',null,'bartin','TR',1,41.6358300000,32.3375000000),
(2751077,2322164,'Bandırma',null,'bandirma','TR',1,40.3522200000,27.9766700000),
(2751105,2745042,'Ballıca',null,'ballica','TR',1,40.9896700000,29.4022500000),
(2751170,2742865,'Balçık',null,'balcik','TR',1,40.8725000000,29.4283300000),
(2751277,2742865,'Bahçecik',null,'bahcecik','TR',1,40.6681000000,29.9147800000),
(2751324,2745042,'Bağcılar',null,'bagcilar','TR',1,41.0390300000,28.8567100000),
(2751335,2740263,'Bafra',null,'bafra','TR',1,41.5677800000,35.9069400000),
(2751371,2743165,'Babaeski',null,'babaeski','TR',1,41.4325000000,27.0930600000),
(2751388,2743881,'Azdavay',null,'azdavay','TR',1,41.6426700000,33.3000000000),
(2751427,2740263,'Ayvacık',null,'ayvacik','TR',1,40.9911100000,36.6313900000),
(2751475,2862471,'Aydıntepe',null,'aydintepe','TR',1,40.3832500000,40.1427200000),
(2751491,2296560,'Aydıncık',null,'aydincik','TR',1,40.1272700000,35.2876500000),
(2751511,2323784,'Ayaş',null,'ayas','TR',1,40.0193300000,32.3322100000),
(2751516,2739598,'Ayancık',null,'ayancik','TR',1,41.9447200000,34.5861100000),
(2751550,2321122,'Avdan',null,'avdan','TR',1,40.3677800000,29.8286100000),
(2751575,2749747,'Atkaracalar',null,'atkaracalar','TR',1,40.8159300000,33.0755600000),
(2751817,2751816,'Artvin',null,'artvin','TR',1,41.1816100000,41.8217200000),
(2751818,2738742,'Artova',null,'artova','TR',1,40.1157800000,36.3001000000),
(2751838,2738647,'Arsin',null,'arsin','TR',1,40.9527100000,39.9267400000),
(2751864,2743942,'Arpaçay',null,'arpacay','TR',1,40.8452200000,43.3274700000),
(2751868,2745042,'Arnavutköy',null,'arnavutkoey','TR',1,41.1835500000,28.7402000000),
(2751931,2751816,'Arhavi',null,'arhavi','TR',1,41.3512100000,41.3045600000),
(2751949,2740481,'Ardeşen',null,'ardesen','TR',1,41.1906400000,40.9793500000),
(2751950,2751816,'Ardanuç',null,'ardanuc','TR',1,41.1195500000,42.0688200000),
(2751952,2862470,'Ardahan',null,'ardahan','TR',1,41.1087100000,42.7022200000),
(2751971,2738647,'Araklı',null,'arakli','TR',1,40.9385400000,40.0584200000),
(2751976,2743881,'Araç',null,'arac','TR',1,41.2422200000,33.3276700000),
(2752015,2752014,'Amasya',null,'amasya','TR',1,40.6533300000,35.8330600000),
(2752016,2862467,'Amasra',null,'amasra','TR',1,41.7463300000,32.3863300000),
(2752042,2862469,'Altınova',null,'altinova','TR',1,40.6949500000,29.5098600000),
(2752083,2738742,'Almus',null,'almus','TR',1,40.3758300000,36.9044400000),
(2752184,2737021,'Alaplı',null,'alapli','TR',1,41.1814000000,31.3851400000),
(2752188,2750268,'Alanyurt',null,'alanyurt','TR',1,40.1088100000,29.5187100000),
(2752264,2745042,'Alacalı',null,'alacali','TR',1,41.1836600000,29.4567500000),
(2752278,2748877,'Alaca',null,'alaca','TR',1,40.1683300000,34.8425000000),
(2752284,2323784,'Akyurt',null,'akyurt','TR',1,40.1351200000,33.0861400000),
(2752288,2740352,'Akyazı',null,'akyazi','TR',1,40.6850000000,30.6222200000),
(2752359,2300617,'Aksu',null,'aksu','TR',1,40.0896400000,38.0346700000),
(2752437,2741098,'Akkuş',null,'akkus','TR',1,40.7930600000,37.0163900000),
(2752476,2300617,'Akıncılar',null,'akincilar','TR',1,40.0717200000,38.3433000000),
(2752584,2865521,'Akçakoca',null,'akcakoca','TR',1,41.0866300000,31.1162300000),
(2752627,2738647,'Akçaabat',null,'akcaabat','TR',1,41.0212100000,39.5714600000),
(2752765,2745042,'Ağva',null,'agva','TR',1,41.1380600000,29.8566700000),
(2752850,2740352,'Adapazarı',null,'adapazari','TR',1,40.7805600000,30.4033300000),
(2752926,2743881,'Abana',null,'abana','TR',1,41.9785800000,34.0110000000),
(2831432,2746878,'Espiye',null,'espiye','TR',1,40.9470500000,38.7029900000),
(2857229,2745042,'Celâliye',null,'celaliye','TR',1,41.0518800000,28.4186700000),
(2857230,2745042,'Muratbey',null,'muratbey','TR',1,41.0963000000,28.4922700000),
(2857232,2745042,'Büyük Sinekli',null,'bueyuek-sinekli','TR',1,41.2256000000,28.2131100000),
(2862940,2742865,'Halıdere',null,'halidere','TR',1,40.7160400000,29.7522300000),
(2862944,2745042,'İçmeler',null,'icmeler','TR',1,40.8463900000,29.3088900000),
(8354984,2745042,'Merter Keresteciler',null,'merter-keresteciler','TR',1,41.0129500000,28.8859300000),
(8354985,2745042,'güngören merter',null,'guengoeren-merter','TR',1,41.0071100000,28.8879500000),
(8544216,2315807,'Bahçecik',null,'bahcecik','TR',1,38.8996400000,40.0868100000),
(8620290,2304183,'Turgutreis',null,'turgutreis','TR',1,37.0166700000,27.2666700000),
(8692524,2304183,'Sarigerme',null,'sarigerme','TR',1,36.7154900000,28.7043600000),
(8692526,2304183,'Ölüdeniz',null,'oeluedeniz','TR',1,36.5667400000,29.1446700000),
(8697861,2746423,'Eymür',null,'eymuer','TR',1,40.8489400000,38.8722000000),
(8940491,2745042,'Arıköy',null,'arikoey','TR',1,41.2304400000,29.0042500000),
(8940561,2306569,'Çatalhöyük',null,'catalhoeyuek','TR',1,37.6684700000,32.8268900000),
(8941024,2748877,'Yemişli Mahallesi',null,'yemisli-mahallesi','TR',1,41.2240000000,34.6900400000),
(8947636,2745042,'Adalan',null,'adalan','TR',1,40.8759000000,29.0894000000),
(8947637,2745042,'Ataşehir',null,'atasehir','TR',1,40.9833000000,29.1167000000),
(8947639,2745042,'Başakşehir',null,'basaksehir','TR',1,41.0930700000,28.8020300000),
(8947640,2745042,'Beylikdüzü',null,'beylikduezue','TR',1,40.9820000000,28.6399000000),
(8947641,2745042,'Büyükçekmece',null,'bueyuekcekmece','TR',1,41.0207200000,28.5850200000),
(8955677,2323784,'Çankaya',null,'cankaya','TR',1,39.9179000000,32.8626800000),
(9280504,2304183,'Yaniklar',null,'yaniklar','TR',1,36.7082700000,29.0508100000),
(9281324,2296560,'Boğazcumafakılı',null,'bogazcumafakili','TR',1,39.9123400000,35.1719400000),
(9548911,2738647,'Tosköy',null,'toskoey','TR',1,40.9390000000,39.6758000000),
(9627067,2745042,'Bahçelievler',null,'bahcelievler','TR',1,41.0023100000,28.8598000000),
(9628416,2745042,'Sultangazi',null,'sultangazi','TR',1,41.1065200000,28.8684700000),
(9628419,2745042,'Sultanbeyli',null,'sultanbeyli','TR',1,40.9607200000,29.2706700000),
(9628420,2745042,'Sancaktepe',null,'sancaktepe','TR',1,41.0024400000,29.2318700000),
(9701384,2311044,'Karabağlar',null,'karabaglar','TR',1,38.3739600000,27.1352000000),
(9778810,2300617,'Çayköy',null,'caykoey','TR',1,39.8277600000,37.9030000000),
(10073704,2323776,'Akdamlar',null,'akdamlar','TR',1,36.8728800000,30.5186800000),
(10074174,2323776,'Muratpaşa',null,'muratpasa','TR',1,36.8915700000,30.7649800000),
(10138272,2323776,'Okurcalar',null,'okurcalar','TR',1,36.6487600000,31.7038700000),
(11072513,2323776,'Gedelme',null,'gedelme','TR',1,36.6124300000,30.4462900000),
(13238838,2317106,'Merkezefendi',null,'merkezefendi','TR',1,37.8054400000,29.0423600000),
(13238839,2323784,'Keçiören',null,'kecioren','TR',1,null,null);

/* Table structure for table `oc_t_city_area` */
CREATE TABLE IF NOT EXISTS `oc_t_city_area` (
  `pk_i_id` int(10) unsigned NOT NULL,
  `fk_i_city_id` int(10) unsigned NOT NULL,
  `s_name` varchar(255) NOT NULL,
  PRIMARY KEY (`pk_i_id`),
  KEY `fk_i_city_id` (`fk_i_city_id`),
  KEY `idx_s_name` (`s_name`),
  CONSTRAINT `oc_t_city_area_ibfk_1` FOREIGN KEY (`fk_i_city_id`) REFERENCES `oc_t_city` (`pk_i_id`)
) ENGINE=InnoDB DEFAULT CHARSET=utf8;


/* Table structure for table `oc_t_widget` */
CREATE TABLE IF NOT EXISTS `oc_t_widget` (
  `pk_i_id` int(10) unsigned NOT NULL AUTO_INCREMENT,
  `s_description` varchar(40) NOT NULL,
  `s_location` varchar(40) NOT NULL,
  `e_kind` enum('TEXT','HTML') NOT NULL,
  `s_content` mediumtext NOT NULL,
  PRIMARY KEY (`pk_i_id`)
) ENGINE=InnoDB AUTO_INCREMENT=3 DEFAULT CHARSET=utf8;


/* Table structure for table `oc_t_admin` */
CREATE TABLE IF NOT EXISTS `oc_t_admin` (
  `pk_i_id` int(10) unsigned NOT NULL AUTO_INCREMENT,
  `s_name` varchar(100) NOT NULL,
  `s_username` varchar(40) NOT NULL,
  `s_password` char(60) NOT NULL,
  `s_email` varchar(100) DEFAULT NULL,
  `s_secret` varchar(40) DEFAULT NULL,
  `b_moderator` tinyint(1) NOT NULL DEFAULT 0,
  `s_moderator_access` varchar(1000) DEFAULT NULL,
  `i_login_fails` int(3) DEFAULT 0,
  `dt_login_fail_date` datetime DEFAULT NULL,
  PRIMARY KEY (`pk_i_id`),
  UNIQUE KEY `s_username` (`s_username`),
  UNIQUE KEY `s_email` (`s_email`)
) ENGINE=InnoDB AUTO_INCREMENT=4 DEFAULT CHARSET=utf8;

/* dumping data for table `oc_t_admin` */
insert into `oc_t_admin` values
(1,'Administrator','admin','$2y$15$KKHUo1rs7JpzRT62CjVatuk.U0gfFIgg60XRjw2.TGnpUjQMUoVIq','ahmet@allmenkul.com',null,0,null,0,null),
(2,'Taylan İzci','taylan','$2y$15$xIxx8rdMJ0X7YUpUPwNi1u7cJ6oxmh.GNJBo58anYePfYYcI4MIXq','taylan@allmenkul.com',null,0,'',0,null),
(3,'Bahri Çökmez','bahri','$2y$15$1ctG.5xR0RxHzygjYWuotevDVYnIi6Muta3CkqdPKMkwAmuI7/Rru','bahri@allmenkul.com',null,0,'',1,'2022-04-02 10:11:36');

/* Table structure for table `oc_t_user` */
CREATE TABLE IF NOT EXISTS `oc_t_user` (
  `pk_i_id` int(10) unsigned NOT NULL AUTO_INCREMENT,
  `dt_reg_date` datetime NOT NULL,
  `dt_mod_date` datetime DEFAULT NULL,
  `s_name` varchar(100) NOT NULL,
  `s_username` varchar(100) NOT NULL,
  `s_password` char(60) NOT NULL,
  `s_secret` varchar(40) DEFAULT NULL,
  `s_email` varchar(100) NOT NULL,
  `s_website` varchar(100) DEFAULT NULL,
  `s_phone_land` varchar(45) DEFAULT NULL,
  `s_phone_mobile` varchar(45) DEFAULT NULL,
  `b_enabled` tinyint(1) NOT NULL DEFAULT 1,
  `b_active` tinyint(1) NOT NULL DEFAULT 0,
  `s_pass_code` varchar(100) DEFAULT NULL,
  `s_pass_date` datetime DEFAULT NULL,
  `s_pass_ip` varchar(15) DEFAULT NULL,
  `fk_c_country_code` char(2) DEFAULT NULL,
  `s_country` varchar(40) DEFAULT NULL,
  `s_country_native` varchar(80) DEFAULT NULL,
  `s_address` varchar(100) DEFAULT NULL,
  `s_zip` varchar(15) DEFAULT NULL,
  `fk_i_region_id` int(10) unsigned DEFAULT NULL,
  `s_region` varchar(100) DEFAULT NULL,
  `s_region_native` varchar(60) DEFAULT NULL,
  `fk_i_city_id` int(10) unsigned DEFAULT NULL,
  `s_city` varchar(100) DEFAULT NULL,
  `s_city_native` varchar(60) DEFAULT NULL,
  `fk_i_city_area_id` int(10) unsigned DEFAULT NULL,
  `s_city_area` varchar(200) DEFAULT NULL,
  `d_coord_lat` decimal(20,10) DEFAULT NULL,
  `d_coord_long` decimal(20,10) DEFAULT NULL,
  `b_company` tinyint(1) NOT NULL DEFAULT 0,
  `i_items` int(10) unsigned DEFAULT 0,
  `i_comments` int(10) unsigned DEFAULT 0,
  `dt_access_date` datetime DEFAULT NULL,
  `s_access_ip` varchar(15) NOT NULL DEFAULT '',
  `i_login_fails` int(3) DEFAULT 0,
  `dt_login_fail_date` datetime DEFAULT NULL,
  `s_profile_img` varchar(100) DEFAULT NULL,
  PRIMARY KEY (`pk_i_id`),
  UNIQUE KEY `s_email` (`s_email`),
  KEY `idx_s_name` (`s_name`(6)),
  KEY `idx_s_username` (`s_username`),
  KEY `fk_c_country_code` (`fk_c_country_code`),
  KEY `fk_i_region_id` (`fk_i_region_id`),
  KEY `fk_i_city_id` (`fk_i_city_id`),
  KEY `fk_i_city_area_id` (`fk_i_city_area_id`),
  CONSTRAINT `oc_t_user_ibfk_1` FOREIGN KEY (`fk_c_country_code`) REFERENCES `oc_t_country` (`pk_c_code`),
  CONSTRAINT `oc_t_user_ibfk_2` FOREIGN KEY (`fk_i_region_id`) REFERENCES `oc_t_region` (`pk_i_id`),
  CONSTRAINT `oc_t_user_ibfk_3` FOREIGN KEY (`fk_i_city_id`) REFERENCES `oc_t_city` (`pk_i_id`),
  CONSTRAINT `oc_t_user_ibfk_4` FOREIGN KEY (`fk_i_city_area_id`) REFERENCES `oc_t_city_area` (`pk_i_id`)
) ENGINE=InnoDB AUTO_INCREMENT=16 DEFAULT CHARSET=utf8;

/* dumping data for table `oc_t_user` */
insert into `oc_t_user` values
(1,'2022-03-04 05:22:08','2022-03-04 05:22:08','Aliman Valves Emporium','1','$2y$15$nZxVNQYt.sh/4rZTnT71G.09ZKaXHaHoree2m4OOjjpyrHSDYNULe','Xw30FepT','aliman_valves@rediffmail.com','','','7003925774',1,1,null,null,null,null,'',null,'','',null,'',null,null,'',null,null,'',null,null,0,66,0,'2022-03-04 05:55:51','115.96.152.179',0,null,null),
(2,'2022-03-10 13:45:43','2022-03-10 13:45:43','Bahri Çökmez','2','$2y$15$iFLi8LlaTengwUAhrCUuje5hCbQB.jJVCdsFbAm182oQ..93xgEii','ufSiEFx6','bahri.cokmez@ucozgroup.com','','','',1,1,null,null,null,null,'',null,'','',null,'',null,null,'',null,null,'',null,null,0,7,0,'2022-03-22 17:52:07','78.186.126.90',0,null,null),
(7,'2022-03-11 17:21:03','2022-03-16 12:58:53','Taylan','7','$2y$15$DHnA3PdOZq9MZ9kyruN8CuKA6FIfq2GXYYOJFPjAnL2kXtSKfn51q','eylcFutI','i.taylanizci152@gmail.com','','','05465641998',1,1,'8KyHpS6p0FQ2wSe1jZKlq0zDIUXWiA','2022-03-11 21:21:19','78.183.163.4',null,'',null,'Ufuktepe mahallesi 1251.sokak 5/6 Karabacak apt. Keçiören/Ankara','(546) 564 19 98',null,'',null,null,'',null,null,'KEÇİÖREN',null,null,0,17,0,'2022-04-04 12:12:03','88.244.132.165',0,null,null),
(8,'2022-03-12 10:11:38','2022-03-14 10:28:27','Taylan İzci','8','$2y$15$VbQqrH9MMURA7LlMcfuaMuYsiihze9Z645uivv9jFEjl7kDNPujpK','Ny8cDmZ5','taylan@allmenkul.com','','','05433698844',1,1,null,null,null,'TR','Turkey','Türkiye','Ufuktepe mahallesi 1251.sokak 5/6 Karabacak apt. Keçiören/Ankara','06450',2323784,'Ankara',null,null,'',null,null,'KEÇİÖREN',null,null,0,1,0,'2022-03-21 10:35:15','88.227.137.85',0,null,null),
(9,'2022-03-12 13:47:14','2022-03-12 13:47:14','deneme1','9','$2y$15$yKNU.74nsjEgAF.sR9kYtef/VQa0z8lSCDJacIyxa5XgOixSAXuoq','R5IoG2no','taylan@ucozgroup.com','','','',1,1,null,null,null,null,'',null,'','',null,'',null,null,'',null,null,'',null,null,0,0,0,'2022-03-12 15:56:24','88.227.137.85',0,null,null),
(10,'2022-03-12 18:50:04','2022-03-12 18:50:04','Ali Özkan','10','$2y$15$kr3JIl7FQOYZ8vNLt2rs/OKo0/JrwvTN0de8wJAQON31LV.Mk2jLu','gniwCcTf','ozkan.2012@gmail.com','','','+905455241291',1,1,null,null,null,null,'',null,'','',null,'',null,null,'',null,null,'',null,null,0,1,0,'2022-03-15 11:47:37','78.186.126.90',0,null,null),
(11,'2022-03-16 12:16:40','2022-03-16 12:16:40','Ahmet Yorulmaz','11','$2y$15$pf9dtiZqYdqV5hgyfv211.Jg2r6jv0iCtB7NNDhBpMEsHD6vmjxSy','JTIQHWyO','mr.ahmet.yorulmaz@gmail.com',null,null,null,1,1,null,null,null,null,null,null,null,null,null,null,null,null,null,null,null,null,null,null,0,0,0,'2022-03-18 11:41:30','212.154.115.3',0,null,null),
(12,'2022-03-16 19:25:50','2022-03-16 19:25:50','Bahri Çökmez','12','$2y$15$cstAZyARkB7M2Xi0FrmjgONyHLa3RmI/jRrkLfe2wxOUx88yBWTEu','SM0ZOp2M','ckmzbahri535@gmail.com',null,null,null,1,1,null,null,null,null,null,null,null,null,null,null,null,null,null,null,null,null,null,null,0,4,0,'2022-04-02 12:40:54','85.101.240.135',0,null,null),
(13,'2022-03-18 00:15:09','2022-03-18 00:15:09','Anya08W0770','13','$2y$15$tuIcHYSSaLkglam.l9MTQ.Bxqpf//iLB/Jk9njl115TfkK1oUQHM6','689PpShE','dorinehudgins@1secmail.org','','','0923-6069512',1,0,null,null,null,null,'',null,'','',null,'',null,null,'',null,null,'',null,null,0,0,0,'2022-03-18 00:15:09','104.227.107.236',0,null,null),
(14,'2022-03-21 12:15:34','2022-03-21 12:15:34','Saifullah Vandana','14','$2y$15$piR9UdmAapvOuFIfZ0TG4uDp9BogIbYjy.m1tGQKsEr4B2SN.yLUq','PuxlXUnn','vandanasaif@gmail.com',null,null,null,1,1,null,null,null,null,null,null,null,null,null,null,null,null,null,null,null,null,null,null,0,0,0,'2022-04-02 11:17:59','78.186.126.90',0,null,null),
(15,'2022-03-28 08:01:02','2022-03-28 08:01:02','JudeChristi','15','$2y$15$MTTAqEH/LED7GI99NgEgiO5KyoIVCHKGXEBUNrOuIvkF8xQKxXA6q','I5Pf3LHd','christianeheimbach2193@hidebox.org','','','06-13496349',1,1,null,null,null,null,'',null,'','',null,'',null,null,'',null,null,'',null,null,0,0,0,'2022-03-28 08:01:02','154.12.121.241',0,null,null);

/* Table structure for table `oc_t_user_description` */
CREATE TABLE IF NOT EXISTS `oc_t_user_description` (
  `fk_i_user_id` int(10) unsigned NOT NULL,
  `fk_c_locale_code` char(5) NOT NULL,
  `s_info` text DEFAULT NULL,
  PRIMARY KEY (`fk_i_user_id`,`fk_c_locale_code`),
  KEY `fk_c_locale_code` (`fk_c_locale_code`),
  CONSTRAINT `oc_t_user_description_ibfk_1` FOREIGN KEY (`fk_i_user_id`) REFERENCES `oc_t_user` (`pk_i_id`),
  CONSTRAINT `oc_t_user_description_ibfk_2` FOREIGN KEY (`fk_c_locale_code`) REFERENCES `oc_t_locale` (`pk_c_code`)
) ENGINE=InnoDB DEFAULT CHARSET=utf8;

/* dumping data for table `oc_t_user_description` */
insert into `oc_t_user_description` values
(7,'ar_SY',''),
(7,'en_US',''),
(7,'ru_RU',''),
(8,'ar_SY',''),
(8,'en_US',''),
(8,'ru_RU','');

/* Table structure for table `oc_t_category` */
CREATE TABLE IF NOT EXISTS `oc_t_category` (
  `pk_i_id` int(10) unsigned NOT NULL AUTO_INCREMENT,
  `fk_i_parent_id` int(10) unsigned DEFAULT NULL,
  `i_expiration_days` int(3) unsigned NOT NULL DEFAULT 0,
  `i_position` int(2) unsigned NOT NULL DEFAULT 0,
  `b_enabled` tinyint(1) NOT NULL DEFAULT 1,
  `b_price_enabled` tinyint(1) NOT NULL DEFAULT 1,
  `s_icon` varchar(250) DEFAULT NULL,
  `s_color` varchar(20) DEFAULT NULL,
  PRIMARY KEY (`pk_i_id`),
  KEY `fk_i_parent_id` (`fk_i_parent_id`),
  KEY `i_position` (`i_position`),
  CONSTRAINT `oc_t_category_ibfk_1` FOREIGN KEY (`fk_i_parent_id`) REFERENCES `oc_t_category` (`pk_i_id`)
) ENGINE=InnoDB AUTO_INCREMENT=199 DEFAULT CHARSET=utf8;

/* dumping data for table `oc_t_category` */
insert into `oc_t_category` values
(1,null,0,13,0,1,'',''),
(96,null,0,5,0,0,'',''),
(97,null,0,6,0,1,'',''),
(98,null,0,12,0,1,'',''),
(99,null,0,7,0,1,'',''),
(102,null,0,8,0,1,'',''),
(103,null,0,9,0,1,'',''),
(104,null,0,10,0,1,'1',''),
(119,null,0,11,0,1,'fa fa-globe',''),
(124,null,0,0,1,1,'',''),
(125,null,0,4,1,1,'',''),
(126,null,0,1,1,1,'',''),
(127,null,0,2,1,1,'',''),
(128,null,0,3,1,1,'',''),
(4,98,0,0,1,1,'',''),
(9,1,0,21,0,1,null,null),
(12,1,0,2,0,1,null,null),
(13,1,0,3,0,1,null,null),
(14,1,0,4,0,1,null,null),
(15,1,0,5,0,1,null,null),
(16,1,0,6,0,1,null,null),
(17,1,0,7,0,1,null,null),
(18,1,0,8,0,1,null,null),
(19,1,0,9,0,1,null,null),
(20,1,0,10,0,1,null,null),
(21,1,0,11,0,1,null,null),
(22,1,0,12,0,1,null,null),
(23,1,0,13,0,1,null,null),
(24,1,0,14,0,1,null,null),
(25,1,0,15,0,1,null,null),
(26,1,0,16,0,1,null,null),
(27,1,0,17,0,1,null,null),
(28,1,0,18,0,1,null,null),
(29,1,0,19,0,1,null,null),
(30,1,0,0,0,1,null,null),
(43,96,0,0,0,0,'',''),
(44,96,0,1,0,0,'',''),
(45,96,0,2,0,0,'',''),
(46,96,0,3,0,0,'',''),
(47,96,0,4,0,0,'',''),
(48,4,0,5,1,1,null,null),
(49,96,0,5,0,0,'',''),
(50,96,0,6,0,0,'',''),
(51,96,0,7,0,0,'',''),
(107,97,0,0,0,1,'',''),
(108,97,0,6,0,1,'',''),
(109,97,0,5,0,1,'',''),
(110,97,0,4,0,1,'',''),
(111,97,0,2,0,1,'',''),
(112,97,0,1,0,1,'',''),
(113,97,0,3,0,1,'',''),
(114,97,0,7,0,1,'',''),
(115,99,0,0,0,0,'',''),
(116,102,0,0,0,1,'',''),
(117,103,0,0,0,1,'',''),
(118,104,0,0,0,1,'',''),
(120,119,0,0,0,1,'',''),
(121,119,0,1,0,1,'',''),
(122,119,0,2,0,1,'',''),
(123,97,0,0,0,1,'',''),
(129,124,0,0,1,1,'',''),
(130,124,0,1,1,1,'',''),
(131,124,0,2,1,1,'',''),
(132,124,0,3,1,1,'',''),
(133,124,0,4,1,1,'',''),
(134,124,0,5,1,1,'',''),
(135,124,0,6,1,1,'',''),
(136,124,0,7,1,1,'',''),
(137,124,0,8,1,1,'',''),
(138,124,0,9,1,1,'',''),
(139,124,0,10,1,1,'',''),
(140,124,0,11,1,1,'',''),
(141,124,0,12,1,1,'',''),
(142,124,0,13,1,1,'',''),
(143,124,0,14,1,1,'',''),
(144,125,0,0,1,1,'',''),
(145,125,0,1,1,1,'',''),
(146,125,0,2,1,1,'',''),
(147,125,0,3,1,1,'',''),
(148,125,0,4,1,1,'',''),
(149,126,0,0,1,1,'',''),
(150,126,0,1,1,1,'',''),
(151,126,0,2,1,1,'',''),
(152,126,0,3,1,1,'',''),
(153,126,0,4,1,1,'',''),
(154,126,0,5,1,1,'',''),
(155,126,0,7,1,1,'',''),
(156,126,0,8,1,1,'',''),
(157,126,0,9,1,1,'',''),
(158,126,0,10,1,1,'',''),
(159,126,0,11,1,1,'',''),
(160,126,0,12,1,1,'',''),
(161,126,0,6,1,1,'',''),
(162,126,0,13,1,1,'',''),
(163,126,0,14,1,1,'',''),
(164,126,0,15,1,1,'',''),
(165,126,0,16,1,1,'',''),
(166,126,0,18,1,1,'',''),
(167,126,0,17,1,1,'',''),
(168,126,0,19,1,1,'',''),
(169,126,0,20,1,1,'',''),
(170,126,0,21,1,1,'',''),
(171,126,0,22,1,1,'',''),
(172,126,0,23,1,1,'',''),
(173,127,0,17,1,1,'',''),
(174,127,0,16,1,1,'',''),
(175,127,0,15,1,1,'',''),
(176,127,0,14,1,1,'',''),
(177,127,0,13,1,1,'',''),
(178,127,0,12,1,1,'',''),
(179,127,0,11,1,1,'',''),
(180,127,0,10,1,1,'',''),
(181,127,0,9,1,1,'',''),
(182,127,0,8,1,1,'',''),
(183,127,0,7,1,1,'',''),
(184,127,0,6,1,1,'',''),
(185,127,0,5,1,1,'',''),
(186,127,0,4,1,1,'',''),
(187,127,0,3,1,1,'',''),
(188,127,0,2,1,1,'',''),
(189,127,0,1,1,1,'',''),
(190,127,0,0,1,1,'',''),
(191,128,0,7,1,1,'',''),
(192,128,0,6,1,1,'',''),
(193,128,0,5,1,1,'',''),
(194,128,0,4,1,1,'',''),
(195,128,0,3,1,1,'',''),
(196,128,0,2,1,1,'',''),
(197,128,0,1,1,1,'',''),
(198,128,0,0,1,1,'','');

/* Table structure for table `oc_t_category_description` */
CREATE TABLE IF NOT EXISTS `oc_t_category_description` (
  `fk_i_category_id` int(10) unsigned NOT NULL,
  `fk_c_locale_code` char(5) NOT NULL,
  `s_name` varchar(100) DEFAULT NULL,
  `s_description` text DEFAULT NULL,
  `s_slug` varchar(255) NOT NULL,
  PRIMARY KEY (`fk_i_category_id`,`fk_c_locale_code`),
  KEY `idx_s_slug` (`s_slug`),
  KEY `fk_c_locale_code` (`fk_c_locale_code`),
  CONSTRAINT `oc_t_category_description_ibfk_1` FOREIGN KEY (`fk_i_category_id`) REFERENCES `oc_t_category` (`pk_i_id`),
  CONSTRAINT `oc_t_category_description_ibfk_2` FOREIGN KEY (`fk_c_locale_code`) REFERENCES `oc_t_locale` (`pk_c_code`)
) ENGINE=InnoDB DEFAULT CHARSET=utf8;

/* dumping data for table `oc_t_category_description` */
insert into `oc_t_category_description` values
(1,'ar_SY','للبيع','','%d9%84%d9%84%d8%a8%d9%8a%d8%b9'),
(1,'de_DE','Kaufen','','kaufen'),
(1,'en_US','For sale','','for-sale'),
(1,'ru_RU','Satılık','','satilik'),
(1,'tr_TR','Satılık','','satilik'),
(1,'zh_CN','Satılık','','satilik_3'),
(30,'ar_SY','كل شيء آخر','','%d9%83%d9%84-%d8%b4%d9%8a%d8%a1-%d8%a2%d8%ae%d8%b1'),
(30,'de_DE','Sonstiges','','sonstiges'),
(30,'en_US','Everything Else',null,'everything-else'),
(30,'ru_RU','Diğer Her Şey','','diger-her-sey_2'),
(30,'zh_CN','Diğer Her Şey','','diger-her-sey_3'),
(43,'ar_SY','منازل - شقق للبيع','','%d9%85%d9%86%d8%a7%d8%b2%d9%84-%d8%b4%d9%82%d9%82-%d9%84%d9%84%d8%a8%d9%8a%d8%b9'),
(43,'de_DE','Immobilien zum Verkauf','','immobilien-zum-verkauf'),
(43,'en_US','Houses - Apartments for Sale','','houses-apartments-for-sale'),
(43,'ru_RU','Satılık Daire - Ev','','satilik-daire-ev'),
(43,'tr_TR','Satılık Daire - Ev','','satilik-daire-ev'),
(43,'zh_CN','Satılık Daire - Ev','','satilik-daire-ev_3'),
(44,'ar_SY','منازل - شقق للإيجار','','%d9%85%d9%86%d8%a7%d8%b2%d9%84-%d8%b4%d9%82%d9%82-%d9%84%d9%84%d8%a5%d9%8a%d8%ac%d8%a7%d8%b1'),
(44,'de_DE','Immobilien zur Miete','','immobilien-zur-miete'),
(44,'en_US','Houses - Apartments for Rent','','houses-apartments-for-rent'),
(44,'ru_RU','Kiralık Daire - Ev','','kiralik-daire-ev'),
(44,'tr_TR','Kiralık Daire - Ev','','kiralik-daire-ev'),
(44,'zh_CN','Kiralık Daire - Ev','','kiralik-daire-ev_3'),
(45,'ar_SY','غرف للإيجار - للمشاركة','','%d8%ba%d8%b1%d9%81-%d9%84%d9%84%d8%a5%d9%8a%d8%ac%d8%a7%d8%b1-%d9%84%d9%84%d9%85%d8%b4%d8%a7%d8%b1%d9%83%d8%a9'),
(45,'de_DE','WG-Zimmer zur Miete','','wg-zimmer-zur-miete'),
(45,'en_US','Rooms for Rent - Shared','','rooms-for-rent-shared'),
(45,'ru_RU','Kiralık Oda - Paylaşım','','kiralik-oda-paylasim'),
(45,'tr_TR','Kiralık Oda - Paylaşım','','kiralik-oda-paylasim'),
(45,'zh_CN','Kiralık Oda - Paylaşım','','kiralik-oda-paylasim_3'),
(46,'ar_SY','تبادل المنازل','','%d8%aa%d8%a8%d8%a7%d8%af%d9%84-%d8%a7%d9%84%d9%85%d9%86%d8%a7%d8%b2%d9%84'),
(46,'de_DE','Haustausch','','haustausch'),
(46,'en_US','Housing Swap','','housing-swap'),
(46,'ru_RU','Konut Değiş Tokuşu','','konut-degis-tokusu'),
(46,'tr_TR','Konut Değiş Tokuşu','','konut-degis-tokusu'),
(46,'zh_CN','Konut Değiş Tokuşu','','konut-degis-tokusu_3'),
(47,'ar_SY','إيجارات الأجازات','','%d8%a5%d9%8a%d8%ac%d8%a7%d8%b1%d8%a7%d8%aa-%d8%a7%d9%84%d8%a3%d8%ac%d8%a7%d8%b2%d8%a7%d8%aa'),
(47,'de_DE','Ferienwohnungen','','ferienwohnungen'),
(47,'en_US','Vacation Rentals','','vacation-rentals'),
(47,'ru_RU','Tatil İçin Kiralık','','tatil-icin-kiralik'),
(47,'tr_TR','Tatil İçin Kiralık','','tatil-icin-kiralik'),
(47,'zh_CN','Tatil İçin Kiralık','','tatil-icin-kiralik_3'),
(49,'ar_SY','Land','','land'),
(49,'de_DE','Land','','land'),
(49,'en_US','Land','','land'),
(49,'ru_RU','Arsa','','arsa'),
(49,'tr_TR','Arsa','','arsa'),
(49,'zh_CN','Arsa','','arsa_3'),
(50,'ar_SY','مكاتب - مساحات تجارية','','%d9%85%d9%83%d8%a7%d8%aa%d8%a8-%d9%85%d8%b3%d8%a7%d8%ad%d8%a7%d8%aa-%d8%aa%d8%ac%d8%a7%d8%b1%d9%8a%d8%a9'),
(50,'de_DE','Büro - Gewerbeimmobilien','','buro-gewerbeimmobilien'),
(50,'en_US','Office - Commercial Space','','office-commercial-space'),
(50,'ru_RU','Ofis - Ticari Yer','','ofis-ticari-yer'),
(50,'tr_TR','Ofis - Ticari Yer','','ofis-ticari-yer'),
(50,'zh_CN','Ofis - Ticari Yer','','ofis-ticari-yer_3'),
(51,'ar_SY','محلات للإيجار - للبيع','','%d9%85%d8%ad%d9%84%d8%a7%d8%aa-%d9%84%d9%84%d8%a5%d9%8a%d8%ac%d8%a7%d8%b1-%d9%84%d9%84%d8%a8%d9%8a%d8%b9'),
(51,'de_DE','Ladenfläche zum Verkauf/Miete','','ladenflache-zum-verkaufmiete'),
(51,'en_US','Shops for Rent - Sale','','shops-for-rent-sale'),
(51,'ru_RU','Satılık ve Kiralık Dükkan','','satilik-ve-kiralik-dukkan'),
(51,'tr_TR','Satılık ve Kiralık Dükkan','','satilik-ve-kiralik-dukkan'),
(51,'zh_CN','Satılık ve Kiralık Dükkan','','satilik-ve-kiralik-dukkan_3'),
(96,'ar_SY','Owner','','owner'),
(96,'de_DE','Owner','','owner'),
(96,'en_US','Owner','','owner'),
(96,'ru_RU','Sahibinden','','sahibinden'),
(96,'tr_TR','Sahibinden','','sahibinden'),
(96,'zh_CN','Sahibinden','','sahibinden'),
(97,'ar_SY',' Real Estate Office','','real-estate-office'),
(97,'de_DE',' Real Estate Office','','real-estate-office'),
(97,'en_US',' Real Estate Office','','real-estate-office'),
(97,'ru_RU','Emlak Ofisinden','','emlak-ofisinden'),
(97,'tr_TR','Emlak Ofisinden','','emlak-ofisinden'),
(97,'zh_CN','Emlak Ofisinden','','emlak-ofisinden'),
(98,'ru_RU','Kiralık','','kiralik_2'),
(98,'zh_CN','Kiralık','','kiralik_3'),
(99,'ar_SY','Projects','','projects'),
(99,'de_DE','Projects','','projects'),
(99,'en_US','Projects','','projects'),
(99,'ru_RU','Projeler','','projeler'),
(99,'tr_TR','Projeler','','projeler'),
(99,'zh_CN','Projeler','','projeler'),
(102,'ar_SY','Construction Company','','construction-company'),
(102,'de_DE','Construction Company','','construction-company'),
(102,'en_US','Construction Company','','construction-company'),
(102,'ru_RU','İnşaat Firmasından','','insaat-firmasindan'),
(102,'tr_TR','İnşaat Firmasından','','insaat-firmasindan'),
(102,'zh_CN','İnşaat Firmasından','','insaat-firmasindan'),
(103,'ar_SY','From Bank','','from-bank'),
(103,'de_DE','From Bank','','from-bank'),
(103,'en_US','From Bank','','from-bank'),
(103,'ru_RU','Bankadan','','bankadan'),
(103,'tr_TR','Bankadan','','bankadan'),
(103,'zh_CN','Bankadan','','bankadan'),
(104,'ar_SY','Executive','','executive'),
(104,'de_DE','Executive','','executive'),
(104,'en_US','Executive','','executive'),
(104,'ru_RU','İcralık','','icralik'),
(104,'tr_TR','İcralık','','icralik'),
(104,'zh_CN','İcralık','','icralik'),
(119,'ar_SY','Global','','global'),
(119,'de_DE','Global','','global'),
(119,'en_US','Global','','global'),
(119,'ru_RU','Глобальный','','globalnyj'),
(119,'tr_TR','Küresel','','kuresel'),
(120,'ar_SY','ألمانيا','','%d8%a3%d9%84%d9%85%d8%a7%d9%86%d9%8a%d8%a7'),
(120,'de_DE','Deutschland','','deutschland'),
(120,'en_US','Germany','','germany'),
(120,'ru_RU','Глобальный','','globalnyj_1'),
(120,'tr_TR','Almanya','','almanya'),
(121,'ar_SY','إنكلترا','','%d8%a5%d9%86%d9%83%d9%84%d8%aa%d8%b1%d8%a7'),
(121,'de_DE','England','','england'),
(121,'en_US','England','','england'),
(121,'ru_RU','Англия','','anglija'),
(121,'tr_TR','İngiltere','','ingiltere'),
(122,'ar_SY','فرنسا','','%d9%81%d8%b1%d9%86%d8%b3%d8%a7'),
(122,'de_DE','Frankreich','','frankreich'),
(122,'en_US','France','','france'),
(122,'ru_RU','Франция','','francija'),
(122,'tr_TR','Fransa','','fransa'),
(123,'tr_TR','Emlakçıdan','','emlakcidan'),
(124,'tr_TR','Konut','','konut'),
(125,'tr_TR','Devremülk','','devremulk'),
(126,'tr_TR','İşyeri','','isyeri'),
(127,'tr_TR','Arsa','','arsa_1'),
(128,'tr_TR','Turistik İşletme','','turistik-isletme'),
(129,'tr_TR','Daire','','daire'),
(130,'tr_TR','Villa','','villa'),
(131,'tr_TR','Müstakil Ev','','mustakil-ev'),
(132,'tr_TR','Prefabrik','','prefabrik'),
(133,'tr_TR','Bina','','bina'),
(134,'tr_TR','Residence','','residence'),
(135,'tr_TR','Yazlık','','yazlik'),
(136,'tr_TR','Köy Evi','','koy-evi'),
(137,'tr_TR','Çiftlik Evi','','ciftlik-evi'),
(138,'tr_TR','Köşk','','kosk'),
(139,'tr_TR','Yalı Dairesi','','yali-dairesi'),
(140,'tr_TR','Yalı','','yali'),
(141,'tr_TR','Dağ Evi','','dag-evi'),
(142,'tr_TR','Loft Daire','','loft-daire'),
(143,'tr_TR','Kooperatif','','kooperatif'),
(144,'tr_TR','Apartman Dairesi','','apartman-dairesi'),
(145,'tr_TR','Villa','','villa_1'),
(146,'tr_TR','Dublex','','dublex'),
(147,'tr_TR','Triplex','','triplex'),
(148,'tr_TR','Bungalov','','bungalov'),
(149,'tr_TR','Dükkan & Mağaza','','dukkan-magaza'),
(150,'tr_TR','Ofis','','ofis'),
(151,'tr_TR','Bina','','bina_1'),
(152,'tr_TR','Apartman Dairesi','','apartman-dairesi_1'),
(153,'tr_TR','Genel','','genel'),
(154,'tr_TR','Fabrika','','fabrika'),
(155,'tr_TR','Plaza Katı','','plaza-kati'),
(156,'tr_TR','Depo','','depo'),
(157,'tr_TR','Atölye','','atolye'),
(158,'tr_TR','Çiftlik','','ciftlik'),
(159,'tr_TR','İş Hanı','','is-hani'),
(160,'tr_TR','İş Hanı Katı','','is-hani-kati'),
(161,'tr_TR','Plaza','','plaza'),
(162,'tr_TR','Villa','','villa_2'),
(163,'tr_TR','Villa Katı','','villa-kati'),
(164,'tr_TR','Benzin İstasyonu','','benzin-istasyonu'),
(165,'tr_TR','Eczane','','eczane'),
(166,'tr_TR','Sanal & Hazır Ofis','','sanal-hazir-ofis'),
(167,'tr_TR','Hastane','','hastane'),
(168,'tr_TR','Turistik İşletme','','turistik-isletme_1'),
(169,'tr_TR','Cafe & Bar','','cafe-bar'),
(170,'tr_TR','Taksi Durağı','','taksi-duragi'),
(171,'tr_TR','Büro','','buro'),
(172,'tr_TR','Pazar Yeri','','pazar-yeri'),
(173,'tr_TR','Zeytinlik','','zeytinlik'),
(174,'tr_TR','Turistik Arsa','','turistik-arsa'),
(175,'tr_TR','Toplu Konut için Tahsis','','toplu-konut-icin-tahsis'),
(176,'tr_TR','Tarla','','tarla'),
(177,'tr_TR','Sit Alanı','','sit-alani'),
(178,'tr_TR','Özel Kullanım','','ozel-kullanim'),
(179,'tr_TR','Okul (Eğitim Tesisi)','','okul-egitim-tesisi'),
(180,'tr_TR','Muhtelif Arsa','','muhtelif-arsa'),
(181,'tr_TR','Maden Ocağı','','maden-ocagi'),
(182,'tr_TR','Konut+Ticaret','','konutticaret'),
(183,'tr_TR','İmarlı - Ticari','','imarli-ticari'),
(184,'tr_TR','İmarlı - Sanayi','','imarli-sanayi'),
(185,'tr_TR','İmarlı - Konut','','imarli-konut'),
(186,'tr_TR','Hastane (Sağlık Tesisi)','','hastane-saglik-tesisi'),
(187,'tr_TR','Depo, Antrepo İzinli','','depo-antrepo-izinli'),
(188,'tr_TR','Çiftlik','','ciftlik_1'),
(189,'tr_TR','Bahçe','','bahce'),
(190,'tr_TR','Bağ','','bag'),
(191,'tr_TR','Tatil Köyü','','tatil-koyu'),
(192,'tr_TR','Pansiyon','','pansiyon'),
(193,'tr_TR','Otel','','otel'),
(194,'tr_TR','Motel','','motel'),
(195,'tr_TR','Mocamp','','mocamp'),
(196,'tr_TR','Kaplıca Tesisi','','kaplica-tesisi'),
(197,'tr_TR','Butik Otel','','butik-otel'),
(198,'tr_TR','Apart','','apart');

/* Table structure for table `oc_t_category_stats` */
CREATE TABLE IF NOT EXISTS `oc_t_category_stats` (
  `fk_i_category_id` int(10) unsigned NOT NULL,
  `i_num_items` int(10) unsigned NOT NULL DEFAULT 0,
  PRIMARY KEY (`fk_i_category_id`),
  CONSTRAINT `oc_t_category_stats_ibfk_1` FOREIGN KEY (`fk_i_category_id`) REFERENCES `oc_t_category` (`pk_i_id`)
) ENGINE=InnoDB DEFAULT CHARSET=utf8;

/* dumping data for table `oc_t_category_stats` */
insert into `oc_t_category_stats` values
(1,0),
(9,1),
(12,0),
(13,0),
(14,0),
(15,0),
(16,0),
(17,0),
(18,0),
(19,0),
(20,0),
(21,0),
(22,0),
(23,0),
(24,0),
(25,0),
(26,0),
(27,0),
(28,0),
(29,0),
(30,66),
(43,18),
(44,2),
(45,0),
(46,0),
(47,0),
(48,0),
(49,2),
(50,0),
(51,0),
(96,0),
(97,0),
(98,0),
(99,0),
(102,0),
(103,0),
(104,0),
(107,0),
(108,0),
(109,0),
(110,0),
(111,0),
(112,1),
(113,0),
(114,0),
(115,0),
(116,0),
(117,0),
(118,0),
(119,0),
(120,0),
(121,0),
(122,0),
(123,0),
(124,8),
(125,0),
(126,0),
(127,0),
(128,0),
(129,6),
(130,2),
(131,0),
(132,0),
(133,0),
(134,0),
(135,0),
(136,0),
(137,0),
(138,0),
(139,0),
(140,0),
(141,0),
(142,0),
(143,0),
(144,0),
(145,0),
(146,0),
(147,0),
(148,0),
(149,0),
(150,0),
(151,0),
(152,0),
(153,0),
(154,0),
(155,0),
(156,0),
(157,0),
(158,0),
(159,0),
(160,0),
(161,0),
(162,0),
(163,0),
(164,0),
(165,0),
(166,0),
(167,0),
(168,0),
(169,0),
(170,0),
(171,0),
(172,0),
(173,0),
(174,0),
(175,0),
(176,0),
(177,0),
(178,0),
(179,0),
(180,0),
(181,0),
(182,0),
(183,0),
(184,0),
(185,0),
(186,0),
(187,0),
(188,0),
(189,0),
(190,0),
(191,0),
(192,0),
(193,0),
(194,0),
(195,0),
(196,0),
(197,0),
(198,0);

/* Table structure for table `oc_t_item` */
CREATE TABLE IF NOT EXISTS `oc_t_item` (
  `pk_i_id` int(10) unsigned NOT NULL AUTO_INCREMENT,
  `fk_i_user_id` int(10) unsigned DEFAULT NULL,
  `fk_i_category_id` int(10) unsigned NOT NULL,
  `dt_pub_date` datetime NOT NULL,
  `dt_mod_date` datetime DEFAULT NULL,
  `f_price` float DEFAULT NULL,
  `i_price` bigint(20) DEFAULT NULL,
  `fk_c_currency_code` char(3) DEFAULT NULL,
  `s_contact_name` varchar(100) DEFAULT NULL,
  `s_contact_email` varchar(140) NOT NULL,
  `s_contact_phone` varchar(100) DEFAULT NULL,
  `s_contact_other` varchar(100) DEFAULT NULL,
  `s_ip` varchar(64) NOT NULL DEFAULT '',
  `b_premium` tinyint(1) NOT NULL DEFAULT 0,
  `b_enabled` tinyint(1) NOT NULL DEFAULT 1,
  `b_active` tinyint(1) NOT NULL DEFAULT 0,
  `b_spam` tinyint(1) NOT NULL DEFAULT 0,
  `s_secret` varchar(40) DEFAULT NULL,
  `b_show_email` tinyint(1) DEFAULT NULL,
  `b_show_phone` tinyint(1) DEFAULT 1,
  `i_renewed` int(3) DEFAULT 0,
  `dt_expiration` datetime NOT NULL DEFAULT '9999-12-31 23:59:59',
  PRIMARY KEY (`pk_i_id`),
  KEY `fk_i_user_id` (`fk_i_user_id`),
  KEY `idx_b_premium` (`b_premium`),
  KEY `idx_s_contact_email` (`s_contact_email`(10)),
  KEY `fk_i_category_id` (`fk_i_category_id`),
  KEY `fk_c_currency_code` (`fk_c_currency_code`),
  KEY `idx_pub_date` (`dt_pub_date`),
  KEY `idx_price` (`i_price`),
  CONSTRAINT `oc_t_item_ibfk_1` FOREIGN KEY (`fk_i_user_id`) REFERENCES `oc_t_user` (`pk_i_id`),
  CONSTRAINT `oc_t_item_ibfk_2` FOREIGN KEY (`fk_i_category_id`) REFERENCES `oc_t_category` (`pk_i_id`),
  CONSTRAINT `oc_t_item_ibfk_3` FOREIGN KEY (`fk_c_currency_code`) REFERENCES `oc_t_currency` (`pk_c_code`)
) ENGINE=InnoDB AUTO_INCREMENT=87 DEFAULT CHARSET=utf8;

/* dumping data for table `oc_t_item` */
insert into `oc_t_item` values
(1,null,9,'2022-02-09 12:57:47',null,null,null,null,'Example author','osclass@example.com','','','85.97.147.156',0,1,1,0,'3YitfyoC',0,0,0,'9999-12-31 23:59:59'),
(2,1,30,'2022-03-04 05:37:23',null,null,null,null,'Aliman Valves Emporium','aliman_valves@rediffmail.com','','','115.96.152.179',0,0,1,0,'cIp82tnf',0,1,0,'9999-12-31 23:59:59'),
(3,1,30,'2022-03-04 05:37:40',null,null,null,null,'Aliman Valves Emporium','aliman_valves@rediffmail.com','','','115.96.152.179',0,0,1,0,'WiNdlfE3',0,1,0,'9999-12-31 23:59:59'),
(4,1,30,'2022-03-04 05:37:57',null,null,null,null,'Aliman Valves Emporium','aliman_valves@rediffmail.com','','','115.96.152.179',0,0,1,0,'UQ9LUOQh',0,1,0,'9999-12-31 23:59:59'),
(5,1,30,'2022-03-04 05:38:11',null,null,null,null,'Aliman Valves Emporium','aliman_valves@rediffmail.com','','','115.96.152.179',0,0,1,0,'1O640JtG',0,1,0,'9999-12-31 23:59:59'),
(6,1,30,'2022-03-04 05:38:29',null,null,null,null,'Aliman Valves Emporium','aliman_valves@rediffmail.com','','','115.96.152.179',0,0,1,0,'KVbXGjPI',0,1,0,'9999-12-31 23:59:59'),
(7,1,30,'2022-03-04 05:38:44',null,null,null,null,'Aliman Valves Emporium','aliman_valves@rediffmail.com','','','115.96.152.179',0,0,1,0,'v99koi8t',0,1,0,'9999-12-31 23:59:59'),
(8,1,30,'2022-03-04 05:39:01',null,null,null,null,'Aliman Valves Emporium','aliman_valves@rediffmail.com','','','115.96.152.179',0,0,1,0,'sKeKuXXG',0,1,0,'9999-12-31 23:59:59'),
(9,1,30,'2022-03-04 05:39:17',null,null,null,null,'Aliman Valves Emporium','aliman_valves@rediffmail.com','','','115.96.152.179',0,0,1,0,'RnzFInmi',0,1,0,'9999-12-31 23:59:59'),
(10,1,30,'2022-03-04 05:39:34',null,null,null,null,'Aliman Valves Emporium','aliman_valves@rediffmail.com','','','115.96.152.179',0,0,1,0,'bLVVk0ms',0,1,0,'9999-12-31 23:59:59'),
(11,1,30,'2022-03-04 05:39:49',null,null,null,null,'Aliman Valves Emporium','aliman_valves@rediffmail.com','','','115.96.152.179',0,0,1,0,'9adkOX5t',0,1,0,'9999-12-31 23:59:59'),
(12,1,30,'2022-03-04 05:40:04',null,null,null,null,'Aliman Valves Emporium','aliman_valves@rediffmail.com','','','115.96.152.179',0,0,1,0,'6XOh7pNN',0,1,0,'9999-12-31 23:59:59'),
(13,1,30,'2022-03-04 05:40:24',null,null,null,null,'Aliman Valves Emporium','aliman_valves@rediffmail.com','','','115.96.152.179',0,0,1,0,'j3lpXEGV',0,1,0,'9999-12-31 23:59:59'),
(14,1,30,'2022-03-04 05:40:55',null,null,null,null,'Aliman Valves Emporium','aliman_valves@rediffmail.com','','','115.96.152.179',0,0,1,0,'pyfkS3Ms',0,1,0,'9999-12-31 23:59:59'),
(15,1,30,'2022-03-04 05:41:12',null,null,null,null,'Aliman Valves Emporium','aliman_valves@rediffmail.com','','','115.96.152.179',0,0,1,0,'Tm9YS2Iz',0,1,0,'9999-12-31 23:59:59'),
(16,1,30,'2022-03-04 05:41:29',null,null,null,null,'Aliman Valves Emporium','aliman_valves@rediffmail.com','','','115.96.152.179',0,0,1,0,'Urzt6A9L',0,1,0,'9999-12-31 23:59:59'),
(17,1,30,'2022-03-04 05:41:43',null,null,null,null,'Aliman Valves Emporium','aliman_valves@rediffmail.com','','','115.96.152.179',0,0,1,0,'VEQkUhAr',0,1,0,'9999-12-31 23:59:59'),
(18,1,30,'2022-03-04 05:41:58',null,null,null,null,'Aliman Valves Emporium','aliman_valves@rediffmail.com','','','115.96.152.179',0,0,1,0,'pSZrbyOT',0,1,0,'9999-12-31 23:59:59'),
(19,1,30,'2022-03-04 05:42:12',null,null,null,null,'Aliman Valves Emporium','aliman_valves@rediffmail.com','','','115.96.152.179',0,0,1,0,'ZihFbPlP',0,1,0,'9999-12-31 23:59:59'),
(20,1,30,'2022-03-04 05:42:29',null,null,null,null,'Aliman Valves Emporium','aliman_valves@rediffmail.com','','','115.96.152.179',0,0,1,0,'jzZe26Df',0,1,0,'9999-12-31 23:59:59'),
(21,1,30,'2022-03-04 05:42:44',null,null,null,null,'Aliman Valves Emporium','aliman_valves@rediffmail.com','','','115.96.152.179',0,0,1,0,'f8WhAAzI',0,1,0,'9999-12-31 23:59:59'),
(22,1,30,'2022-03-04 05:43:00',null,null,null,null,'Aliman Valves Emporium','aliman_valves@rediffmail.com','','','115.96.152.179',0,0,1,0,'3GPs66yP',0,1,0,'9999-12-31 23:59:59'),
(23,1,30,'2022-03-04 05:43:18',null,null,null,null,'Aliman Valves Emporium','aliman_valves@rediffmail.com','','','115.96.152.179',0,0,1,0,'cxeXfrtY',0,1,0,'9999-12-31 23:59:59'),
(24,1,30,'2022-03-04 05:43:33',null,null,null,null,'Aliman Valves Emporium','aliman_valves@rediffmail.com','','','115.96.152.179',0,0,1,0,'qxaearpU',0,1,0,'9999-12-31 23:59:59'),
(25,1,30,'2022-03-04 05:43:48',null,null,null,null,'Aliman Valves Emporium','aliman_valves@rediffmail.com','','','115.96.152.179',0,0,1,0,'EcAqQxSA',0,1,0,'9999-12-31 23:59:59'),
(26,1,30,'2022-03-04 05:44:07',null,null,null,null,'Aliman Valves Emporium','aliman_valves@rediffmail.com','','','115.96.152.179',0,0,1,0,'J7WcOsOA',0,1,0,'9999-12-31 23:59:59'),
(27,1,30,'2022-03-04 05:44:24',null,null,null,null,'Aliman Valves Emporium','aliman_valves@rediffmail.com','','','115.96.152.179',0,0,1,0,'U3MY2ebk',0,1,0,'9999-12-31 23:59:59'),
(28,1,30,'2022-03-04 05:44:39',null,null,null,null,'Aliman Valves Emporium','aliman_valves@rediffmail.com','','','115.96.152.179',0,0,1,0,'jgYp2Vzk',0,1,0,'9999-12-31 23:59:59'),
(29,1,30,'2022-03-04 05:44:57',null,null,null,null,'Aliman Valves Emporium','aliman_valves@rediffmail.com','','','115.96.152.179',0,0,1,0,'yst4cJg1',0,1,0,'9999-12-31 23:59:59'),
(30,1,30,'2022-03-04 05:45:16',null,null,null,null,'Aliman Valves Emporium','aliman_valves@rediffmail.com','','','115.96.152.179',0,0,1,0,'mYmfNhx0',0,1,0,'9999-12-31 23:59:59'),
(31,1,30,'2022-03-04 05:45:33',null,null,null,null,'Aliman Valves Emporium','aliman_valves@rediffmail.com','','','115.96.152.179',0,0,1,0,'zCiV6Fej',0,1,0,'9999-12-31 23:59:59'),
(32,1,30,'2022-03-04 05:45:49',null,null,null,null,'Aliman Valves Emporium','aliman_valves@rediffmail.com','','','115.96.152.179',0,0,1,0,'m4jnF7fd',0,1,0,'9999-12-31 23:59:59'),
(33,1,30,'2022-03-04 05:46:04',null,null,null,null,'Aliman Valves Emporium','aliman_valves@rediffmail.com','','','115.96.152.179',0,0,1,0,'HPvDh5g1',0,1,0,'9999-12-31 23:59:59'),
(34,1,30,'2022-03-04 05:46:21',null,null,null,null,'Aliman Valves Emporium','aliman_valves@rediffmail.com','','','115.96.152.179',0,0,1,0,'rCRejH8B',0,1,0,'9999-12-31 23:59:59'),
(35,1,30,'2022-03-04 05:46:37',null,null,null,null,'Aliman Valves Emporium','aliman_valves@rediffmail.com','','','115.96.152.179',0,0,1,0,'F6V5lMBO',0,1,0,'9999-12-31 23:59:59'),
(36,1,30,'2022-03-04 05:46:54',null,null,null,null,'Aliman Valves Emporium','aliman_valves@rediffmail.com','','','115.96.152.179',0,0,1,0,'iOJbaj4b',0,1,0,'9999-12-31 23:59:59'),
(37,1,30,'2022-03-04 05:47:09',null,null,null,null,'Aliman Valves Emporium','aliman_valves@rediffmail.com','','','115.96.152.179',0,0,1,0,'6gr1HXU0',0,1,0,'9999-12-31 23:59:59'),
(38,1,30,'2022-03-04 05:47:26',null,null,null,null,'Aliman Valves Emporium','aliman_valves@rediffmail.com','','','115.96.152.179',0,0,1,0,'HZ1klqdC',0,1,0,'9999-12-31 23:59:59'),
(39,1,30,'2022-03-04 05:47:41',null,null,null,null,'Aliman Valves Emporium','aliman_valves@rediffmail.com','','','115.96.152.179',0,0,1,0,'FLVfsE27',0,1,0,'9999-12-31 23:59:59'),
(40,1,30,'2022-03-04 05:47:57',null,null,null,null,'Aliman Valves Emporium','aliman_valves@rediffmail.com','','','115.96.152.179',0,0,1,0,'EzghU02L',0,1,0,'9999-12-31 23:59:59'),
(41,1,30,'2022-03-04 05:48:12',null,null,null,null,'Aliman Valves Emporium','aliman_valves@rediffmail.com','','','115.96.152.179',0,0,1,0,'W0JCMHy3',0,1,0,'9999-12-31 23:59:59'),
(42,1,30,'2022-03-04 05:48:29',null,null,null,null,'Aliman Valves Emporium','aliman_valves@rediffmail.com','','','115.96.152.179',0,0,1,0,'964SGM5g',0,1,0,'9999-12-31 23:59:59'),
(43,1,30,'2022-03-04 05:48:45',null,null,null,null,'Aliman Valves Emporium','aliman_valves@rediffmail.com','','','115.96.152.179',0,0,1,0,'J5lDjmZF',0,1,0,'9999-12-31 23:59:59'),
(44,1,30,'2022-03-04 05:49:02',null,null,null,null,'Aliman Valves Emporium','aliman_valves@rediffmail.com','','','115.96.152.179',0,0,1,0,'xeqzNKxy',0,1,0,'9999-12-31 23:59:59'),
(45,1,30,'2022-03-04 05:49:18',null,null,null,null,'Aliman Valves Emporium','aliman_valves@rediffmail.com','','','115.96.152.179',0,0,1,0,'CTP99BLz',0,1,0,'9999-12-31 23:59:59'),
(46,1,30,'2022-03-04 05:49:33',null,null,null,null,'Aliman Valves Emporium','aliman_valves@rediffmail.com','','','115.96.152.179',0,0,1,0,'A7d3a6X0',0,1,0,'9999-12-31 23:59:59'),
(47,1,30,'2022-03-04 05:49:48',null,null,null,null,'Aliman Valves Emporium','aliman_valves@rediffmail.com','','','115.96.152.179',0,0,1,0,'jW9QqMYJ',0,1,0,'9999-12-31 23:59:59'),
(48,1,30,'2022-03-04 05:50:03',null,null,null,null,'Aliman Valves Emporium','aliman_valves@rediffmail.com','','','115.96.152.179',0,0,1,0,'8C9YlrnA',0,1,0,'9999-12-31 23:59:59'),
(49,1,30,'2022-03-04 05:50:21',null,null,null,null,'Aliman Valves Emporium','aliman_valves@rediffmail.com','','','115.96.152.179',0,0,1,0,'icRrpqfi',0,1,0,'9999-12-31 23:59:59'),
(50,1,30,'2022-03-04 05:50:37',null,null,null,null,'Aliman Valves Emporium','aliman_valves@rediffmail.com','','','115.96.152.179',0,0,1,0,'a1BjsUYw',0,1,0,'9999-12-31 23:59:59'),
(51,1,30,'2022-03-04 05:50:53',null,null,null,null,'Aliman Valves Emporium','aliman_valves@rediffmail.com','','','115.96.152.179',0,0,1,0,'3yQ3kvMf',0,1,0,'9999-12-31 23:59:59'),
(52,1,30,'2022-03-04 05:51:11',null,null,null,null,'Aliman Valves Emporium','aliman_valves@rediffmail.com','','','115.96.152.179',0,0,1,0,'NJnzh8Di',0,1,0,'9999-12-31 23:59:59'),
(53,1,30,'2022-03-04 05:51:25',null,null,null,null,'Aliman Valves Emporium','aliman_valves@rediffmail.com','','','115.96.152.179',0,0,1,0,'XOaXtwy8',0,1,0,'9999-12-31 23:59:59'),
(54,1,30,'2022-03-04 05:51:41',null,null,null,null,'Aliman Valves Emporium','aliman_valves@rediffmail.com','','','115.96.152.179',0,0,1,0,'rsFNBiuV',0,1,0,'9999-12-31 23:59:59'),
(55,1,30,'2022-03-04 05:51:58',null,null,null,null,'Aliman Valves Emporium','aliman_valves@rediffmail.com','','','115.96.152.179',0,0,1,0,'rFeizRCH',0,1,0,'9999-12-31 23:59:59'),
(56,1,30,'2022-03-04 05:52:16',null,null,null,null,'Aliman Valves Emporium','aliman_valves@rediffmail.com','','','115.96.152.179',0,0,1,0,'p2SuhWEX',0,1,0,'9999-12-31 23:59:59'),
(57,1,30,'2022-03-04 05:52:33',null,null,null,null,'Aliman Valves Emporium','aliman_valves@rediffmail.com','','','115.96.152.179',0,0,1,0,'QbxPqsII',0,1,0,'9999-12-31 23:59:59'),
(58,1,30,'2022-03-04 05:52:48',null,null,null,null,'Aliman Valves Emporium','aliman_valves@rediffmail.com','','','115.96.152.179',0,0,1,0,'u1aT6OPn',0,1,0,'9999-12-31 23:59:59'),
(59,1,30,'2022-03-04 05:53:04',null,null,null,null,'Aliman Valves Emporium','aliman_valves@rediffmail.com','','','115.96.152.179',0,0,1,0,'mMXWlUNJ',0,1,0,'9999-12-31 23:59:59'),
(60,1,30,'2022-03-04 05:53:19',null,null,null,null,'Aliman Valves Emporium','aliman_valves@rediffmail.com','','','115.96.152.179',0,0,1,0,'lrNMwIuj',0,1,0,'9999-12-31 23:59:59'),
(61,1,30,'2022-03-04 05:53:41',null,null,null,null,'Aliman Valves Emporium','aliman_valves@rediffmail.com','','','115.96.152.179',0,0,1,0,'ysNAqdKN',0,1,0,'9999-12-31 23:59:59'),
(62,1,30,'2022-03-04 05:53:57',null,null,null,null,'Aliman Valves Emporium','aliman_valves@rediffmail.com','','','115.96.152.179',0,0,1,0,'l9ibLCb9',0,1,0,'9999-12-31 23:59:59'),
(63,1,30,'2022-03-04 05:54:15',null,null,null,null,'Aliman Valves Emporium','aliman_valves@rediffmail.com','','','115.96.152.179',0,0,1,0,'f6gqrTna',0,1,0,'9999-12-31 23:59:59'),
(64,1,30,'2022-03-04 05:54:28',null,null,null,null,'Aliman Valves Emporium','aliman_valves@rediffmail.com','','','115.96.152.179',0,0,1,0,'SZfaSAqr',0,1,0,'9999-12-31 23:59:59'),
(65,1,30,'2022-03-04 05:54:46',null,null,null,null,'Aliman Valves Emporium','aliman_valves@rediffmail.com','','','115.96.152.179',0,0,1,0,'zGMfEhYp',0,1,0,'9999-12-31 23:59:59'),
(66,1,30,'2022-03-04 05:55:01',null,null,null,null,'Aliman Valves Emporium','aliman_valves@rediffmail.com','','','115.96.152.179',0,0,1,0,'DHI2WEn9',0,1,0,'9999-12-31 23:59:59'),
(67,1,30,'2022-03-04 05:55:19',null,null,null,null,'Aliman Valves Emporium','aliman_valves@rediffmail.com','','','115.96.152.179',0,0,1,0,'qZFaEc7b',0,1,0,'9999-12-31 23:59:59'),
(68,7,43,'2022-03-11 17:26:54',null,null,null,null,'Taylan','i.taylanizci152@gmail.com','','','78.183.163.4',0,0,1,0,'7BmCueY1',0,1,0,'9999-12-31 23:59:59'),
(69,7,43,'2022-03-11 17:45:11',null,null,500000000000,'TRY','Taylan','i.taylanizci152@gmail.com','','','78.183.163.4',0,0,1,0,'7oX3VNme',0,1,0,'9999-12-31 23:59:59'),
(70,8,43,'2022-03-12 10:34:28','2022-03-14 10:45:40',null,null,null,'Taylan İzci','taylan@allmenkul.com','','','88.227.137.85',0,0,1,0,'ZtbCxZcY',1,1,0,'9999-12-31 23:59:59'),
(71,10,112,'2022-03-14 14:05:54',null,null,2900000000,'TRY','Ali Özkan','ozkan.2012@gmail.com','','','88.227.137.85',0,1,1,0,'tqYvZueE',0,1,0,'9999-12-31 23:59:59'),
(75,2,43,'2022-03-15 15:13:09',null,null,123123000000,'TRY','Bahri Çökmez','bahri.cokmez@ucozgroup.com','','','78.186.126.90',0,0,1,0,'64HKKNWl',0,1,0,'9999-12-31 23:59:59'),
(76,2,43,'2022-03-15 15:14:07',null,null,null,null,'Bahri Çökmez','bahri.cokmez@ucozgroup.com','','','78.186.126.90',0,0,1,0,'w8kXNyDK',0,1,0,'9999-12-31 23:59:59'),
(77,7,43,'2022-03-17 10:42:00',null,null,1000000,'TRY','Taylan','i.taylanizci152@gmail.com','','','88.227.137.85',0,0,1,0,'0O9JlcGU',0,1,0,'9999-12-31 23:59:59'),
(78,7,44,'2022-03-21 10:06:00',null,null,null,null,'Taylan','i.taylanizci152@gmail.com','','','88.227.137.85',0,0,1,0,'B1bt4Wd7',0,1,0,'9999-12-31 23:59:59'),
(79,7,49,'2022-03-21 10:07:01',null,null,null,null,'Taylan','i.taylanizci152@gmail.com','','','88.227.137.85',0,0,1,0,'9xqc1dY5',1,1,0,'9999-12-31 23:59:59'),
(80,7,43,'2022-03-21 10:16:53','2022-03-21 10:24:37',null,null,null,'Taylan','i.taylanizci152@gmail.com','','','88.227.137.85',0,0,1,0,'kW4r7YVn',0,1,0,'9999-12-31 23:59:59'),
(81,7,43,'2022-03-21 11:10:39',null,null,null,null,'Taylan','i.taylanizci152@gmail.com','','','88.227.137.85',0,0,1,0,'nFKrbWvB',0,1,0,'9999-12-31 23:59:59'),
(82,12,43,'2022-03-23 11:34:09',null,null,null,null,'Bahri Çökmez','ckmzbahri535@gmail.com','','','78.186.126.90',0,0,1,0,'B4LqINnH',0,1,0,'9999-12-31 23:59:59'),
(83,12,129,'2022-03-30 15:33:33',null,null,1000000000,'TRY','Bahri Çökmez','ckmzbahri535@gmail.com','','','85.101.240.135',0,1,1,0,'7myURpTA',0,1,0,'9999-12-31 23:59:59'),
(84,7,129,'2022-04-01 10:11:57',null,null,10000000000,'TRY','Taylan','i.taylanizci152@gmail.com','','','85.101.240.135',0,1,1,0,'vuntTjrB',0,1,0,'9999-12-31 23:59:59'),
(85,7,129,'2022-04-01 10:19:44',null,null,1000000,'TRY','Taylan','i.taylanizci152@gmail.com','','','85.101.240.135',0,1,1,0,'5X4E9szE',0,1,0,'9999-12-31 23:59:59'),
(86,7,130,'2022-04-01 10:25:09',null,null,1000000,'TRY','Taylan','i.taylanizci152@gmail.com','','','85.101.240.135',0,1,1,0,'w7hXTN8k',0,1,0,'9999-12-31 23:59:59');

/* Table structure for table `oc_t_item_description` */
CREATE TABLE IF NOT EXISTS `oc_t_item_description` (
  `fk_i_item_id` int(10) unsigned NOT NULL,
  `fk_c_locale_code` char(5) NOT NULL,
  `s_title` varchar(100) NOT NULL,
  `s_description` mediumtext NOT NULL,
  PRIMARY KEY (`fk_i_item_id`,`fk_c_locale_code`),
  FULLTEXT KEY `s_description` (`s_description`,`s_title`)
) ENGINE=InnoDB DEFAULT CHARSET=utf8;

/* dumping data for table `oc_t_item_description` */
insert into `oc_t_item_description` values
(1,'en_US','Example Ad','Description of the example ad. Insert here some usefull description of your ad.'),
(2,'en_US','',''),
(3,'en_US','',''),
(4,'en_US','',''),
(5,'en_US','',''),
(6,'en_US','',''),
(7,'en_US','',''),
(8,'en_US','',''),
(9,'en_US','',''),
(10,'en_US','',''),
(11,'en_US','',''),
(12,'en_US','',''),
(13,'en_US','',''),
(14,'en_US','',''),
(15,'en_US','',''),
(16,'en_US','',''),
(17,'en_US','',''),
(18,'en_US','',''),
(19,'en_US','',''),
(20,'en_US','',''),
(21,'en_US','',''),
(22,'en_US','',''),
(23,'en_US','',''),
(24,'en_US','',''),
(25,'en_US','',''),
(26,'en_US','',''),
(27,'en_US','',''),
(28,'en_US','',''),
(29,'en_US','',''),
(30,'en_US','',''),
(31,'en_US','',''),
(32,'en_US','',''),
(33,'en_US','',''),
(34,'en_US','',''),
(35,'en_US','',''),
(36,'en_US','',''),
(37,'en_US','',''),
(38,'en_US','',''),
(39,'en_US','',''),
(40,'en_US','',''),
(41,'en_US','',''),
(42,'en_US','',''),
(43,'en_US','',''),
(44,'en_US','',''),
(45,'en_US','',''),
(46,'en_US','',''),
(47,'en_US','',''),
(48,'en_US','',''),
(49,'en_US','',''),
(50,'en_US','',''),
(51,'en_US','',''),
(52,'en_US','',''),
(53,'en_US','',''),
(54,'en_US','',''),
(55,'en_US','',''),
(56,'en_US','',''),
(57,'en_US','',''),
(58,'en_US','',''),
(59,'en_US','',''),
(60,'en_US','',''),
(61,'en_US','',''),
(62,'en_US','',''),
(63,'en_US','',''),
(64,'en_US','',''),
(65,'en_US','',''),
(66,'en_US','',''),
(67,'en_US','',''),
(68,'en_US','',''),
(68,'ru_RU','',''),
(69,'en_US','',''),
(69,'ru_RU','',''),
(70,'ar_SY','',''),
(70,'en_US','',''),
(70,'ru_RU','',''),
(71,'ar_SY','',''),
(71,'en_US','',''),
(71,'ru_RU','',''),
(75,'ar_SY','',''),
(75,'en_US','',''),
(75,'ru_RU','',''),
(76,'ar_SY','',''),
(76,'en_US','',''),
(76,'ru_RU','',''),
(77,'ar_SY','',''),
(77,'en_US','',''),
(77,'ru_RU','',''),
(78,'ar_SY','',''),
(78,'de_DE','',''),
(78,'en_US','',''),
(78,'ru_RU','',''),
(78,'tr_TR','Aktiflik Deneme 2','kjhxsdfghjkljkhrdfghjkjhgfghjk'),
(79,'ar_SY','',''),
(79,'de_DE','',''),
(79,'en_US','',''),
(79,'ru_RU','',''),
(79,'tr_TR','Aktiflik Deneme 3','asdasdagdfgsdsdfghsfddsadf'),
(80,'ar_SY','',''),
(80,'de_DE','',''),
(80,'en_US','',''),
(80,'ru_RU','',''),
(80,'tr_TR','Deneme 3','asdfasdghsadghdghsdg'),
(81,'ar_SY','',''),
(81,'de_DE','',''),
(81,'en_US','',''),
(81,'ru_RU','',''),
(81,'tr_TR','Deneme 1','aqsfdsdzfgfdjdafgasf'),
(82,'ar_SY','',''),
(82,'de_DE','',''),
(82,'en_US','',''),
(82,'ru_RU','',''),
(82,'tr_TR','sahibinden kiralık','<p style=\"text-align: center;\"><strong>fsdfsfs</strong></p>\r\n<p style=\"text-align: center;\"><strong>sfg</strong></p>\r\n<p style=\"text-align: center;\"><strong>s</strong></p>\r\n<p style=\"text-align: center;\"><strong>fg</strong></p>\r\n<p style=\"text-align: center;\"><strong>fd</strong></p>\r\n<p style=\"text-align: center;\"><strong>g</strong></p>\r\n<p style=\"text-align: center;\"><strong>fdg</strong></p>\r\n<p style=\"text-align: center;\"><strong>f</strong></p>\r\n<p style=\"text-align: center;\"><strong>dgfgs</strong></p>'),
(83,'ar_SY','',''),
(83,'de_DE','',''),
(83,'en_US','',''),
(83,'ru_RU','',''),
(83,'tr_TR','sahibinden kiralık','<p>​<strong>DAİREMİZ ÖZEL MİMARİ TASARIMLIDIR.</strong></p>\r\n<p><strong>DAİREMİZİN TADİLATI YENİ BİTMİŞ OLUP 0 AYARINDADIR.</strong></p>\r\n<p><strong>DAİREMİZDE KULLANILAN MALZEMELER 1. SINIFDIR</strong></p>\r\n<p><strong>DAİREMİZ MERKEZİ KONUMDADIR.</strong></p>\r\n<p><strong>DAİREMİZ HASTANE,MARKET,OKUL GİBİ KONUMLARA YÜRÜME MESAFESİNDEDİR.</strong></p>\r\n<p><strong>DAİREMİZ SİTE İÇERİSİNDEDİR VE GÜVENLİKLİDİR.</strong></p>\r\n<p><strong>BİNADA 4 TANE ASANSÖR NORMAL 1 TANE YÜK ASANSÖRÜ VE YANGIN MERDİVENİ BULUNMAKTADIR.</strong></p>\r\n<p><strong>DAİREMİZİN KAPALI HAVUZ,HAMAM,SAUNA VE SPOR SALONLARINI KULLANMA HAKKI VARDIR.</strong></p>\r\n<p><strong>DAİREMİZ BELEDİYE BLOKLARINDA DEĞİL STAR TOWERSIN EN İYİ BLOĞU OLAN A1 YÖNETİM BLOĞUNDADIR.</strong></p>\r\n<p><strong>DAİREMİZ KAPALI MUTFAK OLUP EXTRA KİLERLİDİR.</strong></p>\r\n<p><strong>ARAÇ TAKASINA UYGUNDUR. </strong></p>\r\n<p><strong>DETAYLI BİLGİ VE SUNUM İÇİN ARAYABİLİRSİNİZ.</strong></p>'),
(84,'ar_SY','',''),
(84,'de_DE','',''),
(84,'en_US','',''),
(84,'ru_RU','',''),
(84,'tr_TR','Deneme 1','<p>asdasdasdasdasdasdasdasdpğaosdjuoısadıaosukdjhaısudojahsıdhasdkılghaıuosıdhsodpaduahsfasdopsk</p>'),
(85,'ar_SY','',''),
(85,'de_DE','',''),
(85,'en_US','',''),
(85,'ru_RU','',''),
(85,'tr_TR','Deneme 2','<p>lşkjhvbnmöçişlkjhgfhyhjklşkjhvbnmöçişlkjhgfhyhjklşkjhvbnmöçişlkjhgfhyhjklşkjhvbnmöçişlkjhgfhyhjklşkjhvbnmöçişlkjhgfhyhjklşkjhvbnmöçişlkjhgfhyhjklşkjhvbnmöçişlkjhgfhyhjklşkjhvbnmöçişlkjhgfhyhjklşkjhvbnmöçişlkjhgfhyhjklşkjhvbnmöçişlkjhgfhyhjklşkjhvbnmöçişlkjhgfhyhjklşkjhvbnmöçişlkjhgfhyhjklşkjhvbnmöçişlkjhgfhyhjklşkjhvbnmöçişlkjhgfhyhjklşkjhvbnmöçişlkjhgfhyhjklşkjhvbnmöçişlkjhgfhyhjk</p>'),
(86,'ar_SY','',''),
(86,'de_DE','',''),
(86,'en_US','',''),
(86,'ru_RU','',''),
(86,'tr_TR','Deneme 3','<p>Some plugins already load the Google Maps library and can be loaded twice or more. Disable this option if you don\'t want to load google maps library.Some plugins already load the Google Maps library and can be loaded twice or more. Disable this option if you don\'t want to load google maps library.</p>');

/* Table structure for table `oc_t_item_location` */
CREATE TABLE IF NOT EXISTS `oc_t_item_location` (
  `fk_i_item_id` int(10) unsigned NOT NULL,
  `fk_c_country_code` char(2) DEFAULT NULL,
  `s_country` varchar(40) DEFAULT NULL,
  `s_country_native` varchar(80) DEFAULT NULL,
  `s_address` varchar(100) DEFAULT NULL,
  `s_zip` varchar(15) DEFAULT NULL,
  `fk_i_region_id` int(10) unsigned DEFAULT NULL,
  `s_region` varchar(100) DEFAULT NULL,
  `s_region_native` varchar(60) DEFAULT NULL,
  `fk_i_city_id` int(10) unsigned DEFAULT NULL,
  `s_city` varchar(100) DEFAULT NULL,
  `s_city_native` varchar(60) DEFAULT NULL,
  `fk_i_city_area_id` int(10) unsigned DEFAULT NULL,
  `s_city_area` varchar(200) DEFAULT NULL,
  `d_coord_lat` decimal(20,10) DEFAULT NULL,
  `d_coord_long` decimal(20,10) DEFAULT NULL,
  PRIMARY KEY (`fk_i_item_id`),
  KEY `fk_c_country_code` (`fk_c_country_code`),
  KEY `fk_i_region_id` (`fk_i_region_id`),
  KEY `fk_i_city_id` (`fk_i_city_id`),
  KEY `fk_i_city_area_id` (`fk_i_city_area_id`),
  CONSTRAINT `oc_t_item_location_ibfk_1` FOREIGN KEY (`fk_i_item_id`) REFERENCES `oc_t_item` (`pk_i_id`),
  CONSTRAINT `oc_t_item_location_ibfk_2` FOREIGN KEY (`fk_c_country_code`) REFERENCES `oc_t_country` (`pk_c_code`),
  CONSTRAINT `oc_t_item_location_ibfk_3` FOREIGN KEY (`fk_i_region_id`) REFERENCES `oc_t_region` (`pk_i_id`),
  CONSTRAINT `oc_t_item_location_ibfk_4` FOREIGN KEY (`fk_i_city_id`) REFERENCES `oc_t_city` (`pk_i_id`),
  CONSTRAINT `oc_t_item_location_ibfk_5` FOREIGN KEY (`fk_i_city_area_id`) REFERENCES `oc_t_city_area` (`pk_i_id`)
) ENGINE=InnoDB DEFAULT CHARSET=utf8;

/* dumping data for table `oc_t_item_location` */
insert into `oc_t_item_location` values
(1,null,'Example country','','',null,null,'Example region',null,null,'Example city',null,null,'',null,null),
(2,'TR','Turkey','Türkiye','Kolkata','700001',2325361,'Adana',null,null,'',null,null,'Kolkata',null,null),
(3,'TR','Turkey','Türkiye','Kolkata','700001',2325361,'Adana',null,null,'',null,null,'Kolkata',null,null),
(4,'TR','Turkey','Türkiye','Kolkata','700001',2325361,'Adana',null,null,'',null,null,'Kolkata',null,null),
(5,'TR','Turkey','Türkiye','Kolkata','700001',2325361,'Adana',null,null,'',null,null,'Kolkata',null,null),
(6,'TR','Turkey','Türkiye','Kolkata','700001',2325361,'Adana',null,null,'',null,null,'Kolkata',null,null),
(7,'TR','Turkey','Türkiye','Kolkata','700001',2325361,'Adana',null,null,'',null,null,'Kolkata',null,null),
(8,'TR','Turkey','Türkiye','Kolkata','700001',2325361,'Adana',null,null,'',null,null,'Kolkata',null,null),
(9,'TR','Turkey','Türkiye','Kolkata','700001',2325361,'Adana',null,null,'',null,null,'Kolkata',null,null),
(10,'TR','Turkey','Türkiye','Kolkata','700001',2325361,'Adana',null,null,'',null,null,'Kolkata',null,null),
(11,'TR','Turkey','Türkiye','Kolkata','700001',2325361,'Adana',null,null,'',null,null,'Kolkata',null,null),
(12,'TR','Turkey','Türkiye','Kolkata','700001',2325361,'Adana',null,null,'',null,null,'Kolkata',null,null),
(13,'TR','Turkey','Türkiye','Kolkata','700001',2325361,'Adana',null,null,'',null,null,'Kolkata',null,null),
(14,'TR','Turkey','Türkiye','Kolkata','700001',2325361,'Adana',null,null,'',null,null,'Kolkata',null,null),
(15,'TR','Turkey','Türkiye','Kolkata','700001',2325361,'Adana',null,null,'',null,null,'Kolkata',null,null),
(16,'TR','Turkey','Türkiye','Kolkata','700001',2325361,'Adana',null,null,'',null,null,'Kolkata',null,null),
(17,'TR','Turkey','Türkiye','Kolkata','700001',2325361,'Adana',null,null,'',null,null,'Kolkata',null,null),
(18,'TR','Turkey','Türkiye','Kolkata','700001',2325361,'Adana',null,null,'',null,null,'Kolkata',null,null),
(19,'TR','Turkey','Türkiye','Kolkata','700001',2325361,'Adana',null,null,'',null,null,'Kolkata',null,null),
(20,'TR','Turkey','Türkiye','Kolkata','700001',2325361,'Adana',null,null,'',null,null,'Kolkata',null,null),
(21,'TR','Turkey','Türkiye','Kolkata','700001',2325361,'Adana',null,null,'',null,null,'Kolkata',null,null),
(22,'TR','Turkey','Türkiye','Kolkata','700001',2325361,'Adana',null,null,'',null,null,'Kolkata',null,null),
(23,'TR','Turkey','Türkiye','Kolkata','700001',2325361,'Adana',null,null,'',null,null,'Kolkata',null,null),
(24,'TR','Turkey','Türkiye','Kolkata','700001',2325361,'Adana',null,null,'',null,null,'Kolkata',null,null),
(25,'TR','Turkey','Türkiye','Kolkata','700001',2325361,'Adana',null,null,'',null,null,'Kolkata',null,null),
(26,'TR','Turkey','Türkiye','Kolkata','700001',2325361,'Adana',null,null,'',null,null,'Kolkata',null,null),
(27,'TR','Turkey','Türkiye','Kolkata','700001',2325361,'Adana',null,null,'',null,null,'Kolkata',null,null),
(28,null,'','','Kolkata','700001',null,'',null,null,'',null,null,'Kolkata',null,null),
(29,'TR','Turkey','Türkiye','Kolkata','700001',2325361,'Adana',null,null,'',null,null,'Kolkata',null,null),
(30,'TR','Turkey','Türkiye','Kolkata','700001',2325361,'Adana',null,null,'',null,null,'Kolkata',null,null),
(31,'TR','Turkey','Türkiye','Kolkata','700001',2325361,'Adana',null,null,'',null,null,'Kolkata',null,null),
(32,'TR','Turkey','Türkiye','Kolkata','700001',2325361,'Adana',null,null,'',null,null,'Kolkata',null,null),
(33,'TR','Turkey','Türkiye','Kolkata','700001',2325361,'Adana',null,null,'',null,null,'Kolkata',null,null),
(34,'TR','Turkey','Türkiye','Kolkata','700001',2325361,'Adana',null,null,'',null,null,'Kolkata',null,null),
(35,'TR','Turkey','Türkiye','Kolkata','700001',2325361,'Adana',null,null,'',null,null,'Kolkata',null,null),
(36,'TR','Turkey','Türkiye','Kolkata','700001',2325361,'Adana',null,null,'',null,null,'Kolkata',null,null),
(37,'TR','Turkey','Türkiye','Kolkata','700001',2325361,'Adana',null,null,'',null,null,'Kolkata',null,null),
(38,'TR','Turkey','Türkiye','Kolkata','700001',2325361,'Adana',null,null,'',null,null,'Kolkata',null,null),
(39,'TR','Turkey','Türkiye','Kolkata','700001',2325361,'Adana',null,null,'',null,null,'Kolkata',null,null),
(40,'TR','Turkey','Türkiye','Kolkata','700001',2325361,'Adana',null,null,'',null,null,'Kolkata',null,null),
(41,'TR','Turkey','Türkiye','Kolkata','700001',2325361,'Adana',null,null,'',null,null,'Kolkata',null,null),
(42,'TR','Turkey','Türkiye','Kolkata','700001',2325361,'Adana',null,null,'',null,null,'Kolkata',null,null),
(43,'TR','Turkey','Türkiye','Kolkata','700001',2325361,'Adana',null,null,'',null,null,'Kolkata',null,null),
(44,'TR','Turkey','Türkiye','Kolkata','700001',2325361,'Adana',null,null,'',null,null,'Kolkata',null,null),
(45,'TR','Turkey','Türkiye','Kolkata','700001',2325361,'Adana',null,null,'',null,null,'Kolkata',null,null),
(46,'TR','Turkey','Türkiye','Kolkata','700001',2325361,'Adana',null,null,'',null,null,'Kolkata',null,null),
(47,'TR','Turkey','Türkiye','Kolkata','700001',2325361,'Adana',null,null,'',null,null,'Kolkata',null,null),
(48,'TR','Turkey','Türkiye','Kolkata','700001',2325361,'Adana',null,null,'',null,null,'Kolkata',null,null),
(49,'TR','Turkey','Türkiye','Kolkata','700001',2325361,'Adana',null,null,'',null,null,'Kolkata',null,null),
(50,'TR','Turkey','Türkiye','Kolkata','700001',2325361,'Adana',null,null,'',null,null,'Kolkata',null,null),
(51,'TR','Turkey','Türkiye','Kolkata','700001',2325361,'Adana',null,null,'',null,null,'Kolkata',null,null),
(52,'TR','Turkey','Türkiye','Kolkata','700001',2325361,'Adana',null,null,'',null,null,'Kolkata',null,null),
(53,'TR','Turkey','Türkiye','Kolkata','700001',2325361,'Adana',null,null,'',null,null,'Kolkata',null,null),
(54,'TR','Turkey','Türkiye','Kolkata','700001',2325361,'Adana',null,null,'',null,null,'Kolkata',null,null),
(55,'TR','Turkey','Türkiye','Kolkata','700001',2325361,'Adana',null,null,'',null,null,'Kolkata',null,null),
(56,'TR','Turkey','Türkiye','Kolkata','700001',2325361,'Adana',null,null,'',null,null,'Kolkata',null,null),
(57,'TR','Turkey','Türkiye','Kolkata','700001',2325361,'Adana',null,null,'',null,null,'Kolkata',null,null),
(58,'TR','Turkey','Türkiye','Kolkata','700001',2325361,'Adana',null,null,'',null,null,'Kolkata',null,null),
(59,'TR','Turkey','Türkiye','Kolkata','700001',2325361,'Adana',null,null,'',null,null,'Kolkata',null,null),
(60,'TR','Turkey','Türkiye','Kolkata','700001',2325361,'Adana',null,null,'',null,null,'Kolkata',null,null),
(61,'TR','Turkey','Türkiye','Kolkata','700001',2325361,'Adana',null,null,'',null,null,'Kolkata',null,null),
(62,'TR','Turkey','Türkiye','Kolkata','700001',2325361,'Adana',null,null,'',null,null,'Kolkata',null,null),
(63,'TR','Turkey','Türkiye','Kolkata','700001',2325361,'Adana',null,null,'',null,null,'Kolkata',null,null),
(64,'TR','Turkey','Türkiye','Kolkata','700001',2325361,'Adana',null,null,'',null,null,'Kolkata',null,null),
(65,'TR','Turkey','Türkiye','Kolkata','700001',2325361,'Adana',null,null,'',null,null,'Kolkata',null,null),
(66,'TR','Turkey','Türkiye','Kolkata','700001',2325361,'Adana',null,null,'',null,null,'Kolkata',null,null),
(67,'TR','Turkey','Türkiye','Kolkata','700001',2325361,'Adana',null,null,'',null,null,'Kolkata',null,null),
(68,'TR','Turkey','Türkiye','Ufuktepe Mahallesi 1251.sokak 5/6 Karabacak Apt. Keçiören/Ankara','(546) 564 19 98',2323784,'Ankara',null,null,'',null,null,'KeÇİÖren',null,null),
(69,null,'','','',null,null,'',null,null,'',null,null,'',null,null),
(70,'TR','Turkey','Türkiye','Ufuktepe Mahallesi 1251.sokak 5/6 Karabacak Apt. Keçiören/Ankara','06450',2323784,'Ankara',null,2323786,'Ankara',null,null,'KeÇİÖren',39.9198700000,32.8542700000),
(71,'TR','Turkey','Türkiye','',null,2323784,'Ankara',null,null,'',null,null,'Çankaya',null,null),
(75,null,'','','',null,null,'',null,null,'',null,null,'',null,null),
(76,null,'','','',null,null,'',null,null,'',null,null,'',null,null),
(77,null,'','','Ufuktepe Mahallesi 1251.sokak 5/6 Karabacak Apt. Keçiören/Ankara','(546) 564 19 98',null,'',null,null,'',null,null,'KeÇİÖren',null,null),
(78,null,'','','Ufuktepe Mahallesi 1251.sokak 5/6 Karabacak Apt. Keçiören/Ankara','(546) 564 19 98',null,'',null,null,'',null,null,'KeÇİÖren',null,null),
(79,null,'','','Ufuktepe Mahallesi 1251.sokak 5/6 Karabacak Apt. Keçiören/Ankara','(546) 564 19 98',null,'',null,null,'',null,null,'KeÇİÖren',null,null),
(80,'TR','Turkey','Türkiye','Ufuktepe Mahallesi 1251.sokak 5/6 Karabacak Apt. Keçiören/Ankara','(546) 564 19 98',2323784,'Ankara',null,2323786,'Ankara',null,null,'KeÇİÖren',39.9198700000,32.8542700000),
(81,'TR','Turkey','Türkiye','Ufuktepe Mahallesi 1251.sokak 5/6 Karabacak Apt. Keçiören/Ankara','(546) 564 19 98',2323784,'Ankara',null,null,'',null,null,'KeÇİÖren',null,null),
(82,'TR','Turkey','Türkiye','Cem Sultan Mahallesi/ Nevzat Ayaz Caddesi / No:4 Ilçe Tarım Müdürlüğü','06120',2443185,'Aksaray',null,null,'',null,null,'Orta',null,null),
(83,'TR','Turkey','Türkiye','Kalaba Mahallesi Sanatoryum Caddesi 32/1 Keçiören Ankara','06120',2323784,'Ankara',null,null,'',null,null,'Ankara',null,null),
(84,'TR','Turkey','Türkiye','Ufuktepe Mahallesi 1251.sokak 5/6 Karabacak Apt. Keçiören/Ankara','(546) 564 19 98',2323784,'Ankara',null,2323786,'Ankara',null,null,'KeÇİÖren',39.9198700000,32.8542700000),
(85,'TR','Turkey','Türkiye','Ufuktepe Mahallesi 1251.sokak 5/6 Karabacak Apt. Keçiören/Ankara','(546) 564 19 98',2323784,'Ankara',null,null,'',null,null,'KeÇİÖren',null,null),
(86,'TR','Turkey','Türkiye','Ufuktepe Mahallesi 1251.sokak 5/6 Karabacak Apt. Keçiören/Ankara','(546) 564 19 98',2323784,'Ankara',null,null,'',null,null,'KeÇİÖren',null,null);

/* Table structure for table `oc_t_item_stats` */
CREATE TABLE IF NOT EXISTS `oc_t_item_stats` (
  `fk_i_item_id` int(10) unsigned NOT NULL,
  `i_num_views` int(10) unsigned NOT NULL DEFAULT 0,
  `i_num_spam` int(10) unsigned NOT NULL DEFAULT 0,
  `i_num_repeated` int(10) unsigned NOT NULL DEFAULT 0,
  `i_num_bad_classified` int(10) unsigned NOT NULL DEFAULT 0,
  `i_num_offensive` int(10) unsigned NOT NULL DEFAULT 0,
  `i_num_expired` int(10) unsigned NOT NULL DEFAULT 0,
  `i_num_premium_views` int(10) unsigned NOT NULL DEFAULT 0,
  `dt_date` date NOT NULL,
  PRIMARY KEY (`fk_i_item_id`,`dt_date`),
  KEY `dt_date_fk_i_item_id` (`dt_date`,`fk_i_item_id`),
  CONSTRAINT `oc_t_item_stats_ibfk_1` FOREIGN KEY (`fk_i_item_id`) REFERENCES `oc_t_item` (`pk_i_id`)
) ENGINE=InnoDB DEFAULT CHARSET=utf8;

/* dumping data for table `oc_t_item_stats` */
insert into `oc_t_item_stats` values
(1,0,0,0,0,0,0,0,'2022-02-09'),
(1,1,0,0,0,0,0,0,'2022-02-16'),
(1,2,0,0,0,0,0,0,'2022-03-09'),
(2,0,0,0,0,0,0,0,'2022-03-04'),
(3,0,0,0,0,0,0,0,'2022-03-04'),
(4,0,0,0,0,0,0,0,'2022-03-04'),
(5,0,0,0,0,0,0,0,'2022-03-04'),
(6,0,0,0,0,0,0,0,'2022-03-04'),
(7,0,0,0,0,0,0,0,'2022-03-04'),
(8,0,0,0,0,0,0,0,'2022-03-04'),
(9,0,0,0,0,0,0,0,'2022-03-04'),
(10,0,0,0,0,0,0,0,'2022-03-04'),
(11,0,0,0,0,0,0,0,'2022-03-04'),
(12,0,0,0,0,0,0,0,'2022-03-04'),
(13,0,0,0,0,0,0,0,'2022-03-04'),
(14,0,0,0,0,0,0,0,'2022-03-04'),
(15,0,0,0,0,0,0,0,'2022-03-04'),
(16,0,0,0,0,0,0,0,'2022-03-04'),
(17,0,0,0,0,0,0,0,'2022-03-04'),
(18,0,0,0,0,0,0,0,'2022-03-04'),
(19,0,0,0,0,0,0,0,'2022-03-04'),
(20,0,0,0,0,0,0,0,'2022-03-04'),
(21,0,0,0,0,0,0,0,'2022-03-04'),
(22,0,0,0,0,0,0,0,'2022-03-04'),
(23,0,0,0,0,0,0,0,'2022-03-04'),
(24,0,0,0,0,0,0,0,'2022-03-04'),
(25,0,0,0,0,0,0,0,'2022-03-04'),
(26,0,0,0,0,0,0,0,'2022-03-04'),
(27,0,0,0,0,0,0,0,'2022-03-04'),
(28,0,0,0,0,0,0,0,'2022-03-04'),
(29,0,0,0,0,0,0,0,'2022-03-04'),
(30,0,0,0,0,0,0,0,'2022-03-04'),
(31,0,0,0,0,0,0,0,'2022-03-04'),
(32,0,0,0,0,0,0,0,'2022-03-04'),
(33,0,0,0,0,0,0,0,'2022-03-04'),
(34,0,0,0,0,0,0,0,'2022-03-04'),
(35,0,0,0,0,0,0,0,'2022-03-04'),
(36,0,0,0,0,0,0,0,'2022-03-04'),
(37,0,0,0,0,0,0,0,'2022-03-04'),
(38,0,0,0,0,0,0,0,'2022-03-04'),
(39,0,0,0,0,0,0,0,'2022-03-04'),
(40,0,0,0,0,0,0,0,'2022-03-04'),
(41,0,0,0,0,0,0,0,'2022-03-04'),
(42,0,0,0,0,0,0,0,'2022-03-04'),
(43,0,0,0,0,0,0,0,'2022-03-04'),
(44,0,0,0,0,0,0,0,'2022-03-04'),
(45,0,0,0,0,0,0,0,'2022-03-04'),
(46,0,0,0,0,0,0,0,'2022-03-04'),
(47,0,0,0,0,0,0,0,'2022-03-04'),
(48,0,0,0,0,0,0,0,'2022-03-04'),
(49,0,0,0,0,0,0,0,'2022-03-04'),
(50,0,0,0,0,0,0,0,'2022-03-04'),
(51,0,0,0,0,0,0,0,'2022-03-04'),
(52,0,0,0,0,0,0,0,'2022-03-04'),
(53,0,0,0,0,0,0,0,'2022-03-04'),
(54,0,0,0,0,0,0,0,'2022-03-04'),
(55,0,0,0,0,0,0,0,'2022-03-04'),
(56,0,0,0,0,0,0,0,'2022-03-04'),
(57,0,0,0,0,0,0,0,'2022-03-04'),
(58,0,0,0,0,0,0,0,'2022-03-04'),
(58,1,0,0,0,0,0,0,'2022-03-07'),
(59,0,0,0,0,0,0,0,'2022-03-04'),
(60,0,0,0,0,0,0,0,'2022-03-04'),
(61,0,0,0,0,0,0,0,'2022-03-04'),
(62,0,0,0,0,0,0,0,'2022-03-04'),
(63,0,0,0,0,0,0,0,'2022-03-04'),
(64,0,0,0,0,0,0,0,'2022-03-04'),
(65,0,0,0,0,0,0,0,'2022-03-04'),
(66,0,0,0,0,0,0,0,'2022-03-04'),
(67,0,0,0,0,0,0,0,'2022-03-04'),
(68,7,0,0,0,0,0,0,'2022-03-11'),
(68,1,0,0,0,0,0,0,'2022-03-12'),
(69,3,0,0,0,0,0,0,'2022-03-11'),
(69,1,0,0,0,0,0,0,'2022-03-12'),
(69,1,0,0,0,0,0,0,'2022-03-14'),
(69,2,0,0,0,0,0,0,'2022-03-16'),
(69,2,0,0,0,0,0,0,'2022-03-22'),
(70,22,0,0,0,0,0,0,'2022-03-12'),
(70,7,0,0,0,0,0,0,'2022-03-14'),
(70,9,0,0,0,0,0,0,'2022-03-15'),
(70,1,0,0,0,0,0,0,'2022-03-16'),
(70,1,0,0,0,0,0,0,'2022-03-17'),
(70,2,0,0,0,0,0,0,'2022-03-19'),
(70,2,0,0,0,0,0,0,'2022-03-25'),
(71,0,0,0,0,0,0,0,'2022-03-14'),
(71,1,0,0,0,0,0,0,'2022-03-15'),
(75,0,0,0,0,0,0,0,'2022-03-15'),
(76,2,0,0,0,0,0,0,'2022-03-15'),
(76,2,0,0,0,0,0,0,'2022-03-18'),
(76,2,0,0,0,0,0,0,'2022-03-19'),
(77,0,0,0,0,0,0,0,'2022-03-17'),
(77,2,0,0,0,0,0,0,'2022-03-23'),
(78,0,0,0,0,0,0,0,'2022-03-21'),
(79,0,0,0,0,0,0,0,'2022-03-21'),
(80,0,0,0,0,0,0,0,'2022-03-21'),
(80,2,0,0,0,0,0,0,'2022-03-22'),
(81,2,0,0,0,0,0,0,'2022-03-21'),
(82,10,0,0,0,0,0,0,'2022-03-23'),
(82,4,0,0,0,0,0,0,'2022-03-28'),
(83,0,0,0,0,0,0,0,'2022-03-30'),
(83,2,0,0,0,0,0,0,'2022-03-31'),
(84,6,0,0,0,0,0,0,'2022-04-01'),
(85,0,0,0,0,0,0,0,'2022-04-01'),
(86,0,0,0,0,0,0,0,'2022-04-01');

/* Table structure for table `oc_t_item_resource` */
CREATE TABLE IF NOT EXISTS `oc_t_item_resource` (
  `pk_i_id` int(10) unsigned NOT NULL AUTO_INCREMENT,
  `fk_i_item_id` int(10) unsigned NOT NULL,
  `s_name` varchar(60) DEFAULT NULL,
  `s_extension` varchar(10) DEFAULT NULL,
  `s_content_type` varchar(40) DEFAULT NULL,
  `s_path` varchar(250) DEFAULT NULL,
  PRIMARY KEY (`pk_i_id`),
  KEY `fk_i_item_id` (`fk_i_item_id`),
  KEY `idx_s_content_type` (`pk_i_id`,`s_content_type`(10)),
  CONSTRAINT `oc_t_item_resource_ibfk_1` FOREIGN KEY (`fk_i_item_id`) REFERENCES `oc_t_item` (`pk_i_id`)
) ENGINE=InnoDB AUTO_INCREMENT=103 DEFAULT CHARSET=utf8;

/* dumping data for table `oc_t_item_resource` */
insert into `oc_t_item_resource` values
(1,2,'peXu0OC1','jpg','image/jpeg','oc-content/uploads/0/'),
(2,3,'mlFCMcUl','jpg','image/jpeg','oc-content/uploads/0/'),
(3,4,'Wbk1n5k7','jpg','image/jpeg','oc-content/uploads/0/'),
(4,5,'T3TItCez','jpg','image/jpeg','oc-content/uploads/0/'),
(5,6,'wzJvnRu1','jpg','image/jpeg','oc-content/uploads/0/'),
(6,7,'G1keA2S5','jpg','image/jpeg','oc-content/uploads/0/'),
(7,8,'7J5nVIyy','jpg','image/jpeg','oc-content/uploads/0/'),
(8,9,'7UsXvBRV','jpg','image/jpeg','oc-content/uploads/0/'),
(9,10,'7a0oGveq','jpg','image/jpeg','oc-content/uploads/0/'),
(10,11,'i34QQ9Dt','jpg','image/jpeg','oc-content/uploads/0/'),
(11,12,'keL8GBd8','jpg','image/jpeg','oc-content/uploads/0/'),
(12,13,'KOlFTrt6','jpg','image/jpeg','oc-content/uploads/0/'),
(13,14,'EbMC4Hfi','jpg','image/jpeg','oc-content/uploads/0/'),
(14,15,'3YTrxs94','jpg','image/jpeg','oc-content/uploads/0/'),
(15,16,'kHQ9eTkR','jpg','image/jpeg','oc-content/uploads/0/'),
(16,17,'4hVfcPST','jpg','image/jpeg','oc-content/uploads/0/'),
(17,18,'aTe1wG9I','jpg','image/jpeg','oc-content/uploads/0/'),
(18,19,'gdo2elqx','jpg','image/jpeg','oc-content/uploads/0/'),
(19,20,'zAkGV2gY','jpg','image/jpeg','oc-content/uploads/0/'),
(20,21,'XX72cPTx','jpg','image/jpeg','oc-content/uploads/0/'),
(21,22,'tcAs2HZi','jpg','image/jpeg','oc-content/uploads/0/'),
(22,23,'UsooNJHY','jpg','image/jpeg','oc-content/uploads/0/'),
(23,24,'eH06OMOC','jpg','image/jpeg','oc-content/uploads/0/'),
(24,25,'fjPWfkwV','jpg','image/jpeg','oc-content/uploads/0/'),
(25,26,'P7FBQ3dw','jpg','image/jpeg','oc-content/uploads/0/'),
(26,27,'rfu0JKbi','jpg','image/jpeg','oc-content/uploads/0/'),
(27,28,'gyleWx33','jpg','image/jpeg','oc-content/uploads/0/'),
(28,29,'t1EP1QE1','jpg','image/jpeg','oc-content/uploads/0/'),
(29,30,'E4PGC0ot','jpg','image/jpeg','oc-content/uploads/0/'),
(30,31,'qbhj2rVI','jpg','image/jpeg','oc-content/uploads/0/'),
(31,32,'cxHB0aZh','jpg','image/jpeg','oc-content/uploads/0/'),
(32,33,'44PvKBGo','jpg','image/jpeg','oc-content/uploads/0/'),
(33,34,'gQqKEaaa','jpg','image/jpeg','oc-content/uploads/0/'),
(34,35,'tcl2bpxL','jpg','image/jpeg','oc-content/uploads/0/'),
(35,36,'7KZK4EO0','jpg','image/jpeg','oc-content/uploads/0/'),
(36,37,'FWlucbwg','jpg','image/jpeg','oc-content/uploads/0/'),
(37,38,'Iz22wtkn','jpg','image/jpeg','oc-content/uploads/0/'),
(38,39,'CukPZ3Q0','jpg','image/jpeg','oc-content/uploads/0/'),
(39,40,'nyHkasz6','jpg','image/jpeg','oc-content/uploads/0/'),
(40,41,'CjHv0RIA','jpg','image/jpeg','oc-content/uploads/0/'),
(41,42,'LeMhKuT4','jpg','image/jpeg','oc-content/uploads/0/'),
(42,43,'h1MAFLhG','jpg','image/jpeg','oc-content/uploads/0/'),
(43,44,'bHhVkG4d','jpg','image/jpeg','oc-content/uploads/0/'),
(44,45,'f2phFaXZ','jpg','image/jpeg','oc-content/uploads/0/'),
(45,46,'hQp5f2di','jpg','image/jpeg','oc-content/uploads/0/'),
(46,47,'quvRSLte','jpg','image/jpeg','oc-content/uploads/0/'),
(47,48,'nAwye79C','jpg','image/jpeg','oc-content/uploads/0/'),
(48,49,'3qVZqkiq','jpg','image/jpeg','oc-content/uploads/0/'),
(49,50,'X0WBPh9K','jpg','image/jpeg','oc-content/uploads/0/'),
(50,51,'LX1IMviA','jpg','image/jpeg','oc-content/uploads/0/'),
(51,52,'awxbr7bf','jpg','image/jpeg','oc-content/uploads/0/'),
(52,53,'3ta7jbYC','jpg','image/jpeg','oc-content/uploads/0/'),
(53,54,'ZZUGQEFX','jpg','image/jpeg','oc-content/uploads/0/'),
(54,55,'n2RGxWib','jpg','image/jpeg','oc-content/uploads/0/'),
(55,56,'xgDR16Xs','jpg','image/jpeg','oc-content/uploads/0/'),
(56,57,'Z5iMJRsf','jpg','image/jpeg','oc-content/uploads/0/'),
(57,58,'NoQjntXi','jpg','image/jpeg','oc-content/uploads/0/'),
(58,59,'daCpoonB','jpg','image/jpeg','oc-content/uploads/0/'),
(59,60,'0a6jBl1J','jpg','image/jpeg','oc-content/uploads/0/'),
(60,61,'LjxbHj41','jpg','image/jpeg','oc-content/uploads/0/'),
(61,62,'jwmn28qU','jpg','image/jpeg','oc-content/uploads/0/'),
(62,63,'KocAyDop','jpg','image/jpeg','oc-content/uploads/0/'),
(63,64,'7I5opWZQ','jpg','image/jpeg','oc-content/uploads/0/'),
(64,65,'lxPXmtgc','jpg','image/jpeg','oc-content/uploads/0/'),
(65,66,'tiF4wZIV','jpg','image/jpeg','oc-content/uploads/0/'),
(66,67,'yc2WsPeY','jpg','image/jpeg','oc-content/uploads/0/'),
(67,68,'bZkukHde','jpg','image/jpeg','oc-content/uploads/0/'),
(68,68,'ZmMMMvLw','jpg','image/jpeg','oc-content/uploads/0/'),
(69,68,'BURd5P0K','jpg','image/jpeg','oc-content/uploads/0/'),
(70,68,'drwwdHGD','jpg','image/jpeg','oc-content/uploads/0/'),
(71,69,'TS5XDyjS','jpg','image/jpeg','oc-content/uploads/0/'),
(72,69,'3WA1P3su','jpg','image/jpeg','oc-content/uploads/0/'),
(73,69,'r5K2B6cV','jpg','image/jpeg','oc-content/uploads/0/'),
(74,69,'L0xPgMMZ','jpg','image/jpeg','oc-content/uploads/0/'),
(75,70,'o4G0TQfG','jpg','image/jpeg','oc-content/uploads/0/'),
(76,70,'jiUnws29','jpg','image/jpeg','oc-content/uploads/0/'),
(77,70,'Qc72u1In','jpg','image/jpeg','oc-content/uploads/0/'),
(78,70,'MBB9fLB4','jpg','image/jpeg','oc-content/uploads/0/'),
(79,71,'Oe6Ouoch','jpg','image/jpeg','oc-content/uploads/0/'),
(80,71,'IJZLU7JG','jpg','image/jpeg','oc-content/uploads/0/'),
(81,71,'xgHUGU6r','jpg','image/jpeg','oc-content/uploads/0/'),
(82,71,'UapRSVyu','jpg','image/jpeg','oc-content/uploads/0/'),
(83,71,'0cP6BJZK','jpg','image/jpeg','oc-content/uploads/0/'),
(84,71,'D13FjzWk','jpg','image/jpeg','oc-content/uploads/0/'),
(85,71,'8op5wOzd','jpg','image/jpeg','oc-content/uploads/0/'),
(86,71,'YmYmbr70','jpg','image/jpeg','oc-content/uploads/0/'),
(87,71,'TsGXZbZI','jpg','image/jpeg','oc-content/uploads/0/'),
(88,71,'UpDcY3QA','jpg','image/jpeg','oc-content/uploads/0/'),
(95,82,'cZqqvpsI','jpg','image/jpeg','oc-content/uploads/0/'),
(96,82,'b2VFH1Kv','jpg','image/jpeg','oc-content/uploads/0/'),
(97,82,'Agi2oQy0','jpg','image/jpeg','oc-content/uploads/0/'),
(98,82,'iQzofAQQ','jpg','image/jpeg','oc-content/uploads/0/'),
(99,83,'YLegGb09','jpg','image/jpeg','oc-content/uploads/0/'),
(100,83,'faxRrVQi','jpg','image/jpeg','oc-content/uploads/0/'),
(101,83,'MZLyqq3P','jpg','image/jpeg','oc-content/uploads/0/'),
(102,83,'l28hGPbn','jpg','image/jpeg','oc-content/uploads/0/');

/* Table structure for table `oc_t_item_comment` */
CREATE TABLE IF NOT EXISTS `oc_t_item_comment` (
  `pk_i_id` int(10) unsigned NOT NULL AUTO_INCREMENT,
  `fk_i_item_id` int(10) unsigned NOT NULL,
  `dt_pub_date` datetime NOT NULL,
  `s_title` varchar(200) NOT NULL,
  `s_author_name` varchar(100) NOT NULL,
  `s_author_email` varchar(100) NOT NULL,
  `s_body` text NOT NULL,
  `i_rating` int(3) DEFAULT NULL,
  `b_enabled` tinyint(1) NOT NULL DEFAULT 1,
  `b_active` tinyint(1) NOT NULL DEFAULT 0,
  `b_spam` tinyint(1) NOT NULL DEFAULT 0,
  `fk_i_user_id` int(10) unsigned DEFAULT NULL,
  PRIMARY KEY (`pk_i_id`),
  KEY `fk_i_item_id` (`fk_i_item_id`),
  KEY `fk_i_user_id` (`fk_i_user_id`),
  CONSTRAINT `oc_t_item_comment_ibfk_1` FOREIGN KEY (`fk_i_item_id`) REFERENCES `oc_t_item` (`pk_i_id`),
  CONSTRAINT `oc_t_item_comment_ibfk_2` FOREIGN KEY (`fk_i_user_id`) REFERENCES `oc_t_user` (`pk_i_id`)
) ENGINE=InnoDB AUTO_INCREMENT=2 DEFAULT CHARSET=utf8;

/* dumping data for table `oc_t_item_comment` */
insert into `oc_t_item_comment` values
(1,70,'2022-03-12 13:49:26','deneme','deneme1','taylan@ucozgroup.com','Yorum',null,1,1,0,9);

/* Table structure for table `oc_t_preference` */
CREATE TABLE IF NOT EXISTS `oc_t_preference` (
  `s_section` varchar(128) NOT NULL,
  `s_name` varchar(128) NOT NULL,
  `s_value` longtext NOT NULL,
  `e_type` enum('STRING','INTEGER','BOOLEAN') NOT NULL,
  UNIQUE KEY `s_section` (`s_section`,`s_name`)
) ENGINE=InnoDB DEFAULT CHARSET=utf8;

/* dumping data for table `oc_t_preference` */
insert into `oc_t_preference` values
('google_maps','include_maps_js','1','STRING'),
('google_maps','maps_key','AIzaSyCJNyU63gyXZXW7KdLu-8vqO_d1kGrHkTA','STRING'),
('omega_admin_theme','compact_mode','0','STRING'),
('osclass','active_plugins','a:9:{i:0;s:20:\"banner_ads/index.php\";i:3;s:21:\"online_chat/index.php\";i:4;s:21:\"user_rating/index.php\";i:6;s:22:\"google_login/index.php\";i:7;s:27:\"instant_messenger/index.php\";i:8;s:20:\"make_offer/index.php\";i:9;s:20:\"attributes/index.php\";i:10;s:25:\"profile_picture/index.php\";i:11;s:16:\"qrcode/index.php\";}','STRING'),
('osclass','admindash_columns_hidden','1,3','STRING'),
('osclass','admindash_widgets_collapsed','blog,update,products,product-updates,glance','STRING'),
('osclass','admindash_widgets_hidden','','STRING'),
('osclass','admin_color_scheme','ectoplasm','STRING'),
('osclass','admin_language','en_US','STRING'),
('osclass','admin_theme','omega','STRING'),
('osclass','admin_toolbar_front','0','BOOLEAN'),
('osclass','akismetKey','','STRING'),
('osclass','allowedExt','png,gif,jpg,jpeg','STRING'),
('osclass','allow_report_osclass','1','BOOLEAN'),
('osclass','auto_cron','1','STRING'),
('osclass','auto_update','disabled|plugins','STRING'),
('osclass','best_fit_image','1','BOOLEAN'),
('osclass','breadcrumbs_hide','','STRING'),
('osclass','breadcrumbs_hide_custom','','STRING'),
('osclass','breadcrumbs_item_category','1','BOOLEAN'),
('osclass','breadcrumbs_item_city','0','BOOLEAN'),
('osclass','breadcrumbs_item_country','0','BOOLEAN'),
('osclass','breadcrumbs_item_page_title','1','BOOLEAN'),
('osclass','breadcrumbs_item_parent_categories','0','BOOLEAN'),
('osclass','breadcrumbs_item_region','0','BOOLEAN'),
('osclass','can_deactivate_items','0','STRING'),
('osclass','comments_per_page','10','STRING'),
('osclass','contactEmail','aktivasyon@allmenkul.com','STRING'),
('osclass','contact_attachment','0','STRING'),
('osclass','csrf_name','CSRF1158307780','STRING'),
('osclass','css_banned_pages','','STRING'),
('osclass','css_banned_words','font,awesome','STRING'),
('osclass','css_merge','0','BOOLEAN'),
('osclass','css_minify','0','BOOLEAN'),
('osclass','currency','TRY','STRING'),
('osclass','custom_css','','STRING'),
('osclass','custom_html','','STRING'),
('osclass','dateFormat','d/m/Y','STRING'),
('osclass','defaultOrderField@search','dt_pub_date','STRING'),
('osclass','defaultOrderType@search','1','BOOLEAN'),
('osclass','defaultResultsPerPage@search','12','STRING'),
('osclass','defaultShowAs@search','list','STRING'),
('osclass','description_character_length','5000','STRING'),
('osclass','dimNormal','640x480','STRING'),
('osclass','dimPreview','480x340','STRING'),
('osclass','dimProfileImg','180x180','STRING'),
('osclass','dimThumbnail','240x200','STRING'),
('osclass','enabled_comments','1','STRING'),
('osclass','enabled_recaptcha_items','1','STRING'),
('osclass','enabled_renewal_items','0','STRING'),
('osclass','enabled_tinymce_items','1','STRING'),
('osclass','enabled_tinymce_users','0','BOOLEAN'),
('osclass','enabled_users','1','BOOLEAN'),
('osclass','enabled_user_registration','1','BOOLEAN'),
('osclass','enabled_user_validation','1','BOOLEAN'),
('osclass','enableField#f_price@items','1','STRING'),
('osclass','enableField#images@items','1','STRING'),
('osclass','enable_comment_rating','1','STRING'),
('osclass','enable_profile_img','1','BOOLEAN'),
('osclass','force_aspect_image','0','BOOLEAN'),
('osclass','installed_plugins','a:11:{i:0;s:20:\"banner_ads/index.php\";i:1;s:27:\"instant_messenger/index.php\";i:3;s:21:\"online_chat/index.php\";i:4;s:21:\"user_rating/index.php\";i:5;s:21:\"osclass_pay/index.php\";i:6;s:22:\"google_login/index.php\";i:7;s:20:\"make_offer/index.php\";i:8;s:20:\"attributes/index.php\";i:9;s:25:\"profile_picture/index.php\";i:10;s:16:\"qrcode/index.php\";i:11;s:21:\"google_maps/index.php\";}','STRING'),
('osclass','items_wait_time','0','STRING'),
('osclass','item_attachment','0','STRING'),
('osclass','item_post_redirect','','STRING'),
('osclass','jquery_version','1','STRING'),
('osclass','js_banned_pages','','STRING'),
('osclass','js_banned_words','tiny','STRING'),
('osclass','js_merge','0','BOOLEAN'),
('osclass','js_minify','0','BOOLEAN'),
('osclass','keep_original_image','1','BOOLEAN'),
('osclass','language','tr_TR','STRING'),
('osclass','languages_downloaded','[\"ar_SY\",\"de_DE\",\"en_US\",\"ru_RU\",\"tr_TR\",\"zh_CN\"]','STRING'),
('osclass','languages_last_version_check','1649056348','STRING'),
('osclass','languages_to_update','[\"ru_RU\"]','STRING'),
('osclass','languages_update_count','1','STRING'),
('osclass','last_version_check','1649056349','STRING'),
('osclass','location_todo','2058','STRING'),
('osclass','logged_user_item_validation','0','STRING'),
('osclass','mailserver_auth','0','STRING'),
('osclass','mailserver_host','smtp.hostinger.com','STRING'),
('osclass','mailserver_mail_from','aktivasyon@allmenkul.com','STRING'),
('osclass','mailserver_name_from','All Menkul','STRING'),
('osclass','mailserver_password','2022AllMenkul+','STRING'),
('osclass','mailserver_pop','0','STRING'),
('osclass','mailserver_port','465','STRING'),
('osclass','mailserver_ssl','','STRING'),
('osclass','mailserver_type','custom','STRING'),
('osclass','mailserver_username','aktivasyon@allmenkul.com','STRING'),
('osclass','market_products_version','{\"date\":\"2022-04-04 10:12:28\",\"data\":{\"last_update\":\"2022-04-04 01:00:00\",\"0yNxpeRQtrJ1P40QfCn1\":{\"s_product_key\":\"0yNxpeRQtrJ1P40QfCn1\",\"s_version\":\"3.4.6\",\"fk_i_item_id\":\"46\",\"s_osc_version_from\":\"3.3\",\"s_osc_version_to\":\"\",\"last_update_date\":\"2022-03-17 07:57:58\",\"s_comment\":\"Fixed minor issue with redirect when show image fee was enabled.\\nFixed mnor issue with notices reported from functions.php\"},\"MTZ9Tv7cVAPLzMfIOupg\":{\"s_product_key\":\"MTZ9Tv7cVAPLzMfIOupg\",\"s_version\":\"3.3.2\",\"fk_i_item_id\":\"47\",\"s_osc_version_from\":\"3.0\",\"s_osc_version_to\":\"\",\"last_update_date\":\"2022-01-20 09:10:38\",\"s_comment\":\"Improved meta tags construction for plugins.\\nIf plugin provides meta tag via route, seo plugin will try to always reuse it.\"},\"KHrh5ixSocGe8COBeMc7\":{\"s_product_key\":\"KHrh5ixSocGe8COBeMc7\",\"s_version\":\"1.1.1\",\"fk_i_item_id\":\"48\",\"s_osc_version_from\":\"3.3.1\",\"s_osc_version_to\":\"\",\"last_update_date\":\"2021-01-19 13:30:58\",\"s_comment\":\"Notices fixes\"},\"LacliCEGw3BAf1JlcNdU\":{\"s_product_key\":\"LacliCEGw3BAf1JlcNdU\",\"s_version\":\"1.4.4\",\"fk_i_item_id\":\"49\",\"s_osc_version_from\":\"3.0\",\"s_osc_version_to\":\"\",\"last_update_date\":\"2022-01-20 09:11:18\",\"s_comment\":\"Added meta tags to routes (does not show \\\"Custom\\\" in page title).\"},\"CNMxiwkWshE8H3F1JyMo\":{\"s_product_key\":\"CNMxiwkWshE8H3F1JyMo\",\"s_version\":\"2.3.0\",\"fk_i_item_id\":\"50\",\"s_osc_version_from\":\"3.0\",\"s_osc_version_to\":\"\",\"last_update_date\":\"2022-01-25 09:23:29\",\"s_comment\":\"Major update: Removed old redundant fonts and styles.\\nAdded option for users to remove whole threads (if admin enable it).\"},\"ac52YupMpzkKcAtcCy8m\":{\"s_product_key\":\"ac52YupMpzkKcAtcCy8m\",\"s_version\":\"3.2.0\",\"fk_i_item_id\":\"51\",\"s_osc_version_from\":\"3.0\",\"s_osc_version_to\":\"\",\"last_update_date\":\"2021-12-17 14:15:52\",\"s_comment\":\"Major update: Removed old styles and fonts.\\nFixed typos in backoffice.\"},\"2mdX3OOMOsFdKnYHx4Cp\":{\"s_product_key\":\"2mdX3OOMOsFdKnYHx4Cp\",\"s_version\":\"1.1.1\",\"fk_i_item_id\":\"52\",\"s_osc_version_from\":\"3.0\",\"s_osc_version_to\":\"\",\"last_update_date\":\"2021-01-19 13:39:55\",\"s_comment\":\"Notices fixes\"},\"9xHou3b3OQ1IG3EZ1BmA\":{\"s_product_key\":\"9xHou3b3OQ1IG3EZ1BmA\",\"s_version\":\"2.7.0\",\"fk_i_item_id\":\"53\",\"s_osc_version_from\":\"3.0\",\"s_osc_version_to\":\"\",\"last_update_date\":\"2021-08-03 08:46:42\",\"s_comment\":\"Major update - front-end features has been redesigned\"},\"C7IDtk5QVGn39wsnSOE2\":{\"s_product_key\":\"C7IDtk5QVGn39wsnSOE2\",\"s_version\":\"2.1.1\",\"fk_i_item_id\":\"54\",\"s_osc_version_from\":\"3.0\",\"s_osc_version_to\":\"\",\"last_update_date\":\"2021-11-22 09:34:53\",\"s_comment\":\"Fixed missing link in user offers;\\nFixed incorrect price in user offers (now offer price instead of item price)\"},\"SdWSefTyq9twKToM6qPk\":{\"s_product_key\":\"SdWSefTyq9twKToM6qPk\",\"s_version\":\"1.1.2\",\"fk_i_item_id\":\"55\",\"s_osc_version_from\":\"3.0\",\"s_osc_version_to\":\"\",\"last_update_date\":\"2022-01-10 09:19:59\",\"s_comment\":\"Minor bugs fixed: last access date automatically set to registration date.\\nDefault number of items, in case item validation is not required, is set to 1 in user profile\\/record.\"},\"PQCkHq7JVdhTpFxeeR3l\":{\"s_product_key\":\"PQCkHq7JVdhTpFxeeR3l\",\"s_version\":\"2.0.0\",\"fk_i_item_id\":\"56\",\"s_osc_version_from\":\"3.0\",\"s_osc_version_to\":\"\",\"last_update_date\":\"2021-09-09 08:50:29\",\"s_comment\":\"Plugin name changed to Banners &amp; Advertisement Plugin; backoffice design has been completely changed; banners and advertisement management is much easier now; added new tips and notices into plugin so it is easy for newcomers to setup the plugin; removed redundant and unnecessary styles &amp; scripts from back-office (removed Open-Sans font at all); front-office styles and scripts has been removed and merged directly into code (due to low size) in order to negate impact of plugin on website \"},\"KlqIQ1ClzI4eQTlNJ7xc\":{\"s_product_key\":\"KlqIQ1ClzI4eQTlNJ7xc\",\"s_version\":\"2.0.1\",\"fk_i_item_id\":\"57\",\"s_osc_version_from\":\"3.0\",\"s_osc_version_to\":\"\",\"last_update_date\":\"2021-10-25 10:43:04\",\"s_comment\":\"XSS vulnerability fixed\"},\"GlNHp4EtSnbdG9CAQ2z6\":{\"s_product_key\":\"GlNHp4EtSnbdG9CAQ2z6\",\"s_version\":\"2.1.1\",\"fk_i_item_id\":\"58\",\"s_osc_version_from\":\"3.0\",\"s_osc_version_to\":\"\",\"last_update_date\":\"2021-01-19 13:38:12\",\"s_comment\":\"Notices fixes\"},\"Ulkh6xNkOv2YT7POQfmO\":{\"s_product_key\":\"Ulkh6xNkOv2YT7POQfmO\",\"s_version\":\"1.2.1\",\"fk_i_item_id\":\"59\",\"s_osc_version_from\":\"3.0\",\"s_osc_version_to\":\"\",\"last_update_date\":\"2021-01-19 13:42:35\",\"s_comment\":\"Notices fixes\"},\"0QDgBnwfOyvG8sUOCizo\":{\"s_product_key\":\"0QDgBnwfOyvG8sUOCizo\",\"s_version\":\"1.3.0\",\"fk_i_item_id\":\"60\",\"s_osc_version_from\":\"3.0\",\"s_osc_version_to\":\"\",\"last_update_date\":\"2021-03-09 10:32:41\",\"s_comment\":\"Admin can now enter own validation comment (reusing user field for comment), fixed emails, added comments to mails, fixed design issues in backoffice\"},\"MaN1xZ5SKBJqWjZgD2bm\":{\"s_product_key\":\"MaN1xZ5SKBJqWjZgD2bm\",\"s_version\":\"1.3.1\",\"fk_i_item_id\":\"61\",\"s_osc_version_from\":\"3.0\",\"s_osc_version_to\":\"\",\"last_update_date\":\"2021-01-19 13:28:16\",\"s_comment\":\"Notices fixes\"},\"4qqdPpskk98qyFNElHYE\":{\"s_product_key\":\"4qqdPpskk98qyFNElHYE\",\"s_version\":\"2.3.5\",\"fk_i_item_id\":\"62\",\"s_osc_version_from\":\"3.0\",\"s_osc_version_to\":\"\",\"last_update_date\":\"2021-12-08 13:34:36\",\"s_comment\":\"Fixed minor issues with marking premium items as favorite.\"},\"mqiokDukjuGMkrZ1taSX\":{\"s_product_key\":\"mqiokDukjuGMkrZ1taSX\",\"s_version\":\"1.6.3\",\"fk_i_item_id\":\"63\",\"s_osc_version_from\":\"3.3\",\"s_osc_version_to\":\"\",\"last_update_date\":\"2022-02-08 10:06:19\",\"s_comment\":\"Fixed bug when price was shown also in categories with disabled price field.\"},\"8BBAzI3IDIcFYqA1alzu\":{\"s_product_key\":\"8BBAzI3IDIcFYqA1alzu\",\"s_version\":\"1.6.1\",\"fk_i_item_id\":\"64\",\"s_osc_version_from\":\"3.3\",\"s_osc_version_to\":\"\",\"last_update_date\":\"2021-10-27 11:39:50\",\"s_comment\":\"Fixed search hooks not visible in search sidebar when category selected.\"},\"8vXVx9jI59dxNSgj38xK\":{\"s_product_key\":\"8vXVx9jI59dxNSgj38xK\",\"s_version\":\"1.6.0\",\"fk_i_item_id\":\"65\",\"s_osc_version_from\":\"3.0\",\"s_osc_version_to\":\"\",\"last_update_date\":\"2021-04-08 12:07:49\",\"s_comment\":\"Major update, javascript libraries update, preparation for jQuery 3.6 and Osclass 4.4, fixed different small PHP bugs\"},\"j3CBbxWhQpEVBK7pouT8\":{\"s_product_key\":\"j3CBbxWhQpEVBK7pouT8\",\"s_version\":\"3.7.0\",\"fk_i_item_id\":\"66\",\"s_osc_version_from\":\"4.4\",\"s_osc_version_to\":\"\",\"last_update_date\":\"2021-04-22 10:38:38\",\"s_comment\":\"Major update, javascript libraries update, preparation for jQuery 3.6 and Osclass 4.4\"},\"ynMUuxp3sXYa0tMj0dQn\":{\"s_product_key\":\"ynMUuxp3sXYa0tMj0dQn\",\"s_version\":\"3.6.0\",\"fk_i_item_id\":\"67\",\"s_osc_version_from\":\"4.4\",\"s_osc_version_to\":\"\",\"last_update_date\":\"2021-04-22 10:39:09\",\"s_comment\":\"Major update, javascript libraries update, preparation for jQuery 3.6 and Osclass 4.4\"},\"4bx3pxmTuz0TAszEpoQ9\":{\"s_product_key\":\"4bx3pxmTuz0TAszEpoQ9\",\"s_version\":\"3.3.0\",\"fk_i_item_id\":\"68\",\"s_osc_version_from\":\"3.0\",\"s_osc_version_to\":\"\",\"last_update_date\":\"2021-04-22 10:38:11\",\"s_comment\":\"Major update, javascript libraries update, preparation for jQuery 3.6 and Osclass 4.4\"},\"LeLqCpPszqj7ijcEUJFJ\":{\"s_product_key\":\"LeLqCpPszqj7ijcEUJFJ\",\"s_version\":\"1.1.0\",\"fk_i_item_id\":\"69\",\"s_osc_version_from\":\"3.0\",\"s_osc_version_to\":\"\",\"last_update_date\":\"2019-03-20 14:44:09\",\"s_comment\":\"Added partial support for oc-admin themes\"},\"ag7c6i6dvi5XuOf2GTcb\":{\"s_product_key\":\"ag7c6i6dvi5XuOf2GTcb\",\"s_version\":\"1.0.4\",\"fk_i_item_id\":\"70\",\"s_osc_version_from\":\"3.0\",\"s_osc_version_to\":\"\",\"last_update_date\":\"2018-03-17 09:15:13\",\"s_comment\":\"Fixed issue with non-showing flash messages\"},\"2tnYRompS1tuV2SqZ6qy\":{\"s_product_key\":\"2tnYRompS1tuV2SqZ6qy\",\"s_version\":\"1.4.0\",\"fk_i_item_id\":\"72\",\"s_osc_version_from\":\"3.3\",\"s_osc_version_to\":\"\",\"last_update_date\":\"2021-04-07 13:43:44\",\"s_comment\":\"Major update, javascript libraries update, preparation for jQuery 3.6 and Osclass 4.4, multiple notices and issues fixed\"},\"4EdXqRi5wzbIYKjXPhQ1\":{\"s_product_key\":\"4EdXqRi5wzbIYKjXPhQ1\",\"s_version\":\"1.1.1\",\"fk_i_item_id\":\"73\",\"s_osc_version_from\":\"3.0\",\"s_osc_version_to\":\"\",\"last_update_date\":\"2021-12-21 08:23:34\",\"s_comment\":\"Updated to work properly with Success Box Plugin\"},\"ccxff0jHMYEh2ikbyswa\":{\"s_product_key\":\"ccxff0jHMYEh2ikbyswa\",\"s_version\":\"1.2.2\",\"fk_i_item_id\":\"74\",\"s_osc_version_from\":\"3.0.0\",\"s_osc_version_to\":\"\",\"last_update_date\":\"2021-09-20 07:57:01\",\"s_comment\":\"Fixed implode notice\\/error reported in functions.php of plugin\"},\"RhTE7SKNogtq8bNVvIcJ\":{\"s_product_key\":\"RhTE7SKNogtq8bNVvIcJ\",\"s_version\":\"1.1.1\",\"fk_i_item_id\":\"75\",\"s_osc_version_from\":\"3.0\",\"s_osc_version_to\":\"\",\"last_update_date\":\"2021-12-21 08:24:01\",\"s_comment\":\"Updated to work properly with Social Share Plugin\"},\"9BgL1gFtkfYIx0KVQJ58\":{\"s_product_key\":\"9BgL1gFtkfYIx0KVQJ58\",\"s_version\":\"1.1.0\",\"fk_i_item_id\":\"76\",\"s_osc_version_from\":\"3.0\",\"s_osc_version_to\":\"\",\"last_update_date\":\"2021-01-19 10:16:46\",\"s_comment\":\"PHP 8.0 compatibility update, additional minor fixes\"},\"tJvtsgwVfHh2iNVrUKZm\":{\"s_product_key\":\"tJvtsgwVfHh2iNVrUKZm\",\"s_version\":\"2.5.2\",\"fk_i_item_id\":\"77\",\"s_osc_version_from\":\"3.0\",\"s_osc_version_to\":\"\",\"last_update_date\":\"2022-03-18 15:22:24\",\"s_comment\":\"Fixed several possible error notices.\"},\"FCovG0JwLwogaSRGLSAW\":{\"s_product_key\":\"FCovG0JwLwogaSRGLSAW\",\"s_version\":\"1.1.1\",\"fk_i_item_id\":\"78\",\"s_osc_version_from\":\"3.0\",\"s_osc_version_to\":\"\",\"last_update_date\":\"2021-05-17 12:35:27\",\"s_comment\":\"Fixed several problems with PHP 8 and count functions\"},\"xQGEDiExjTR5UwJUmbRx\":{\"s_product_key\":\"xQGEDiExjTR5UwJUmbRx\",\"s_version\":\"1.0.3\",\"fk_i_item_id\":\"79\",\"s_osc_version_from\":\"3.0\",\"s_osc_version_to\":\"\",\"last_update_date\":\"2020-03-02 12:44:34\",\"s_comment\":\"Minifier will not try to minify external CSS\\/JS files\"},\"aP0ReAUMbQqpEZUi6H1R\":{\"s_product_key\":\"aP0ReAUMbQqpEZUi6H1R\",\"s_version\":\"1.2.0\",\"fk_i_item_id\":\"80\",\"s_osc_version_from\":\"3.0\",\"s_osc_version_to\":\"\",\"last_update_date\":\"2021-01-19 09:18:01\",\"s_comment\":\"PHP 8.0 compatibility update, additional minor fixes\"},\"UkjJPIxfbNfYCxuTfm2N\":{\"s_product_key\":\"UkjJPIxfbNfYCxuTfm2N\",\"s_version\":\"1.1.0\",\"fk_i_item_id\":\"82\",\"s_osc_version_from\":\"3.0\",\"s_osc_version_to\":\"\",\"last_update_date\":\"2021-01-19 09:14:28\",\"s_comment\":\"PHP 8.0 compatibility update, additional minor fixes\"},\"FU7UTpHmDThsRKWwXwZO\":{\"s_product_key\":\"FU7UTpHmDThsRKWwXwZO\",\"s_version\":\"1.2.2\",\"fk_i_item_id\":\"83\",\"s_osc_version_from\":\"3.0\",\"s_osc_version_to\":\"\",\"last_update_date\":\"2021-09-10 13:49:13\",\"s_comment\":\"Fixed product archive (zip)\"},\"kK7dgkItDQ66WZX76BzB\":{\"s_product_key\":\"kK7dgkItDQ66WZX76BzB\",\"s_version\":\"1.5.6\",\"fk_i_item_id\":\"84\",\"s_osc_version_from\":\"3.0\",\"s_osc_version_to\":\"\",\"last_update_date\":\"2021-12-04 08:27:15\",\"s_comment\":\"Plugin now updates structured data image on blog page and use blog image instead of website logo.\\nRemoved old and redundant styles &amp; fonts from backoffice.\"},\"3aVxfB6ACekqc6ZUDbVw\":{\"s_product_key\":\"3aVxfB6ACekqc6ZUDbVw\",\"s_version\":\"1.2.1\",\"fk_i_item_id\":\"85\",\"s_osc_version_from\":\"3.0\",\"s_osc_version_to\":\"\",\"last_update_date\":\"2021-08-23 14:01:42\",\"s_comment\":\"Added support of \\\"I want to receive Newsletters\\\" option added into GDPR plugin v1.2.0; Plugin will not work properly with older versions of GDPR plugin\"},\"VVUOjIZMpRwBjbbT8Ue4\":{\"s_product_key\":\"VVUOjIZMpRwBjbbT8Ue4\",\"s_version\":\"1.3.3\",\"fk_i_item_id\":\"86\",\"s_osc_version_from\":\"3.3\",\"s_osc_version_to\":\"\",\"last_update_date\":\"2021-08-01 18:43:15\",\"s_comment\":\"Fixed validation issues when using forms, especially with older jQuery version.\"},\"v8vsj78TTuvBTfS8lLVs\":{\"s_product_key\":\"v8vsj78TTuvBTfS8lLVs\",\"s_version\":\"1.3.3\",\"fk_i_item_id\":\"87\",\"s_osc_version_from\":\"3.0\",\"s_osc_version_to\":\"\",\"last_update_date\":\"2022-02-07 09:28:07\",\"s_comment\":\"Added new checkmark to backoffice user list for \\\"newsletter\\\" consent.\"},\"J9wVtDVg2WDgm3cS6fXi\":{\"s_product_key\":\"J9wVtDVg2WDgm3cS6fXi\",\"s_version\":\"1.1.0\",\"fk_i_item_id\":\"88\",\"s_osc_version_from\":\"3.0\",\"s_osc_version_to\":\"\",\"last_update_date\":\"2021-01-19 10:14:13\",\"s_comment\":\"PHP 8.0 compatibility update, additional minor fixes\"},\"VnwC5tcwCuXffWIOZiEZ\":{\"s_product_key\":\"VnwC5tcwCuXffWIOZiEZ\",\"s_version\":\"1.5.0\",\"fk_i_item_id\":\"89\",\"s_osc_version_from\":\"3.3\",\"s_osc_version_to\":\"\",\"last_update_date\":\"2022-02-21 15:24:09\",\"s_comment\":\"Major update: Admin can now create new profile from backoffice.\\nAdmin can now update existing profiles from backoffice.\\nAll features are now available from backoffice as well as from frontoffice.\\nCompanies list in backoffice has been redesigned and is now more compact.\"},\"Vknlbnj86NQq95u9ebph\":{\"s_product_key\":\"Vknlbnj86NQq95u9ebph\",\"s_version\":\"1.1.1\",\"fk_i_item_id\":\"90\",\"s_osc_version_from\":\"3.0\",\"s_osc_version_to\":\"\",\"last_update_date\":\"2022-02-02 09:08:32\",\"s_comment\":\"Fixed issue with language switch in backoffice.\"},\"7k3yIRZf7pqdTfkqbCct\":{\"s_product_key\":\"7k3yIRZf7pqdTfkqbCct\",\"s_version\":\"1.4.0\",\"fk_i_item_id\":\"91\",\"s_osc_version_from\":\"3.3\",\"s_osc_version_to\":\"\",\"last_update_date\":\"2021-04-07 12:53:13\",\"s_comment\":\"Major update, javascript libraries update, preparation for jQuery 3.6 and Osclass 4.4\"},\"Z0hyzNqGCzOmCfC4NGVn\":{\"s_product_key\":\"Z0hyzNqGCzOmCfC4NGVn\",\"s_version\":\"1.2.0\",\"fk_i_item_id\":\"92\",\"s_osc_version_from\":\"3.0\",\"s_osc_version_to\":\"\",\"last_update_date\":\"2022-01-04 07:39:15\",\"s_comment\":\"Major update: Added support for ExchangeRatesApi.io API Key.\\nCurrencyConverterApi now points to latest API version.\\nImproved error handling for all services.\\nUpdate language file.\\nRemoved old and redundant styles &amp; fonts.\"},\"vOUF3cgopU8qyNMewkQS\":{\"s_product_key\":\"vOUF3cgopU8qyNMewkQS\",\"s_version\":\"1.7.0\",\"fk_i_item_id\":\"93\",\"s_osc_version_from\":\"3.0\",\"s_osc_version_to\":\"\",\"last_update_date\":\"2022-01-13 10:33:47\",\"s_comment\":\"Added notification into invoices list that inform customer to request invoice from eCommerce solution of Osclass Pay from seller directly.\\nAdded placeholder to invoice header text area in user billing profile.\\nRemoved old redundant styles and fonts.\"},\"gcNH3W3tlQR3ckJ7XSCq\":{\"s_product_key\":\"gcNH3W3tlQR3ckJ7XSCq\",\"s_version\":\"1.3.7\",\"fk_i_item_id\":\"94\",\"s_osc_version_from\":\"3.0\",\"s_osc_version_to\":\"\",\"last_update_date\":\"2022-02-18 14:41:26\",\"s_comment\":\"Fixed numerous issues when removing fourms topics, posts and boards\"},\"CW4YOjMfMXI6zvpw75r1\":{\"s_product_key\":\"CW4YOjMfMXI6zvpw75r1\",\"s_version\":\"1.2.1\",\"fk_i_item_id\":\"95\",\"s_osc_version_from\":\"3.3\",\"s_osc_version_to\":\"\",\"last_update_date\":\"2021-11-09 15:30:14\",\"s_comment\":\"Plugin now cooperates with GDPR and do not cache trigger box thrown by GDPR plugin.\"},\"EuIidjPacShPoibBFu6m\":{\"s_product_key\":\"EuIidjPacShPoibBFu6m\",\"s_version\":\"1.1.0\",\"fk_i_item_id\":\"96\",\"s_osc_version_from\":\"3.0\",\"s_osc_version_to\":\"\",\"last_update_date\":\"2021-01-19 09:13:45\",\"s_comment\":\"PHP 8.0 compatibilHXU  HXU                  GXU          t7XU  8HXU          HXU   @      HXU          \",\"s_version\":\"1.1.3\",\"fk_i_item_id\":\"97\",\"s_osc_version_from\":\"3.0\",\"s_osc_version_to\":\"\",\"last_update_date\":\"2022-01-03 13:46:26\",\"s_comment\":\"Plugin now checks for uniqueness of phone number in both fields - mobile phone &amp; land phone.\\nPlugin now checks checks both phone numbers in user profile - mobile phone &amp; land phone.\"},\"pBrd68M4b5SiexjdJ5yK\":{\"s_product_key\":\"pBrd68M4b5SiexjdJ5yK\",\"s_version\":\"1.5.3\",\"fk_i_item_id\":\"98\",\"s_osc_version_from\":\"3.3\",\"s_osc_version_to\":\"\",\"last_update_date\":\"2021-07-07 09:40:57\",\"s_comment\":\"Improved several functions, fixed bugs and bring few improvements\"},\"mNqtMxg1zBJRwIDKdLuM\":{\"s_product_key\":\"mNqtMxg1zBJRwIDKdLuM\",\"s_version\":\"1.5.2\",\"fk_i_item_id\":\"99\",\"s_osc_version_from\":\"3.0\",\"s_osc_version_to\":\"\",\"last_update_date\":\"2021-09-02 08:26:59\",\"s_comment\":\"Plugin now try to update location of item &amp; user on edit action each time for 2 reasons: if location has not been changed, it will be retrieved from plugin cache, if location has ben changed, coordinates must be changed anyway\"},\"oxs1OgtBR7lqBtNk9x0j\":{\"s_product_key\":\"oxs1OgtBR7lqBtNk9x0j\",\"s_version\":\"1.3.0\",\"fk_i_item_id\":\"100\",\"s_osc_version_from\":\"3.0\",\"s_osc_version_to\":\"\",\"last_update_date\":\"2021-09-10 15:27:53\",\"s_comment\":\"Redesigned how login listener works, improved compatibility, fixed minor issues on PHP 8.0.\"},\"n2eVCPcgB74fheHF8WMq\":{\"s_product_key\":\"n2eVCPcgB74fheHF8WMq\",\"s_version\":\"1.1.0\",\"fk_i_item_id\":\"101\",\"s_osc_version_from\":\"3.0\",\"s_osc_version_to\":\"\",\"last_update_date\":\"2021-01-19 09:05:25\",\"s_comment\":\"PHP 8.0 compatibility update, additional minor fixes\"},\"kbUtlUi37pjcT4Do0OI1\":{\"s_product_key\":\"kbUtlUi37pjcT4Do0OI1\",\"s_version\":\"3.1.3\",\"fk_i_item_id\":\"102\",\"s_osc_version_from\":\"4.4.0\",\"s_osc_version_to\":\"\",\"last_update_date\":\"2021-04-27 08:32:47\",\"s_comment\":\"Functionality update for Osclass 4.4, many bugs fixed, new sections added, admin color scheme added.\"},\"zQeGvWyO3U0y57KR7CvP\":{\"s_product_key\":\"zQeGvWyO3U0y57KR7CvP\",\"s_version\":\"1.2.2\",\"fk_i_item_id\":\"103\",\"s_osc_version_from\":\"3.0\",\"s_osc_version_to\":\"\",\"last_update_date\":\"2021-08-01 18:31:42\",\"s_comment\":\"Improved login identification of callback functions\"},\"5GbeI4IbxU5ZLeSXlS5F\":{\"s_product_key\":\"5GbeI4IbxU5ZLeSXlS5F\",\"s_version\":\"1.6.4\",\"fk_i_item_id\":\"104\",\"s_osc_version_from\":\"3.0\",\"s_osc_version_to\":\"\",\"last_update_date\":\"2022-01-10 14:14:35\",\"s_comment\":\"Fixed minor issue with missing function in backoffice.\"},\"BlUmJrTdUAaDqQ8UXHb4\":{\"s_product_key\":\"BlUmJrTdUAaDqQ8UXHb4\",\"s_version\":\"1.0.0\",\"fk_i_item_id\":\"105\",\"s_osc_version_from\":\"\",\"s_osc_version_to\":\"\",\"last_update_date\":\"2019-06-18 07:47:21\",\"s_comment\":\"Blank file\"},\"MmCdRh47DK88qrFD6L1w\":{\"s_product_key\":\"MmCdRh47DK88qrFD6L1w\",\"s_version\":\"1.4.1\",\"fk_i_item_id\":\"106\",\"s_osc_version_from\":\"3.0\",\"s_osc_version_to\":\"\",\"last_update_date\":\"2021-07-07 09:44:16\",\"s_comment\":\"Improved several functions, fixed bugs and bring few improvements\"},\"zyrLNTohHi1nykfew2hM\":{\"s_product_key\":\"zyrLNTohHi1nykfew2hM\",\"s_version\":\"1.1.1\",\"fk_i_item_id\":\"107\",\"s_osc_version_from\":\"3.0\",\"s_osc_version_to\":\"\",\"last_update_date\":\"2021-01-19 13:55:39\",\"s_comment\":\"Notices fixes\"},\"Q3JkTD1eH1LjQKE07IVz\":{\"s_product_key\":\"Q3JkTD1eH1LjQKE07IVz\",\"s_version\":\"1.1.1\",\"fk_i_item_id\":\"108\",\"s_osc_version_from\":\"3.0\",\"s_osc_version_to\":\"\",\"last_update_date\":\"2021-08-04 08:42:45\",\"s_comment\":\"Fixed bug with reduction &amp; minimal amounts those might not load properly when editing voucher\"},\"7wMRIzqJbL8LIILv56Fu\":{\"s_product_key\":\"7wMRIzqJbL8LIILv56Fu\",\"s_version\":\"1.1.0\",\"fk_i_item_id\":\"109\",\"s_osc_version_from\":\"\",\"s_osc_version_to\":\"\",\"last_update_date\":\"2021-01-19 10:15:05\",\"s_comment\":\"PHP 8.0 compatibility update, additional minor fixes\"},\"GFE1crrhnvi0AtRiagJp\":{\"s_product_key\":\"GFE1crrhnvi0AtRiagJp\",\"s_version\":\"1.5.1\",\"fk_i_item_id\":\"110\",\"s_osc_version_from\":\"3.3\",\"s_osc_version_to\":\"\",\"last_update_date\":\"2022-01-31 10:51:41\",\"s_comment\":\"Logo function has been redesigned, now theme update does not cause logo reset to default one.\\nFixed design of activate\\/deactivate and renew buttons in user items.\"},\"58jeUWqcBCc9AyKktvph\":{\"s_product_key\":\"58jeUWqcBCc9AyKktvph\",\"s_version\":\"1.1.0\",\"fk_i_item_id\":\"111\",\"s_osc_version_from\":\"3.0\",\"s_osc_version_to\":\"\",\"last_update_date\":\"2021-01-19 09:14:05\",\"s_comment\":\"PHP 8.0 compatibility update, additional minor fixes\"},\"GwoMe84Z9fBVqGU7JgPQ\":{\"s_product_key\":\"GwoMe84Z9fBVqGU7JgPQ\",\"s_version\":\"1.4.3\",\"fk_i_item_id\":\"112\",\"s_osc_version_from\":\"3.0\",\"s_osc_version_to\":\"\",\"last_update_date\":\"2022-03-09 08:18:52\",\"s_comment\":\"Item Validation Plugin support added - now imported listings are auto-approved (validation record automatically created).\\nNew feature added - generate email based on phone. In case email field is missing and phone number is available, plugin will try to create dummy email instead of using default import email (in format PHONE@domain.com)\\nDebug mode update - when debug mode enabled, errors are now printed to error log in \\\"nice\\\" easy to read way.\"},\"P2xUxTzHUv8LMkGB14BV\":{\"s_product_key\":\"P2xUxTzHUv8LMkGB14BV\",\"s_version\":\"1.2.0\",\"fk_i_item_id\":\"113\",\"s_osc_version_from\":\"3.0\",\"s_osc_version_to\":\"\",\"last_update_date\":\"2022-02-28 09:24:11\",\"s_comment\":\"Major update: numerous fixes and improvements in core.\\nRemoved old and redundant fonts &amp; styles.\\nAdded guidance for Delta &amp; Sigma themes in backoffice.\"},\"tmTcQIQhyfwrseFGqLIr\":{\"s_product_key\":\"tmTcQIQhyfwrseFGqLIr\",\"s_version\":\"1.4.0\",\"fk_i_item_id\":\"114\",\"s_osc_version_from\":\"3.3\",\"s_osc_version_to\":\"\",\"last_update_date\":\"2022-02-09 10:33:10\",\"s_comment\":\"Updated search items (latest, premiums, standard search) with item resources, so each item contains list of all its resources under \\\"resources\\\" key.\\nSplit backoffice content into several more sections (Statistics, Documentation) to make management more intuitive.\\nAdded ability to auto-purge old logs and logs retention period.\"},\"LNlXIJmlaVMAICJ7o728\":{\"s_product_key\":\"LNlXIJmlaVMAICJ7o728\",\"s_version\":\"1.3.3\",\"fk_i_item_id\":\"115\",\"s_osc_version_from\":\"8.0.0\",\"s_osc_version_to\":\"\",\"last_update_date\":\"2021-11-04 15:15:25\",\"s_comment\":\"Numerous improvements and fixes made to Sigma theme.\"},\"aKHCKmKJSHIGDr9W1Gno\":{\"s_product_key\":\"aKHCKmKJSHIGDr9W1Gno\",\"s_version\":\"1.1.0\",\"fk_i_item_id\":\"116\",\"s_osc_version_from\":\"3.0\",\"s_osc_version_to\":\"\",\"last_update_date\":\"2020-11-18 09:17:17\",\"s_comment\":\"Initial community release\"},\"EW7CF1Ut1VyDy7OHSzOz\":{\"s_product_key\":\"EW7CF1Ut1VyDy7OHSzOz\",\"s_version\":\"1.3.0\",\"fk_i_item_id\":\"117\",\"s_osc_version_from\":\"3.0\",\"s_osc_version_to\":\"\",\"last_update_date\":\"2021-01-19 14:15:40\",\"s_comment\":\"PHP 8.0 compatibility update, additional minor fixes\"},\"DUBVnkh9jwqW17nf6NGj\":{\"s_product_key\":\"DUBVnkh9jwqW17nf6NGj\",\"s_version\":\"1.1.0\",\"fk_i_item_id\":\"118\",\"s_osc_version_from\":\"3.0\",\"s_osc_version_to\":\"\",\"last_update_date\":\"2020-11-18 09:22:51\",\"s_comment\":\"Initial community release\"},\"XvsQRHMyP1UK43q6Yd0J\":{\"s_product_key\":\"XvsQRHMyP1UK43q6Yd0J\",\"s_version\":\"1.3.0\",\"fk_i_item_id\":\"119\",\"s_osc_version_from\":\"3.0\",\"s_osc_version_to\":\"\",\"last_update_date\":\"2021-01-19 14:18:24\",\"s_comment\":\"PHP 8.0 compatibility update, additional minor fixes\"},\"4JVeSCym2yP23fgntw0Z\":{\"s_product_key\":\"4JVeSCym2yP23fgntw0Z\",\"s_version\":\"1.2.1\",\"fk_i_item_id\":\"120\",\"s_osc_version_from\":\"3.0\",\"s_osc_version_to\":\"\",\"last_update_date\":\"2021-10-03 13:13:25\",\"s_comment\":\"Fixed different issues (missing images, incorrect image used, ...)\"},\"Lif3TMohLnh8Q04F8Hwz\":{\"s_product_key\":\"Lif3TMohLnh8Q04F8Hwz\",\"s_version\":\"1.3.0\",\"fk_i_item_id\":\"121\",\"s_osc_version_from\":\"3.0\",\"s_osc_version_to\":\"\",\"last_update_date\":\"2021-01-19 14:20:04\",\"s_comment\":\"PHP 8.0 compatibility update, additional minor fixes\"},\"2NXsQmUKHos7jalBrqXz\":{\"s_product_key\":\"2NXsQmUKHos7jalBrqXz\",\"s_version\":\"1.7.0\",\"fk_i_item_id\":\"122\",\"s_osc_version_from\":\"3.0\",\"s_osc_version_to\":\"\",\"last_update_date\":\"2020-11-18 09:33:39\",\"s_comment\":\"Initial community release\"},\"KIRI6jiKUZIAvPQvBPA3\":{\"s_product_key\":\"KIRI6jiKUZIAvPQvBPA3\",\"s_version\":\"1.1.0\",\"fk_i_item_id\":\"123\",\"s_osc_version_from\":\"3.0\",\"s_osc_version_to\":\"\",\"last_update_date\":\"2020-11-18 09:37:58\",\"s_comment\":\"Initial community release\"},\"2W7JWqCbxXdMfrrPLWxv\":{\"s_product_key\":\"2W7JWqCbxXdMfrrPLWxv\",\"s_version\":\"3.3.1\",\"fk_i_item_id\":\"124\",\"s_osc_version_from\":\"3.0\",\"s_osc_version_to\":\"\",\"last_update_date\":\"2022-01-21 08:49:41\",\"s_comment\":\"Fixed major issue causing attributes not being saved on classifieds with existing listings.\\nUnified with other attributes plugins.\"},\"djkx5sFdRsg4RyNolJyb\":{\"s_product_key\":\"djkx5sFdRsg4RyNolJyb\",\"s_version\":\"1.2.0\",\"fk_i_item_id\":\"125\",\"s_osc_version_from\":\"3.0\",\"s_osc_version_to\":\"\",\"last_update_date\":\"2021-01-19 10:11:40\",\"s_comment\":\"PHP 8.0 compatibility update, additional minor fixes\"},\"eT3rb042WfSXRc19otYi\":{\"s_product_key\":\"eT3rb042WfSXRc19otYi\",\"s_version\":\"3.2.0\",\"fk_i_item_id\":\"126\",\"s_osc_version_from\":\"3.0\",\"s_osc_version_to\":\"\",\"last_update_date\":\"2021-01-19 14:21:17\",\"s_comment\":\"PHP 8.0 compatibility update, additional minor fixes\"},\"HBVzMk1O9AachzWTfstj\":{\"s_product_key\":\"HBVzMk1O9AachzWTfstj\",\"s_version\":\"1.4.0\",\"fk_i_item_id\":\"127\",\"s_osc_version_from\":\"3.0\",\"s_osc_version_to\":\"\",\"last_update_date\":\"2021-01-19 14:22:41\",\"s_comment\":\"PHP 8.0 compatibility update, additional minor fixes\"},\"MjqkDNW8spqvllOvtMSH\":{\"s_product_key\":\"MjqkDNW8spqvllOvtMSH\",\"s_version\":\"1.2.0\",\"fk_i_item_id\":\"128\",\"s_osc_version_from\":\"3.0\",\"s_osc_version_to\":\"\",\"last_update_date\":\"2020-11-18 09:53:36\",\"s_comment\":\"Initial community release\"},\"XX4ccIt1Cj2SZQstJGWm\":{\"s_product_key\":\"XX4ccIt1Cj2SZQstJGWm\",\"s_version\":\"2.2.0\",\"fk_i_item_id\":\"129\",\"s_osc_version_from\":\"3.0\",\"s_osc_version_to\":\"\",\"last_update_date\":\"2020-11-18 10:00:46\",\"s_comment\":\"Initial community release\"},\"U9eN1qT3RP7LxCAq1zRS\":{\"s_product_key\":\"U9eN1qT3RP7LxCAq1zRS\",\"s_version\":\"1.4.0\",\"fk_i_item_id\":\"130\",\"s_osc_version_from\":\"3.0\",\"s_osc_version_to\":\"\",\"last_update_date\":\"2021-01-19 14:23:44\",\"s_comment\":\"PHP 8.0 compatibility update, additional minor fixes\"},\"CQxEKg0gHAuWK543zXZR\":{\"s_product_key\":\"CQxEKg0gHAuWK543zXZR\",\"s_version\":\"3.0.0\",\"fk_i_item_id\":\"131\",\"s_osc_version_from\":\"3.0\",\"s_osc_version_to\":\"\",\"last_update_date\":\"2020-11-18 10:13:09\",\"s_comment\":\"Initial community release\"},\"NS4N953XMUYGVlbHXtod\":{\"s_product_key\":\"NS4N953XMUYGVlbHXtod\",\"s_version\":\"3.2.2\",\"fk_i_item_id\":\"132\",\"s_osc_version_from\":\"3.0\",\"s_osc_version_to\":\"\",\"last_update_date\":\"2021-05-28 07:46:15\",\"s_comment\":\"Fixed error notices thrown in map, improved several functions\"},\"xJTuuOyytVDITjNjMlSC\":{\"s_product_key\":\"xJTuuOyytVDITjNjMlSC\",\"s_version\":\"3.4.1\",\"fk_i_item_id\":\"133\",\"s_osc_version_from\":\"3.0\",\"s_osc_version_to\":\"\",\"last_update_date\":\"2022-01-21 08:48:16\",\"s_comment\":\"Unified with other attributes plugins.\"},\"YpmgxnUy99FVT4GREHgu\":{\"s_product_key\":\"YpmgxnUy99FVT4GREHgu\",\"s_version\":\"1.1.0\",\"fk_i_item_id\":\"134\",\"s_osc_version_from\":\"3.0\",\"s_osc_version_to\":\"\",\"last_update_date\":\"2020-11-18 10:20:50\",\"s_comment\":\"Initial community release\"},\"6dpbDvcouLjIwupfoDvk\":{\"s_product_key\":\"6dpbDvcouLjIwupfoDvk\",\"s_version\":\"1.2.0\",\"fk_i_item_id\":\"135\",\"s_osc_version_from\":\"3.0\",\"s_osc_version_to\":\"\",\"last_update_date\":\"2020-11-18 10:24:58\",\"s_comment\":\"Initial community release\"},\"KPmC9399OcTmjOMQYjGp\":{\"s_product_key\":\"KPmC9399OcTmjOMQYjGp\",\"s_version\":\"1.1.0\",\"fk_i_item_id\":\"136\",\"s_osc_version_from\":\"3.0\",\"s_osc_version_to\":\"\",\"last_update_date\":\"2020-11-18 10:26:54\",\"s_comment\":\"Initial community release\"},\"X2JXV9xLTaCvC2Og5CUm\":{\"s_product_key\":\"X2JXV9xLTaCvC2Og5CUm\",\"s_version\":\"1.1.0\",\"fk_i_item_id\":\"137\",\"s_osc_version_from\":\"3.0\",\"s_osc_version_to\":\"\",\"last_update_date\":\"2020-11-18 10:28:39\",\"s_comment\":\"Initial community release\"},\"B9f8pUVcBeCRWuv3ia19\":{\"s_product_key\":\"B9f8pUVcBeCRWuv3ia19\",\"s_version\":\"1.2.0\",\"fk_i_item_id\":\"138\",\"s_osc_version_from\":\"3.0\",\"s_osc_version_to\":\"\",\"last_update_date\":\"2020-11-18 10:31:31\",\"s_comment\":\"Initial community release\"},\"300pFzxrhPxGRYxZaHax\":{\"s_product_key\":\"300pFzxrhPxGRYxZaHax\",\"s_version\":\"1.4.1\",\"fk_i_item_id\":\"139\",\"s_osc_version_from\":\"3.0\",\"s_osc_version_to\":\"\",\"last_update_date\":\"2021-01-19 13:37:25\",\"s_comment\":\"Notices fixes\"},\"gKtMIByCxLvGXOytRysh\":{\"s_product_key\":\"gKtMIByCxLvGXOytRysh\",\"s_version\":\"1.1.0\",\"fk_i_item_id\":\"140\",\"s_osc_version_from\":\"3.0\",\"s_osc_version_to\":\"\",\"last_update_date\":\"2020-11-18 10:39:37\",\"s_comment\":\"Initial community release\"},\"HLJg40f8FB4mgEsioqcY\":{\"s_product_key\":\"HLJg40f8FB4mgEsioqcY\",\"s_version\":\"1.2.0\",\"fk_i_item_id\":\"141\",\"s_osc_version_from\":\"3.0\",\"s_osc_version_to\":\"\",\"last_update_date\":\"2021-01-19 14:25:46\",\"s_comment\":\"PHP 8.0 compatibility update, additional minor fixes\"},\"FPTeGnz8PxBhqC86O2a8\":{\"s_product_key\":\"FPTeGnz8PxBhqC86O2a8\",\"s_version\":\"1.1.0\",\"fk_i_item_id\":\"142\",\"s_osc_version_from\":\"3.0\",\"s_osc_version_to\":\"\",\"last_update_date\":\"2020-11-18 10:46:28\",\"s_comment\":\"Initial community release\"},\"LaMjjPzvEjGgHgpLVi6z\":{\"s_product_key\":\"LaMjjPzvEjGgHgpLVi6z\",\"s_version\":\"1.5.0\",\"fk_i_item_id\":\"143\",\"s_osc_version_from\":\"3.0\",\"s_osc_version_to\":\"\",\"last_update_date\":\"2020-11-18 10:50:11\",\"s_comment\":\"Initial community release\"},\"CQMi0syigvUJXxnpoVrW\":{\"s_product_key\":\"CQMi0syigvUJXxnpoVrW\",\"s_version\":\"3.2.0\",\"fk_i_item_id\":\"144\",\"s_osc_version_from\":\"3.0\",\"s_osc_version_to\":\"\",\"last_update_date\":\"2021-01-19 14:26:40\",\"s_comment\":\"PHP 8.0 compatibility update, additional minor fixes\"},\"RvR9IqCQA0IVv57n7PFx\":{\"s_product_key\":\"RvR9IqCQA0IVv57n7PFx\",\"s_version\":\"1.2.0\",\"fk_i_item_id\":\"145\",\"s_osc_version_from\":\"3.0\",\"s_osc_version_to\":\"\",\"last_update_date\":\"2021-01-19 14:27:30\",\"s_comment\":\"PHP 8.0 compatibility update, additional minor fixes\"},\"TyVlD2EuU0zqZ6pKXSC9\":{\"s_product_key\":\"TyVlD2EuU0zqZ6pKXSC9\",\"s_version\":\"3.4.1\",\"fk_i_item_id\":\"146\",\"s_osc_version_from\":\"3.0\",\"s_osc_version_to\":\"\",\"last_update_date\":\"2022-01-21 08:48:40\",\"s_comment\":\"Unified with other attributes plugins.\"},\"9xLZ82VNsdC2cPp14iZh\":{\"s_product_key\":\"9xLZ82VNsdC2cPp14iZh\",\"s_version\":\"1.1.0\",\"fk_i_item_id\":\"147\",\"s_osc_version_from\":\"3.0\",\"s_osc_version_to\":\"\",\"last_update_date\":\"2020-11-18 11:00:49\",\"s_comment\":\"Initial community release\"},\"MC7C2ERpzFNp4rfv0RJd\":{\"s_product_key\":\"MC7C2ERpzFNp4rfv0RJd\",\"s_version\":\"1.2.0\",\"fk_i_item_id\":\"148\",\"s_osc_version_from\":\"3.0\",\"s_osc_version_to\":\"\",\"last_update_date\":\"2020-11-18 11:02:31\",\"s_comment\":\"Initial community release\"},\"pcMdYfykmrM4pJJeSOiP\":{\"s_product_key\":\"pcMdYfykmrM4pJJeSOiP\",\"s_version\":\"1.1.0\",\"fk_i_item_id\":\"149\",\"s_osc_version_from\":\"3.0\",\"s_osc_version_to\":\"\",\"last_update_date\":\"2020-11-18 11:04:13\",\"s_comment\":\"Initial community release\"},\"bmCSP5oQ3V8ku20vmOyI\":{\"s_product_key\":\"bmCSP5oQ3V8ku20vmOyI\",\"s_version\":\"1.3.0\",\"fk_i_item_id\":\"150\",\"s_osc_version_from\":\"3.0\",\"s_osc_version_to\":\"\",\"last_update_date\":\"2020-11-18 11:05:56\",\"s_comment\":\"Initial community release\"},\"vaqhSSRVtwzmb9BN8qxU\":{\"s_product_key\":\"vaqhSSRVtwzmb9BN8qxU\",\"s_version\":\"1.2.0\",\"fk_i_item_id\":\"151\",\"s_osc_version_from\":\"3.0\",\"s_osc_version_to\":\"\",\"last_update_date\":\"2020-11-18 11:07:23\",\"s_comment\":\"Initial community release\"},\"AmqMvlVTHcXZrgiKnpIy\":{\"s_product_key\":\"AmqMvlVTHcXZrgiKnpIy\",\"s_version\":\"1.0.0\",\"fk_i_item_id\":\"152\",\"s_osc_version_from\":\"3.0\",\"s_osc_version_to\":\"\",\"last_update_date\":\"2020-11-18 11:10:45\",\"s_comment\":\"Initial community release\"},\"DS9mru7ri7zFBwdxxzQW\":{\"s_product_key\":\"DS9mru7ri7zFBwdxxzQW\",\"s_version\":\"1.1.0\",\"fk_i_item_id\":\"153\",\"s_osc_version_from\":\"3.0\",\"s_osc_version_to\":\"\",\"last_update_date\":\"2020-11-18 11:33:26\",\"s_comment\":\"Initial community release\"},\"jqgduyDOa2J0kzgo2ffP\":{\"s_product_key\":\"jqgduyDOa2J0kzgo2ffP\",\"s_version\":\"1.2.0\",\"fk_i_item_id\":\"154\",\"s_osc_version_from\":\"3.0\",\"s_osc_version_to\":\"\",\"last_update_date\":\"2021-01-19 14:28:56\",\"s_comment\":\"PHP 8.0 compatibility update, additional minor fixes\"},\"T2gBQVBvOci6YdA0nNeR\":{\"s_product_key\":\"T2gBQVBvOci6YdA0nNeR\",\"s_version\":\"1.3.0\",\"fk_i_item_id\":\"155\",\"s_osc_version_from\":\"3.0\",\"s_osc_version_to\":\"\",\"last_update_date\":\"2020-11-18 11:37:16\",\"s_comment\":\"Initial community release\"},\"6E9ulx5fwCskM8GIcSMI\":{\"s_product_key\":\"6E9ulx5fwCskM8GIcSMI\",\"s_version\":\"1.1.0\",\"fk_i_item_id\":\"156\",\"s_osc_version_from\":\"3.0\",\"s_osc_version_to\":\"\",\"last_update_date\":\"2020-11-18 11:39:21\",\"s_comment\":\"Initial community release\"},\"bgX4ETvrv6sIfluntcwz\":{\"s_product_key\":\"bgX4ETvrv6sIfluntcwz\",\"s_version\":\"1.0.0\",\"fk_i_item_id\":\"157\",\"s_osc_version_from\":\"3.0\",\"s_osc_version_to\":\"\",\"last_update_date\":\"2020-11-18 11:41:06\",\"s_comment\":\"Initial community release\"},\"bct0VBUQPl1Po88uVapn\":{\"s_product_key\":\"bct0VBUQPl1Po88uVapn\",\"s_version\":\"1.2.0\",\"fk_i_item_id\":\"158\",\"s_osc_version_from\":\"3.0\",\"s_osc_version_to\":\"\",\"last_update_date\":\"2021-01-19 14:29:47\",\"s_comment\":\"PHP 8.0 compatibility update, additional minor fixes\"},\"MBIDRCC1jT1QPPJgZArG\":{\"s_product_key\":\"MBIDRCC1jT1QPPJgZArG\",\"s_version\":\"1.1.0\",\"fk_i_item_id\":\"159\",\"s_osc_version_from\":\"3.0\",\"s_osc_version_to\":\"\",\"last_update_date\":\"2020-11-18 11:44:15\",\"s_comment\":\"Initial community release\"},\"RINzxtWvLYhfYdW82FDH\":{\"s_product_key\":\"RINzxtWvLYhfYdW82FDH\",\"s_version\":\"3.4.0\",\"fk_i_item_id\":\"160\",\"s_osc_version_from\":\"3.3\",\"s_osc_version_to\":\"\",\"last_update_date\":\"2021-01-18 13:52:15\",\"s_comment\":\"PHP 8.0 compatibility update, additional minor fixes\"},\"Y4hZSdyb3dNx8T2K0gvx\":{\"s_product_key\":\"Y4hZSdyb3dNx8T2K0gvx\",\"s_version\":\"1.4.0\",\"fk_i_item_id\":\"161\",\"s_osc_version_from\":\"3.0\",\"s_osc_version_to\":\"\",\"last_update_date\":\"2021-01-18 14:05:32\",\"s_comment\":\"PHP 8.0 compatibility update, additional minor fixes\"},\"qgTeAeNLqsFydH18uuCD\":{\"s_product_key\":\"qgTeAeNLqsFydH18uuCD\",\"s_version\":\"3.2.0\",\"fk_i_item_id\":\"162\",\"s_osc_version_from\":\"3.0\",\"s_osc_version_to\":\"\",\"last_update_date\":\"2021-01-18 14:07:26\",\"s_comment\":\"PHP 8.0 compatibility update, additional minor fixes\"},\"FjEXeR0nxc8SN0nbZEcQ\":{\"s_product_key\":\"FjEXeR0nxc8SN0nbZEcQ\",\"s_version\":\"2.6.0\",\"fk_i_item_id\":\"163\",\"s_osc_version_from\":\"3.0\",\"s_osc_version_to\":\"\",\"last_update_date\":\"2021-01-18 14:08:53\",\"s_comment\":\"PHP 8.0 compatibility update, additional minor fixes\"},\"ClGjGODvxFtx58pACZew\":{\"s_product_key\":\"ClGjGODvxFtx58pACZew\",\"s_version\":\"2.3.0\",\"fk_i_item_id\":\"164\",\"s_osc_version_from\":\"3.0\",\"s_osc_version_to\":\"\",\"last_update_date\":\"2021-01-18 14:10:35\",\"s_comment\":\"PHP 8.0 compatibility update, additional minor fixes\"},\"3jyU3nm1Rtj54fdGQ5h9\":{\"s_product_key\":\"3jyU3nm1Rtj54fdGQ5h9\",\"s_version\":\"1.4.0\",\"fk_i_item_id\":\"165\",\"s_osc_version_from\":\"3.3\",\"s_osc_version_to\":\"\",\"last_update_date\":\"2021-01-18 14:12:32\",\"s_comment\":\"PHP 8.0 compatibility update, additional minor fixes\"},\"5EU0g0p9MPYAWAiFDXRa\":{\"s_product_key\":\"5EU0g0p9MPYAWAiFDXRa\",\"s_version\":\"1.4.0\",\"fk_i_item_id\":\"166\",\"s_osc_version_from\":\"3.0\",\"s_osc_version_to\":\"\",\"last_update_date\":\"2021-01-18 14:15:31\",\"s_comment\":\"PHP 8.0 compatibility update, additional minor fixes\"},\"BV5DvGrgtOg2GsfBdFak\":{\"s_product_key\":\"BV5DvGrgtOg2GsfBdFak\",\"s_version\":\"1.5.0\",\"fk_i_item_id\":\"167\",\"s_osc_version_from\":\"3.3\",\"s_osc_version_to\":\"\",\"last_update_date\":\"2021-01-18 14:25:25\",\"s_comment\":\"PHP 8.0 compatibility update, additional minor fixes\"},\"oPs2Gjn9C8GS86JspY2R\":{\"s_product_key\":\"oPs2Gjn9C8GS86JspY2R\",\"s_version\":\"1.1.0\",\"fk_i_item_id\":\"168\",\"s_osc_version_from\":\"3.0\",\"s_osc_version_to\":\"\",\"last_update_date\":\"2021-04-28 10:49:21\",\"s_comment\":\"Major update - admin can now set category limits for non-logged, personal and business users separately\"},\"EIvSTp3NyIdV6Dto1Qhx\":{\"s_product_key\":\"EIvSTp3NyIdV6Dto1Qhx\",\"s_version\":\"1.0.2\",\"fk_i_item_id\":\"169\",\"s_osc_version_from\":\"3.0\",\"s_osc_version_to\":\"\",\"last_update_date\":\"2021-03-25 08:25:52\",\"s_comment\":\"Plugin now supports also WebP, JPEG and SVG images on category icons, updated translation file\"},\"L3IN81p4BJP0UU4pc0Xk\":{\"s_product_key\":\"L3IN81p4BJP0UU4pc0Xk\",\"s_version\":\"1.2.4\",\"fk_i_item_id\":\"170\",\"s_osc_version_from\":\"3.3\",\"s_osc_version_to\":\"\",\"last_update_date\":\"2022-02-10 08:37:06\",\"s_comment\":\"Removed path reference on publish page for image rotation feature.\"},\"qcj6opM6HtKfMtlsbAdv\":{\"s_product_key\":\"qcj6opM6HtKfMtlsbAdv\",\"s_version\":\"1.1.0\",\"fk_i_item_id\":\"171\",\"s_osc_version_from\":\"3.0\",\"s_osc_version_to\":\"\",\"last_update_date\":\"2021-08-29 10:25:13\",\"s_comment\":\"Major update: Added subscription to following user items - when new listing is created, customer is informed about it via built-in alerts feature\"},\"KFHwr9v7MXDv8z7Gaxqf\":{\"s_product_key\":\"KFHwr9v7MXDv8z7Gaxqf\",\"s_version\":\"1.0.1\",\"fk_i_item_id\":\"173\",\"s_osc_version_from\":\"3.3\",\"s_osc_version_to\":\"\",\"last_update_date\":\"2021-09-17 10:36:21\",\"s_comment\":\"Several minor bugs and problems fixed\"},\"5sGWW11Q4k2ZPOiLKmbH\":{\"s_product_key\":\"5sGWW11Q4k2ZPOiLKmbH\",\"s_version\":\"1.0.3\",\"fk_i_item_id\":\"174\",\"s_osc_version_from\":\"3.3\",\"s_osc_version_to\":\"\",\"last_update_date\":\"2022-01-24 08:48:05\",\"s_comment\":\"Calendar now will not show past dates and by default shows current date (month).\\nFixed missing function in backoffice.\"},\"4Ru93z0aGeUifioD2FZF\":{\"s_product_key\":\"4Ru93z0aGeUifioD2FZF\",\"s_version\":\"1.0.0\",\"fk_i_item_id\":\"175\",\"s_osc_version_from\":\"3.0\",\"s_osc_version_to\":\"\",\"last_update_date\":\"2021-10-25 08:04:52\",\"s_comment\":\"Initial Plugin Release\"},\"aCwcTb5tF8XHaOLMIrjB\":{\"s_product_key\":\"aCwcTb5tF8XHaOLMIrjB\",\"s_version\":\"1.0.0\",\"fk_i_item_id\":\"176\",\"s_osc_version_from\":\"3.0\",\"s_osc_version_to\":\"\",\"last_update_date\":\"2021-11-04 11:06:38\",\"s_comment\":\"Installation instructions dummy plugin\"},\"nqygcFAScb360OQIyr5L\":{\"s_product_key\":\"nqygcFAScb360OQIyr5L\",\"s_version\":\"1.0.1\",\"fk_i_item_id\":\"177\",\"s_osc_version_from\":\"3.0\",\"s_osc_version_to\":\"\",\"last_update_date\":\"2021-11-24 07:13:09\",\"s_comment\":\"Fixed possible issues those might be caused by Imagick library\"},\"FxBSA3UNkXmCsJ5Rk5h2\":{\"s_product_key\":\"FxBSA3UNkXmCsJ5Rk5h2\",\"s_version\":\"1.0.4\",\"fk_i_item_id\":\"178\",\"s_osc_version_from\":\"3.0\",\"s_osc_version_to\":\"\",\"last_update_date\":\"2022-01-24 11:53:26\",\"s_comment\":\"Updated language file (.po &amp; .mo)\"},\"vliNRyxVet2OKwvL6b9L\":{\"s_product_key\":\"vliNRyxVet2OKwvL6b9L\",\"s_version\":\"1.0.1\",\"fk_i_item_id\":\"179\",\"s_osc_version_from\":\"3.0\",\"s_osc_version_to\":\"\",\"last_update_date\":\"2021-12-05 11:56:38\",\"s_comment\":\"Message generation moved to footer to avoid flickering on page load.\"},\"DxMMDzXC3d39tvALXnGE\":{\"s_product_key\":\"DxMMDzXC3d39tvALXnGE\",\"s_version\":\"1.0.4\",\"fk_i_item_id\":\"180\",\"s_osc_version_from\":\"3.0\",\"s_osc_version_to\":\"\",\"last_update_date\":\"2022-01-15 14:44:32\",\"s_comment\":\"Additional timestamp column update.\"},\"dI2zdwnHWj1TnMldUVji\":{\"s_product_key\":\"dI2zdwnHWj1TnMldUVji\",\"s_version\":\"1.0.3\",\"fk_i_item_id\":\"181\",\"s_osc_version_from\":\"3.0\",\"s_osc_version_to\":\"\",\"last_update_date\":\"2021-12-05 10:56:58\",\"s_comment\":\"Fixed ban counter possible issues.\"},\"bieyVwillf6RUKpr4hav\":{\"s_product_key\":\"bieyVwillf6RUKpr4hav\",\"s_version\":\"1.1.0\",\"fk_i_item_id\":\"182\",\"s_osc_version_from\":\"3.0\",\"s_osc_version_to\":\"\",\"last_update_date\":\"2021-12-06 14:08:06\",\"s_comment\":\"Added protection for password - after 5 failed attempts, listing edit (from plugin) is blocked for 5 minutes.\"},\"xQFfpbyJt23FfLDCWz92\":{\"s_product_key\":\"xQFfpbyJt23FfLDCWz92\",\"s_version\":\"1.0.0\",\"fk_i_item_id\":\"183\",\"s_osc_version_from\":\"3.0\",\"s_osc_version_to\":\"\",\"last_update_date\":\"2022-01-07 12:55:03\",\"s_comment\":\"Initial plugin release\"},\"viI5pwIYUEk2IpfpZc40\":{\"s_product_key\":\"viI5pwIYUEk2IpfpZc40\",\"s_version\":\"1.0.0\",\"fk_i_item_id\":\"184\",\"s_osc_version_from\":\"3.0\",\"s_osc_version_to\":\"\",\"last_update_date\":\"2022-01-13 11:21:31\",\"s_comment\":\"Initial plugin release\"},\"8SJ2E17vwNNdd27OqJOC\":{\"s_product_key\":\"8SJ2E17vwNNdd27OqJOC\",\"s_version\":\"1.0.1\",\"fk_i_item_id\":\"185\",\"s_osc_version_from\":\"3.0\",\"s_osc_version_to\":\"\",\"last_update_date\":\"2022-02-07 07:57:36\",\"s_comment\":\"Fixed bug when age warning box was shown on other pages than home, search and item page.\"},\"IM1Ebj5mSpL1XNFeY7ua\":{\"s_product_key\":\"IM1Ebj5mSpL1XNFeY7ua\",\"s_version\":\"1.0.0\",\"fk_i_item_id\":\"186\",\"s_osc_version_from\":\"3.0\",\"s_osc_version_to\":\"\",\"last_update_date\":\"2022-01-19 11:40:37\",\"s_comment\":\"Initial plugin release\"},\"IDzeo3EbACMp7NXeb0DA\":{\"s_product_key\":\"IDzeo3EbACMp7NXeb0DA\",\"s_version\":\"1.0.0\",\"fk_i_item_id\":\"187\",\"s_osc_version_from\":\"3.0\",\"s_osc_version_to\":\"\",\"last_update_date\":\"2022-01-20 12:13:55\",\"s_comment\":\"Initial plugin release\"},\"QWwL6TbKi4DGf2FyZwtl\":{\"s_product_key\":\"QWwL6TbKi4DGf2FyZwtl\",\"s_version\":\"1.0.0\",\"fk_i_item_id\":\"188\",\"s_osc_version_from\":\"3.3\",\"s_osc_version_to\":\"\",\"last_update_date\":\"2022-02-03 14:03:47\",\"s_comment\":\"Initial plugin release\"},\"6uQYzb4Kp3cXe89y2ibc\":{\"s_product_key\":\"6uQYzb4Kp3cXe89y2ibc\",\"s_version\":\"1.0.0\",\"fk_i_item_id\":\"189\",\"s_osc_version_from\":\"3.0\",\"s_osc_version_to\":\"\",\"last_update_date\":\"2022-02-07 14:39:17\",\"s_comment\":\"Initial plugin release\"},\"MMkXbbeY5D6uh3q48CZC\":{\"s_product_key\":\"MMkXbbeY5D6uh3q48CZC\",\"s_version\":\"1.0.0\",\"fk_i_item_id\":\"190\",\"s_osc_version_from\":\"3.0\",\"s_osc_version_to\":\"\",\"last_update_date\":\"2022-02-10 11:51:54\",\"s_comment\":\"Initial plugin release\"},\"HE1EllKqHtiACmhK5Idt\":{\"s_product_key\":\"HE1EllKqHtiACmhK5Idt\",\"s_version\":\"1.0.0\",\"fk_i_item_id\":\"191\",\"s_osc_version_from\":\"3.0\",\"s_osc_version_to\":\"\",\"last_update_date\":\"2022-02-28 10:55:19\",\"s_comment\":\"Initial plugin release\"},\"CUZuRRxIiooPd46TbQFo\":{\"s_product_key\":\"CUZuRRxIiooPd46TbQFo\",\"s_version\":\"1.0.0\",\"fk_i_item_id\":\"192\",\"s_osc_version_from\":\"3.0\",\"s_osc_version_to\":\"\",\"last_update_date\":\"2022-03-07 17:16:53\",\"s_comment\":\"Initial plugin\"}}}','STRING'),
('osclass','maxLatestItems@home','12','STRING'),
('osclass','maxResultsPerPage@search','50','INTEGER'),
('osclass','maxSizeKb','4096','INTEGER'),
('osclass','moderate_comments','1','STRING'),
('osclass','moderate_items','-1','STRING'),
('osclass','mod_rewrite_loaded','0','BOOLEAN'),
('osclass','notify_contact_friends','0','STRING'),
('osclass','notify_contact_item','0','STRING'),
('osclass','notify_new_comment','0','STRING'),
('osclass','notify_new_comment_user','1','STRING'),
('osclass','notify_new_item','0','STRING'),
('osclass','notify_new_user','1','BOOLEAN'),
('osclass','numImages@items','10','STRING'),
('osclass','num_rss_items','50','STRING'),
('osclass','osclasspoint_api_key','Nu5HGDdVxJOJ4xp6Gigv','STRING'),
('osclass','osclass_installed','1','BOOLEAN'),
('osclass','pageDesc','Çevrimiçi Seri İlan Platformu','STRING'),
('osclass','pageTitle','AllMenkul | Çevrimiçi Seri İlan Platformu','STRING'),
('osclass','ping_search_engines','0','BOOLEAN'),
('osclass','plugins_downloaded','{\"0\":\"tJvtsgwVfHh2iNVrUKZm\",\"1\":\"PQCkHq7JVdhTpFxeeR3l\",\"2\":\"oxs1OgtBR7lqBtNk9x0j\",\"3\":\"CNMxiwkWshE8H3F1JyMo\",\"4\":\"C7IDtk5QVGn39wsnSOE2\",\"5\":\"GlNHp4EtSnbdG9CAQ2z6\",\"8\":\"KlqIQ1ClzI4eQTlNJ7xc\",\"10\":\"0yNxpeRQtrJ1P40QfCn1\"}','STRING'),
('osclass','plugins_last_version_check','1649056348','STRING'),
('osclass','plugins_to_update','[\"CNMxiwkWshE8H3F1JyMo\",\"0yNxpeRQtrJ1P40QfCn1\"]','STRING'),
('osclass','plugins_update_count','2','STRING'),
('osclass','purge_latest_searches','99999','STRING'),
('osclass','recaptchaPrivKey','6LeP2vkeAAAAAJGUAweIOALFcHLGbCnFE6M9zhLH','STRING'),
('osclass','recaptchaPubKey','6LeP2vkeAAAAADNgyj23WcH41qeqg_1PXhALM37Q','STRING'),
('osclass','recaptcha_version','2','STRING'),
('osclass','regenerate_image_data','','STRING'),
('osclass','reg_user_can_contact','0','STRING'),
('osclass','reg_user_can_see_phone','0','STRING'),
('osclass','reg_user_post','1','STRING'),
('osclass','reg_user_post_comments','1','STRING'),
('osclass','renewal_limit','0','STRING'),
('osclass','renewal_update_pub_date','0','STRING'),
('osclass','rewriteEnabled','1','STRING'),
('osclass','rewrite_cat_url','{CATEGORIES}','STRING'),
('osclass','rewrite_contact','contact','STRING'),
('osclass','rewrite_feed','feed','STRING'),
('osclass','rewrite_item_activate','item/activate','STRING'),
('osclass','rewrite_item_contact','item/contact','STRING'),
('osclass','rewrite_item_deactivate','item/deactivate','STRING'),
('osclass','rewrite_item_delete','item/delete','STRING'),
('osclass','rewrite_item_edit','item/edit','STRING'),
('osclass','rewrite_item_mark','item/mark','STRING'),
('osclass','rewrite_item_new','item/new','STRING'),
('osclass','rewrite_item_renew','item/renew','STRING'),
('osclass','rewrite_item_resource_delete','resource/delete','STRING'),
('osclass','rewrite_item_send_friend','item/send-friend','STRING'),
('osclass','rewrite_item_url','{CATEGORIES}/{ITEM_TITLE}_i{ITEM_ID}','STRING'),
('osclass','rewrite_language','language','STRING'),
('osclass','rewrite_page_url','{PAGE_SLUG}-p{PAGE_ID}','STRING'),
('osclass','rewrite_rules','a:44:{s:11:\"^contact/?$\";s:22:\"index.php?page=contact\";s:8:\"^feed/?$\";s:31:\"index.php?page=search&sFeed=rss\";s:13:\"^feed/(.+)/?$\";s:30:\"index.php?page=search&sFeed=$1\";s:18:\"^language/(.*?)/?$\";s:33:\"index.php?page=language&locale=$1\";s:8:\"^search$\";s:21:\"index.php?page=search\";s:13:\"^search/(.*)$\";s:32:\"index.php?page=search&sParams=$1\";s:28:\"^item/mark/(.*?)/([0-9]+)/?$\";s:43:\"index.php?page=item&action=mark&as=$1&id=$2\";s:29:\"^item/send-friend/([0-9]+)/?$\";s:44:\"index.php?page=item&action=send_friend&id=$1\";s:25:\"^item/contact/([0-9]+)/?$\";s:40:\"index.php?page=item&action=contact&id=$1\";s:12:\"^item/new/?$\";s:35:\"index.php?page=item&action=item_add\";s:21:\"^item/new/([0-9]+)/?$\";s:44:\"index.php?page=item&action=item_add&catId=$1\";s:32:\"^item/activate/([0-9]+)/(.*?)/?$\";s:51:\"index.php?page=item&action=activate&id=$1&secret=$2\";s:34:\"^item/deactivate/([0-9]+)/(.*?)/?$\";s:53:\"index.php?page=item&action=deactivate&id=$1&secret=$2\";s:29:\"^item/renew/([0-9]+)/(.*?)/?$\";s:48:\"index.php?page=item&action=renew&id=$1&secret=$2\";s:28:\"^item/edit/([0-9]+)/(.*?)/?$\";s:52:\"index.php?page=item&action=item_edit&id=$1&secret=$2\";s:30:\"^item/delete/([0-9]+)/(.*?)/?$\";s:54:\"index.php?page=item&action=item_delete&id=$1&secret=$2\";s:59:\"^resource/delete/([0-9]+)/([0-9]+)/([0-9A-Za-z]+)/?(.*?)/?$\";s:73:\"index.php?page=item&action=deleteResource&id=$1&item=$2&code=$3&secret=$4\";s:65:\"^([a-z]{2})_([A-Z]{2})/.*/.*_i([0-9]+)\\?comments-page=([0-9al]*)$\";s:53:\"index.php?page=item&id=$3&lang=$1_$2&comments-page=$4\";s:43:\"^.*/.*_i([0-9]+)\\?comments-page=([0-9al]*)$\";s:42:\"index.php?page=item&id=$1&comments-page=$2\";s:39:\"^([a-z]{2})_([A-Z]{2})/.*/.*_i([0-9]+)$\";s:36:\"index.php?page=item&id=$3&lang=$1_$2\";s:17:\"^.*/.*_i([0-9]+)$\";s:25:\"index.php?page=item&id=$1\";s:14:\"^user/login/?$\";s:20:\"index.php?page=login\";s:18:\"^user/dashboard/?$\";s:36:\"index.php?page=user&action=dashboard\";s:15:\"^user/logout/?$\";s:33:\"index.php?page=main&action=logout\";s:17:\"^user/register/?$\";s:39:\"index.php?page=register&action=register\";s:32:\"^user/activate/([0-9]+)/(.*?)/?$\";s:53:\"index.php?page=register&action=validate&id=$1&code=$2\";s:44:\"^alert/confirm/([0-9]+)/([a-zA-Z0-9]+)/(.+)$\";s:66:\"index.php?page=user&action=activate_alert&id=$1&email=$3&secret=$2\";s:16:\"^user/profile/?$\";s:34:\"index.php?page=user&action=profile\";s:25:\"^user/profile/([0-9]+)/?$\";s:44:\"index.php?page=user&action=pub_profile&id=$1\";s:21:\"^user/profile/(.+)/?$\";s:50:\"index.php?page=user&action=pub_profile&username=$1\";s:14:\"^user/items/?$\";s:32:\"index.php?page=user&action=items\";s:15:\"^user/alerts/?$\";s:33:\"index.php?page=user&action=alerts\";s:16:\"^user/recover/?$\";s:35:\"index.php?page=login&action=recover\";s:29:\"^user/forgot/([0-9]+)/(.*)/?$\";s:52:\"index.php?page=login&action=forgot&userId=$1&code=$2\";s:19:\"^password/change/?$\";s:42:\"index.php?page=user&action=change_password\";s:16:\"^email/change/?$\";s:39:\"index.php?page=user&action=change_email\";s:19:\"^username/change/?$\";s:42:\"index.php?page=user&action=change_username\";s:32:\"^email/confirm/([0-9]+)/(.*?)/?$\";s:65:\"index.php?page=user&action=change_email_confirm&userId=$1&code=$2\";s:33:\"^([\\p{L}\\p{N}_\\-,]+)-p([0-9]+)/?$\";s:33:\"index.php?page=page&id=$2&slug=$1\";s:55:\"^([a-z]{2})_([A-Z]{2})/([\\p{L}\\p{N}_\\-,]+)-p([0-9]+)/?$\";s:44:\"index.php?page=page&lang=$1_$2&id=$4&slug=$3\";s:16:\"^(.+?)\\.php(.*)$\";s:8:\"$1.php$2\";s:15:\"^(.+)/([0-9]+)$\";s:30:\"index.php?page=search&iPage=$2\";s:8:\"^(.+)/?$\";s:34:\"index.php?page=search&sCategory=$1\";s:6:\"^(.+)$\";s:21:\"index.php?page=search\";}','STRING'),
('osclass','rewrite_search_category','category','STRING'),
('osclass','rewrite_search_city','city','STRING'),
('osclass','rewrite_search_city_area','cityarea','STRING'),
('osclass','rewrite_search_country','country','STRING'),
('osclass','rewrite_search_pattern','pattern','STRING'),
('osclass','rewrite_search_region','region','STRING'),
('osclass','rewrite_search_url','search','STRING'),
('osclass','rewrite_search_user','user','STRING'),
('osclass','rewrite_user_activate','user/activate','STRING'),
('osclass','rewrite_user_activate_alert','alert/confirm','STRING'),
('osclass','rewrite_user_alerts','user/alerts','STRING'),
('osclass','rewrite_user_change_email','email/change','STRING'),
('osclass','rewrite_user_change_email_confirm','email/confirm','STRING'),
('osclass','rewrite_user_change_password','password/change','STRING'),
('osclass','rewrite_user_change_username','username/change','STRING'),
('osclass','rewrite_user_dashboard','user/dashboard','STRING'),
('osclass','rewrite_user_forgot','user/forgot','STRING'),
('osclass','rewrite_user_items','user/items','STRING'),
('osclass','rewrite_user_login','user/login','STRING'),
('osclass','rewrite_user_logout','user/logout','STRING'),
('osclass','rewrite_user_profile','user/profile','STRING'),
('osclass','rewrite_user_recover','user/recover','STRING'),
('osclass','rewrite_user_register','user/register','STRING'),
('osclass','save_latest_searches','1','STRING'),
('osclass','search_pattern_method','like','STRING'),
('osclass','selectable_parent_categories','','STRING'),
('osclass','seo_url_search_prefix','','STRING'),
('osclass','structured_data','0','STRING'),
('osclass','subdomain_host','','STRING'),
('osclass','subdomain_type','','STRING'),
('osclass','theme','alpha','STRING'),
('osclass','themes_downloaded','[\"pBrd68M4b5SiexjdJ5yK\",\"LNlXIJmlaVMAICJ7o728\",\"8BBAzI3IDIcFYqA1alzu\"]','STRING'),
('osclass','themes_last_version_check','1649056347','STRING'),
('osclass','themes_to_update','[]','STRING'),
('osclass','themes_update_count','0','STRING'),
('osclass','timeFormat','H:i','STRING'),
('osclass','timezone','Europe/Istanbul','STRING'),
('osclass','title_character_length','100','STRING'),
('osclass','update_core_json','{\"version\":801,\"version_string\":\"8.0.1\",\"url\":\"https:\\/\\/osclass-classifieds.com\\/file\\/osclass-v8.0.1.zip\",\"s_name\":\"v8.0.1\"}','STRING'),
('osclass','username_blacklist','admin,user','STRING'),
('osclass','use_imagick','0','BOOLEAN'),
('osclass','version','800','INTEGER'),
('osclass','warn_expiration','3','STRING'),
('osclass','watermark_image','','STRING'),
('osclass','watermark_place','centre','STRING'),
('osclass','watermark_text','','STRING'),
('osclass','watermark_text_color','','STRING'),
('osclass','weekStart','1','STRING'),
('osclass','widget_data_api','{\"date\":\"2022-04-04 10:12:26\",\"api_key\":\"Nu5HGDdVxJOJ4xp6Gigv\",\"data\":{\"success\":\"API key validated, everything seems to be alright!\"}}','STRING'),
('osclass','widget_data_blog','{\"date\":\"2022-04-04 10:12:26\",\"data\":[{\"id\":\"40\",\"slug\":\"pwa-osclass-classifieds\",\"image\":\"https:\\/\\/osclasspoint.com\\/oc-content\\/plugins\\/blog\\/img\\/blog\\/40.jpg\",\"category_id\":\"1\",\"views\":\"535\",\"pub_date\":\"2022-03-08 00:00:00\",\"title\":\"Why you need PWA?\",\"subtitle\":\"Progressive Web Apps technologies can change the way how you look on website, your view on native applications and improve user experience.\",\"description\":\"What is Progressive Web App You might be wondering what is so cool about PWA and what it actually is. We can say that PWA is set of different technologies those when combined together, empower your website and improve user experience. I strongly recommend to read some articles about Progressive Web Apps and how big companies use them to engage their customers and bring more revenues. In order to keep this article short and clean, I will be talking just about benefits, not too much about technica...\",\"short_description\":\"Progressive Web Apps technologies can change the way how you look on website, your view on native applications and improve user experience.\",\"link\":\"https:\\/\\/osclasspoint.com\\/blog\\/pwa-osclass-classifieds-b40\"},{\"id\":\"39\",\"slug\":\"osclass-801-release\",\"image\":\"https:\\/\\/osclasspoint.com\\/oc-content\\/plugins\\/blog\\/img\\/blog\\/39.jpg\",\"category_id\":\"1\",\"views\":\"4220\",\"pub_date\":\"2022-01-03 00:00:00\",\"title\":\"Osclass 8.0.1 release\",\"subtitle\":\"First Osclass release in new year is there and brings bunch of cool updates: PHP 8.1 preparation, Mobile ready installation, RTL support of languages, Ban rules improvements and much more!\",\"description\":\"Osclass 8.0.1 release review We\'ve been working for several weeks on new update and it\'s time to release it and share with community. \\u00a0 PHP 8.1 initial work First steps to make Osclass compatible with 8.1 has started, currently we are being blocked by external libraries Osclass use those are yet not ready for PHP 8.1 and generate notices\\/errors. \\u00a0 Mobile ready installation Installation process has been redesigned in order to make it fully responsive, so there is no issue to install Osclass from ...\",\"short_description\":\"First Osclass release in new year is there and brings bunch of cool updates: PHP 8.1 preparation, Mobile ready installation, RTL support of languages, Ban rules improvements and much more!\",\"link\":\"https:\\/\\/osclasspoint.com\\/blog\\/osclass-801-release-b39\"},{\"id\":\"38\",\"slug\":\"multi-vendor-marketplace-classifieds-osclass\",\"image\":\"https:\\/\\/osclasspoint.com\\/oc-content\\/plugins\\/blog\\/img\\/blog\\/blog-default.png\",\"category_id\":\"3\",\"views\":\"1223\",\"pub_date\":\"2021-12-06 00:00:00\",\"title\":\"Multi-Vendor Classifieds Marketplace with Osclass Pay Plugin \",\"subtitle\":\"Create multi-vendor marketplace on Osclass classifieds with payment processing, orders, sales and products management, stock &amp; quantities features and shipping support.\",\"description\":\"Latest update of plugin brings major enhancements in eCommerce section of Oclass Pay Plugin that helps you to easily turn your classifieds into multi-vendor marketplace. Shipping and carrier services Seller\'s shipping options Brand new feature in plugin are shippings (carriers) or we can simply call it delivery options for tangible products. Seller can define one or more shippings - delivery options for their orders. Actually there is no limit how many delivery options can be created. Shipping h...\",\"short_description\":\"Create multi-vendor marketplace on Osclass classifieds with payment processing, orders, sales and products management, stock &amp; quantities features and shipping support.\",\"link\":\"https:\\/\\/osclasspoint.com\\/blog\\/multi-vendor-marketplace-classifieds-osclass-b38\"},{\"id\":\"37\",\"slug\":\"osclass-v8-release-continuous-development-setup\",\"image\":\"https:\\/\\/osclasspoint.com\\/oc-content\\/plugins\\/blog\\/img\\/blog\\/37.jpg\",\"category_id\":\"1\",\"views\":\"4352\",\"pub_date\":\"2021-11-04 00:00:00\",\"title\":\"Osclass 8.0 release - Continuous development setup\",\"subtitle\":\"New version of Osclass is there with cool and important updates like new versioning, brand new locations database or child theme improvements\",\"description\":\"Osclass v8.0 release overview Team is working great progress with re-inventing Osclass and boosting it with new features. But that is not all, we are also redesigning and improving existing functionalities and adding numerous new features. \\u00a0 Version has changed to 8.x.x Hard and complicated decission, but rational one. Number \\\"4\\\" has been occupied by multiple branches and it was confusing for customers to understand relation between different branches. We wanted to cut this line and selected num...\",\"short_description\":\"New version of Osclass is there with cool and important updates like new versioning, brand new locations database or child theme improvements\",\"link\":\"https:\\/\\/osclasspoint.com\\/blog\\/osclass-v8-release-continuous-development-setup-b37\"},{\"id\":\"36\",\"slug\":\"osclass-44-major-release\",\"image\":\"https:\\/\\/osclasspoint.com\\/oc-content\\/plugins\\/blog\\/img\\/blog\\/36.jpg\",\"category_id\":\"1\",\"views\":\"9904\",\"pub_date\":\"2021-04-26 00:00:00\",\"title\":\"Osclass 4.4 - May major release\",\"subtitle\":\"May update finally brings jQuery update to latest version (3.6) without breaking compatibility with legacy plugins and themes, admin color schemes to make backoffice in colors you prefer, demo features for themes &amp; plugins developers and as usual, set of bug fixes and improvements.\",\"description\":\"May major release - Osclass 4.4.0 brings very important features and updates It\'s been a while from time when Osclass 4.3 was released, today we bring you important updates and improvements of most favorite classifieds script. Open complete osclass changelog. jQuery updated from 1.8 to 3.6 After 10 years, it is again possible to use latest jQuery version within Osclass. Once you upgrade to 4.4, you will be able to change jQuery version to latest (3.x.x) in Settings &gt; General section. You shou...\",\"short_description\":\"May update finally brings jQuery update to latest version (3.6) without breaking compatibility with legacy plugins and themes, admin color schemes to make backoffice in colors you prefer, demo features for themes &amp; plugins developers and as usual, set of bug fixes and improvements.\",\"link\":\"https:\\/\\/osclasspoint.com\\/blog\\/osclass-44-major-release-b36\"}]}','STRING'),
('osclass','widget_data_product','{\"date\":\"2022-04-04 10:12:27\",\"data\":{\"CUZuRRxIiooPd46TbQFo\":{\"pk_i_id\":\"192\",\"s_title\":\"Progressive Web App (PWA) Plugin\",\"s_contact_name\":\"MB Themes\",\"s_url\":\"https:\\/\\/osclasspoint.com\\/osclass-plugins\\/social-and-authentication\\/progressive-web-app-pwa-plugin-i192\",\"s_thumbnail_url\":\"https:\\/\\/static-d761.kxcdn.com\\/oc-content\\/uploads\\/1\\/924_thumbnail.jpg\",\"s_preview_url\":\"https:\\/\\/static-d761.kxcdn.com\\/oc-content\\/uploads\\/1\\/924_preview.jpg\",\"s_large_url\":\"https:\\/\\/static-d761.kxcdn.com\\/oc-content\\/uploads\\/1\\/924.jpg\",\"s_description\":\"PWA plugin helps to enable power of PWA on your Osclass and cover key concepts of progressive web apps by generating manifest file (manifest.json, manifest.webmanifest), service workers and setting up meta data used when generating applicat...\",\"dt_pub_date\":\"2022-03-07 17:16:42\",\"i_category_id\":\"105\",\"s_category_name\":\"Social and Authentication\",\"i_price\":\"35.99\",\"b_purchased\":0,\"s_purchase_url\":\"https:\\/\\/osclasspoint.com\\/osclasspay\\/updatecart\\/1101x1x192x35.99\",\"s_download_url\":\"https:\\/\\/osclasspoint.com\\/download\\/192\",\"i_download\":\"8\",\"i_order\":\"6\",\"i_rating\":\"0.0\",\"i_rating_count\":\"0\",\"i_version\":\"1.0.0\",\"i_osc_version_from\":\"3.0\",\"i_osc_version_to\":\"\",\"dt_update_date\":\"2022-03-07 17:16:53\",\"s_product_key\":\"CUZuRRxIiooPd46TbQFo\",\"s_update_comment\":\"Initial plugin\",\"theme_type\":\"\",\"type\":\"plugin\"},\"HE1EllKqHtiACmhK5Idt\":{\"pk_i_id\":\"191\",\"s_title\":\"Flash News Osclass Plugin\",\"s_contact_name\":\"MB Themes\",\"s_url\":\"https:\\/\\/osclasspoint.com\\/osclass-plugins\\/messaging-and-communication\\/flash-news-osclass-plugin-i191\",\"s_thumbnail_url\":\"https:\\/\\/static-d761.kxcdn.com\\/oc-content\\/uploads\\/1\\/918_thumbnail.jpg\",\"s_preview_url\":\"https:\\/\\/static-d761.kxcdn.com\\/oc-content\\/uploads\\/1\\/918_preview.jpg\",\"s_large_url\":\"https:\\/\\/static-d761.kxcdn.com\\/oc-content\\/uploads\\/1\\/918.jpg\",\"s_description\":\"Inform your customers about latest news on your classifieds quickly and efficiently via top running news bar, that is quite common to be used as place to share quick &amp; hot information in TV news. Top bar news section Flash News Plugin i...\",\"dt_pub_date\":\"2022-02-28 10:55:15\",\"i_category_id\":\"100\",\"s_category_name\":\"Messaging and Communication\",\"i_price\":\"17.99\",\"b_purchased\":0,\"s_purchase_url\":\"https:\\/\\/osclasspoint.com\\/osclasspay\\/updatecart\\/1101x1x191x17.99\",\"s_download_url\":\"https:\\/\\/osclasspoint.com\\/download\\/191\",\"i_download\":\"3\",\"i_order\":\"2\",\"i_rating\":\"5.0\",\"i_rating_count\":\"1\",\"i_version\":\"1.0.0\",\"i_osc_version_from\":\"3.0\",\"i_osc_version_to\":\"\",\"dt_update_date\":\"2022-02-28 10:55:19\",\"s_product_key\":\"HE1EllKqHtiACmhK5Idt\",\"s_update_comment\":\"Initial plugin release\",\"theme_type\":\"\",\"type\":\"plugin\"},\"MMkXbbeY5D6uh3q48CZC\":{\"pk_i_id\":\"190\",\"s_title\":\"Email Reminder Osclass Plugin\",\"s_contact_name\":\"MB Themes\",\"s_url\":\"https:\\/\\/osclasspoint.com\\/osclass-plugins\\/messaging-and-communication\\/email-reminder-osclass-plugin-i190\",\"s_thumbnail_url\":\"https:\\/\\/static-d761.kxcdn.com\\/oc-content\\/uploads\\/1\\/914_thumbnail.jpg\",\"s_preview_url\":\"https:\\/\\/static-d761.kxcdn.com\\/oc-content\\/uploads\\/1\\/914_preview.jpg\",\"s_large_url\":\"https:\\/\\/static-d761.kxcdn.com\\/oc-content\\/uploads\\/1\\/914.jpg\",\"s_description\":\"Reminder plugin for Osclass helps to set alerts to remind users on different events related to their listings, accounts or features. Engage your customers with reminders Plugin engage your users to work with your classifieds and perform dif...\",\"dt_pub_date\":\"2022-02-10 11:51:51\",\"i_category_id\":\"100\",\"s_category_name\":\"Messaging and Communication\",\"i_price\":\"23.99\",\"b_purchased\":0,\"s_purchase_url\":\"https:\\/\\/osclasspoint.com\\/osclasspay\\/updatecart\\/1101x1x190x23.99\",\"s_download_url\":\"https:\\/\\/osclasspoint.com\\/download\\/190\",\"i_download\":\"13\",\"i_order\":\"5\",\"i_rating\":\"0.0\",\"i_rating_count\":\"0\",\"i_version\":\"1.0.0\",\"i_osc_version_from\":\"3.0\",\"i_osc_version_to\":\"\",\"dt_update_date\":\"2022-02-10 11:51:54\",\"s_product_key\":\"MMkXbbeY5D6uh3q48CZC\",\"s_update_comment\":\"Initial plugin release\",\"theme_type\":\"\",\"type\":\"plugin\"},\"6uQYzb4Kp3cXe89y2ibc\":{\"pk_i_id\":\"189\",\"s_title\":\"Admin Permissions Manager Plugin\",\"s_contact_name\":\"MB Themes\",\"s_url\":\"https:\\/\\/osclasspoint.com\\/osclass-plugins\\/backoffice\\/admin-permissions-manager-plugin-i189\",\"s_thumbnail_url\":\"https:\\/\\/static-d761.kxcdn.com\\/oc-content\\/uploads\\/1\\/910_thumbnail.jpg\",\"s_preview_url\":\"https:\\/\\/static-d761.kxcdn.com\\/oc-content\\/uploads\\/1\\/910_preview.jpg\",\"s_large_url\":\"https:\\/\\/static-d761.kxcdn.com\\/oc-content\\/uploads\\/1\\/910.jpg\",\"s_description\":\"Admin Permissions Manager Plugin helps site admins to manage roles and privileges of other admin accounts. This extension helps to create custom roles and permissions those can be granted or restricted to specific admin accounts. Admin role...\",\"dt_pub_date\":\"2022-02-07 14:39:14\",\"i_category_id\":\"102\",\"s_category_name\":\"Backoffice\",\"i_price\":\"29.99\",\"b_purchased\":0,\"s_purchase_url\":\"https:\\/\\/osclasspoint.com\\/osclasspay\\/updatecart\\/1101x1x189x29.99\",\"s_download_url\":\"https:\\/\\/osclasspoint.com\\/download\\/189\",\"i_download\":\"8\",\"i_order\":\"7\",\"i_rating\":\"0.0\",\"i_rating_count\":\"0\",\"i_version\":\"1.0.0\",\"i_osc_version_from\":\"3.0\",\"i_osc_version_to\":\"\",\"dt_update_date\":\"2022-02-07 14:39:17\",\"s_product_key\":\"6uQYzb4Kp3cXe89y2ibc\",\"s_update_comment\":\"Initial plugin release\",\"theme_type\":\"\",\"type\":\"plugin\"},\"QWwL6TbKi4DGf2FyZwtl\":{\"pk_i_id\":\"188\",\"s_title\":\"WhatsApp Chat Plugin\",\"s_contact_name\":\"MB Themes\",\"s_url\":\"https:\\/\\/osclasspoint.com\\/osclass-plugins\\/messaging-and-communication\\/whatsapp-chat-plugin-i188\",\"s_thumbnail_url\":\"https:\\/\\/static-d761.kxcdn.com\\/oc-content\\/uploads\\/1\\/898_thumbnail.jpg\",\"s_preview_url\":\"https:\\/\\/static-d761.kxcdn.com\\/oc-content\\/uploads\\/1\\/898_preview.jpg\",\"s_large_url\":\"https:\\/\\/static-d761.kxcdn.com\\/oc-content\\/uploads\\/1\\/898.jpg\",\"s_description\":\"WhatsApp chat extension for Osclass helps buyers quickly contact seller and communicate together via WhatsApp just by 1 click, alternatively site admins can use it to create site contact button. WhatsApp Chat Button for Sellers Enhance and ...\",\"dt_pub_date\":\"2022-02-03 14:03:43\",\"i_category_id\":\"100\",\"s_category_name\":\"Messaging and Communication\",\"i_price\":\"29.99\",\"b_purchased\":0,\"s_purchase_url\":\"https:\\/\\/osclasspoint.com\\/osclasspay\\/updatecart\\/1101x1x188x29.99\",\"s_download_url\":\"https:\\/\\/osclasspoint.com\\/download\\/188\",\"i_download\":\"15\",\"i_order\":\"10\",\"i_rating\":\"0.0\",\"i_rating_count\":\"0\",\"i_version\":\"1.0.0\",\"i_osc_version_from\":\"3.3\",\"i_osc_version_to\":\"\",\"dt_update_date\":\"2022-02-03 14:03:47\",\"s_product_key\":\"QWwL6TbKi4DGf2FyZwtl\",\"s_update_comment\":\"Initial plugin release\",\"theme_type\":\"\",\"type\":\"plugin\"}}}','STRING'),
('osclass','widget_data_product_updates','{\"date\":\"2022-04-04 10:12:27\",\"data\":{\"last_update\":\"2022-04-04 01:00:00\",\"link_all\":\"https:\\/\\/osclasspoint.com\\/product-updates\",\"updates\":[{\"fk_i_item_id\":\"77\",\"i_version\":\"2.5.2\",\"s_osc_version_from\":\"3.0\",\"s_osc_version_to\":\"\",\"s_comment\":\"Fixed several possible error notices.\",\"s_title\":\"Attributes Osclass Plugin\",\"s_url\":\"https:\\/\\/osclasspoint.com\\/index.php?page=item&id=77\",\"dt_date\":\"2022-03-18 15:22:24\"},{\"fk_i_item_id\":\"77\",\"i_version\":\"2.5.1\",\"s_osc_version_from\":\"3.0\",\"s_osc_version_to\":\"\",\"s_comment\":\"Improved attributes management with correct redirects after each action.\\nAdmin is now redirected to attribute edit page, when new attribute is created.\",\"s_title\":\"Attributes Osclass Plugin\",\"s_url\":\"https:\\/\\/osclasspoint.com\\/index.php?page=item&id=77\",\"dt_date\":\"2022-03-17 07:59:55\"},{\"fk_i_item_id\":\"46\",\"i_version\":\"3.4.6\",\"s_osc_version_from\":\"3.3\",\"s_osc_version_to\":\"\",\"s_comment\":\"Fixed minor issue with redirect when show image fee was enabled.\\nFixed mnor issue with notices reported from functions.php\",\"s_title\":\"Osclass Pay Payment Plugin\",\"s_url\":\"https:\\/\\/osclasspoint.com\\/index.php?page=item&id=46\",\"dt_date\":\"2022-03-17 07:57:58\"},{\"fk_i_item_id\":\"46\",\"i_version\":\"3.4.5\",\"s_osc_version_from\":\"3.3\",\"s_osc_version_to\":\"\",\"s_comment\":\"Added support to Express-Pay.by extension directly to plugin.\\nFixed minor issues with icons.\",\"s_title\":\"Osclass Pay Payment Plugin\",\"s_url\":\"https:\\/\\/osclasspoint.com\\/index.php?page=item&id=46\",\"dt_date\":\"2022-03-11 11:09:04\"},{\"fk_i_item_id\":\"112\",\"i_version\":\"1.4.3\",\"s_osc_version_from\":\"3.0\",\"s_osc_version_to\":\"\",\"s_comment\":\"Item Validation Plugin support added - now imported listings are auto-approved (validation record automatically created).\\nNew feature added - generate email based on phone. In case email field is missing and phone number is available, plugin will try to create dummy email instead of using default import email (in format PHONE@domain.com)\\nDebug mode update - when debug mode enabled, errors are now printed to error log in \\\"nice\\\" easy to read way.\",\"s_title\":\"Ad Importer Osclass Plugin (Csv, Xml, Json)\",\"s_url\":\"https:\\/\\/osclasspoint.com\\/index.php?page=item&id=112\",\"dt_date\":\"2022-03-09 08:18:52\"}]}}','STRING'),
('osclass','widget_data_update','{\"date\":\"2022-04-04 10:12:27\",\"data\":{\"version\":801,\"version_string\":\"8.0.1\",\"url\":\"https:\\/\\/osclass-classifieds.com\\/file\\/osclass-v8.0.1.zip\",\"s_name\":\"v8.0.1\"}}','STRING'),
('plugin-attributes','styled','1','INTEGER'),
('plugin-attributes','version','103','INTEGER'),
('plugin-banner_ads','currency','$','STRING'),
('plugin-banner_ads','hooks','hook1,hook2,hook3','STRING'),
('plugin-banner_ads','slide_speed','200','STRING'),
('plugin-banner_ads','slide_ticker','5000','STRING'),
('plugin-banner_ads','validate','0','INTEGER'),
('plugin-google_login','client_id','203268207256-2e91ke03jmpij50paqtb3fef7o0t7bjb.apps.googleusercontent.com','STRING'),
('plugin-google_login','client_secret','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','INTEGER'),
('plugin-google_login','version','100','INTEGER'),
('plugin-instant_messenger','ajax','1','INTEGER'),
('plugin-instant_messenger','att_days','360','INTEGER'),
('plugin-instant_messenger','att_enable','1','INTEGER'),
('plugin-instant_messenger','att_extension','jpg, jpeg, png, gif, doc, docx, pdf, txt','STRING'),
('plugin-instant_messenger','att_max_size','512','INTEGER'),
('plugin-instant_messenger','contact_seller','1','INTEGER'),
('plugin-instant_messenger','interval','3000','INTEGER'),
('plugin-instant_messenger','item_hook','0','INTEGER'),
('plugin-instant_messenger','link_reg_only','0','INTEGER'),
('plugin-instant_messenger','notify_once','1','INTEGER'),
('plugin-instant_messenger','only_logged','0','INTEGER'),
('plugin-instant_messenger','threads_per_page','20','INTEGER'),
('plugin-instant_messenger','thread_days','360','INTEGER'),
('plugin-instant_messenger','version','101','INTEGER'),
('plugin-make_offer','add_hook','1','INTEGER'),
('plugin-make_offer','add_price','1','INTEGER'),
('plugin-make_offer','category','','STRING'),
('plugin-make_offer','check_styled','1','INTEGER'),
('plugin-make_offer','history','1','INTEGER'),
('plugin-make_offer','instant_messenger','0','INTEGER'),
('plugin-make_offer','notify','0','INTEGER'),
('plugin-make_offer','only_reg','0','INTEGER'),
('plugin-make_offer','show_quantity','1','INTEGER'),
('plugin-make_offer','show_status','1','INTEGER'),
('plugin-make_offer','validate','0','INTEGER'),
('plugin-online_chat','delete_days','7','INTEGER'),
('plugin-online_chat','hook_button','1','INTEGER'),
('plugin-online_chat','refresh_closed','60','INTEGER'),
('plugin-online_chat','refresh_message','10','INTEGER'),
('plugin-online_chat','refresh_user','120','INTEGER'),
('plugin-osclass_pay','authorizenet_enabled','0','BOOLEAN'),
('plugin-osclass_pay','authorizenet_merchant_login_id','','STRING'),
('plugin-osclass_pay','authorizenet_merchant_transaction_key','','STRING'),
('plugin-osclass_pay','authorizenet_sandbox','1','BOOLEAN'),
('plugin-osclass_pay','banner_allow','0','BOOLEAN'),
('plugin-osclass_pay','banner_fee_click','0.08','STRING'),
('plugin-osclass_pay','banner_fee_view','0.02','STRING'),
('plugin-osclass_pay','banner_hook','1','BOOLEAN'),
('plugin-osclass_pay','begateway_domain_checkout','','STRING'),
('plugin-osclass_pay','begateway_enabled','0','BOOLEAN'),
('plugin-osclass_pay','begateway_public_key','','STRING'),
('plugin-osclass_pay','begateway_secret_key','','STRING'),
('plugin-osclass_pay','begateway_shop_id','','STRING'),
('plugin-osclass_pay','begateway_test_mode','1','BOOLEAN'),
('plugin-osclass_pay','begateway_timeout','60','STRING'),
('plugin-osclass_pay','blockchain_address','','STRING'),
('plugin-osclass_pay','blockchain_enabled','0','BOOLEAN'),
('plugin-osclass_pay','blockchain_key','','STRING'),
('plugin-osclass_pay','blockchain_xpub','','STRING'),
('plugin-osclass_pay','braintree_enabled','0','BOOLEAN'),
('plugin-osclass_pay','braintree_encryption_key','','STRING'),
('plugin-osclass_pay','braintree_merchant_id','','STRING'),
('plugin-osclass_pay','braintree_private_key','','STRING'),
('plugin-osclass_pay','braintree_public_key','','STRING'),
('plugin-osclass_pay','braintree_sandbox','1','BOOLEAN'),
('plugin-osclass_pay','bt_enabled','0','BOOLEAN'),
('plugin-osclass_pay','bt_iban','','STRING'),
('plugin-osclass_pay','bt_min','10','INTEGER'),
('plugin-osclass_pay','cart_button_hook','1','BOOLEAN'),
('plugin-osclass_pay','ccavenue_access_code','','STRING'),
('plugin-osclass_pay','ccavenue_enabled','0','BOOLEAN'),
('plugin-osclass_pay','ccavenue_language','EN','STRING'),
('plugin-osclass_pay','ccavenue_merchant_id','','STRING'),
('plugin-osclass_pay','ccavenue_sandbox','1','BOOLEAN'),
('plugin-osclass_pay','ccavenue_working_key','','STRING'),
('plugin-osclass_pay','cron_runs','2022-03-16 15:12:07,2022-03-16 12:57:48,2022-03-16 11:20:23,2022-03-16 10:10:35,2022-03-16 06:19:06,2022-03-16 04:39:48,2022-03-16 00:57:54,2022-03-15 22:59:05,2022-03-15 21:35:40,2022-03-15 20:09:43','STRING'),
('plugin-osclass_pay','cron_runs_user','','STRING'),
('plugin-osclass_pay','crypt_key','zlwOs3R7ee0WHCRXMparSUtzGhRy6c3n','STRING'),
('plugin-osclass_pay','currency','TRY','STRING'),
('plugin-osclass_pay','euplatesc_enabled','0','BOOLEAN'),
('plugin-osclass_pay','euplatesc_key','','STRING'),
('plugin-osclass_pay','euplatesc_mid','','STRING'),
('plugin-osclass_pay','filter_button_hook','0','BOOLEAN'),
('plugin-osclass_pay','groups_category','0','INTEGER'),
('plugin-osclass_pay','groups_enabled','1','INTEGER'),
('plugin-osclass_pay','groups_limit_items','0','BOOLEAN'),
('plugin-osclass_pay','groups_max_items','10','INTEGER'),
('plugin-osclass_pay','groups_max_items_days','30','INTEGER'),
('plugin-osclass_pay','groups_max_items_type','0','INTEGER'),
('plugin-osclass_pay','highlight_allow','0','BOOLEAN'),
('plugin-osclass_pay','highlight_color','#F3FFBD','STRING'),
('plugin-osclass_pay','highlight_css','','STRING'),
('plugin-osclass_pay','highlight_duration','24,72,168,720','STRING'),
('plugin-osclass_pay','highlight_fee','1.0','STRING'),
('plugin-osclass_pay','horizontal_menu','0','STRING'),
('plugin-osclass_pay','image_allow','0','BOOLEAN'),
('plugin-osclass_pay','image_fee','1.0','STRING'),
('plugin-osclass_pay','links_sidebar','0','STRING'),
('plugin-osclass_pay','movetotop_allow','0','BOOLEAN'),
('plugin-osclass_pay','movetotop_fee','1.0','STRING'),
('plugin-osclass_pay','pack_style','2','INTEGER'),
('plugin-osclass_pay','pagseguro_application_id','','STRING'),
('plugin-osclass_pay','pagseguro_application_key','','STRING'),
('plugin-osclass_pay','pagseguro_email','','STRING'),
('plugin-osclass_pay','pagseguro_enabled','0','BOOLEAN'),
('plugin-osclass_pay','pagseguro_lightbox','0','BOOLEAN'),
('plugin-osclass_pay','pagseguro_sandbox','1','BOOLEAN'),
('plugin-osclass_pay','pagseguro_sb_application_id','','STRING'),
('plugin-osclass_pay','pagseguro_sb_application_key','','STRING'),
('plugin-osclass_pay','pagseguro_sb_token','','STRING'),
('plugin-osclass_pay','pagseguro_token','','STRING'),
('plugin-osclass_pay','paypal_api_password','','STRING'),
('plugin-osclass_pay','paypal_api_signature','','STRING'),
('plugin-osclass_pay','paypal_api_username','','STRING'),
('plugin-osclass_pay','paypal_email','','STRING'),
('plugin-osclass_pay','paypal_enabled','0','BOOLEAN'),
('plugin-osclass_pay','paypal_sandbox','1','BOOLEAN'),
('plugin-osclass_pay','paypal_standard','1','BOOLEAN'),
('plugin-osclass_pay','paystack_email','','STRING'),
('plugin-osclass_pay','paystack_enabled','0','BOOLEAN'),
('plugin-osclass_pay','paystack_public_key','','STRING'),
('plugin-osclass_pay','paystack_secret_key','','STRING'),
('plugin-osclass_pay','paystack_test_public_key','','STRING'),
('plugin-osclass_pay','paystack_test_secret_key','','STRING'),
('plugin-osclass_pay','payulatam_account_id','','STRING'),
('plugin-osclass_pay','payulatam_api_key','','STRING'),
('plugin-osclass_pay','payulatam_enabled','0','BOOLEAN'),
('plugin-osclass_pay','payulatam_merchant_id','','STRING'),
('plugin-osclass_pay','payulatam_sandbox','1','BOOLEAN'),
('plugin-osclass_pay','payumoney_enabled','0','BOOLEAN'),
('plugin-osclass_pay','payumoney_merchant_key','','STRING'),
('plugin-osclass_pay','payumoney_salt','','STRING'),
('plugin-osclass_pay','payumoney_sandbox','1','BOOLEAN'),
('plugin-osclass_pay','payza_email','','STRING'),
('plugin-osclass_pay','payza_enabled','0','BOOLEAN'),
('plugin-osclass_pay','premium_allow','0','BOOLEAN'),
('plugin-osclass_pay','premium_duration','24,72,168,720','STRING'),
('plugin-osclass_pay','premium_fee','1.0','STRING'),
('plugin-osclass_pay','price_decimals','2','INTEGER'),
('plugin-osclass_pay','price_decimal_symbol','.','STRING'),
('plugin-osclass_pay','price_position','0','INTEGER'),
('plugin-osclass_pay','price_space','','STRING'),
('plugin-osclass_pay','price_thousand_symbol',' ','STRING'),
('plugin-osclass_pay','publish_allow','0','BOOLEAN'),
('plugin-osclass_pay','publish_fee','1.0','STRING'),
('plugin-osclass_pay','publish_item_disable','1','INTEGER'),
('plugin-osclass_pay','quantity_show','1','BOOLEAN'),
('plugin-osclass_pay','republish_allow','0','BOOLEAN'),
('plugin-osclass_pay','republish_duration','12,24,72,168','STRING'),
('plugin-osclass_pay','republish_fee','1.0','STRING'),
('plugin-osclass_pay','republish_repeat','1,2,3,4,5,10','STRING'),
('plugin-osclass_pay','republish_repeat_discount','5','STRING'),
('plugin-osclass_pay','seller_all','0','BOOLEAN'),
('plugin-osclass_pay','seller_users','','STRING'),
('plugin-osclass_pay','selling_allow','0','BOOLEAN'),
('plugin-osclass_pay','selling_apply_membership','0','BOOLEAN'),
('plugin-osclass_pay','skrill_email','','STRING'),
('plugin-osclass_pay','skrill_enabled','0','BOOLEAN'),
('plugin-osclass_pay','skrill_merchant_id','','STRING'),
('plugin-osclass_pay','skrill_notify','0','BOOLEAN'),
('plugin-osclass_pay','skrill_secret_word','','STRING'),
('plugin-osclass_pay','status_disable','0','BOOLEAN'),
('plugin-osclass_pay','stock_management','1','BOOLEAN'),
('plugin-osclass_pay','stripe_enabled','0','BOOLEAN'),
('plugin-osclass_pay','stripe_public_key','','STRING'),
('plugin-osclass_pay','stripe_public_key_test','','STRING'),
('plugin-osclass_pay','stripe_sandbox','1','BOOLEAN'),
('plugin-osclass_pay','stripe_secret_key','','STRING'),
('plugin-osclass_pay','stripe_secret_key_test','','STRING'),
('plugin-osclass_pay','twocheckout_enabled','0','BOOLEAN'),
('plugin-osclass_pay','twocheckout_private_key','','STRING'),
('plugin-osclass_pay','twocheckout_publishable_key','','STRING'),
('plugin-osclass_pay','twocheckout_sandbox','1','BOOLEAN'),
('plugin-osclass_pay','twocheckout_seller_id','','STRING'),
('plugin-osclass_pay','version','111','INTEGER'),
('plugin-osclass_pay','wallet_enabled','1','INTEGER'),
('plugin-osclass_pay','wallet_period','m','STRING'),
('plugin-osclass_pay','wallet_periodically','50','INTEGER'),
('plugin-osclass_pay','wallet_referral','10','INTEGER'),
('plugin-osclass_pay','wallet_registration','10','INTEGER'),
('plugin-osclass_pay','weaccept_api_key','','STRING'),
('plugin-osclass_pay','weaccept_enabled','0','BOOLEAN'),
('plugin-osclass_pay','weaccept_iframe_id','','STRING'),
('plugin-osclass_pay','weaccept_integration_id','','STRING'),
('plugin-user_rating','hook_item','1','INTEGER'),
('plugin-user_rating','monocolor_stars','0','INTEGER'),
('plugin-user_rating','only_reg','0','INTEGER'),
('plugin-user_rating','reg_level1_avg','4','STRING'),
('plugin-user_rating','reg_level1_count','10','STRING'),
('plugin-user_rating','reg_level1_days','180','STRING'),
('plugin-user_rating','reg_level2_avg','3.5','STRING'),
('plugin-user_rating','reg_level2_count','6','STRING'),
('plugin-user_rating','reg_level2_days','90','STRING'),
('plugin-user_rating','reg_level3_avg','3','STRING'),
('plugin-user_rating','reg_level3_count','3','STRING'),
('plugin-user_rating','reg_level3_days','30','STRING'),
('plugin-user_rating','reg_level4_avg','','STRING'),
('plugin-user_rating','reg_level4_count','','STRING'),
('plugin-user_rating','reg_level4_days','','STRING'),
('plugin-user_rating','unreg_level2_avg','4','STRING'),
('plugin-user_rating','unreg_level2_count','10','STRING'),
('plugin-user_rating','unreg_level3_avg','3.5','STRING'),
('plugin-user_rating','unreg_level3_count','5','STRING'),
('plugin-user_rating','unreg_level4_avg','','STRING'),
('plugin-user_rating','unreg_level4_count','','STRING'),
('plugin-user_rating','upscale_bars','1','INTEGER'),
('plugin-user_rating','user_sidebar','1','INTEGER'),
('plugin-user_rating','validate','0','INTEGER'),
('qrcode','code_size','2','INTEGER'),
('qrcode','upload_path','/home/u170459449/domains/allmenkul.com/public_html/oc-content/uploads/qrcode/','STRING'),
('qrcode','upload_url','https://allmenkul.com/oc-content/uploads/qrcode/','STRING'),
('sigma','defaultLocationShowAs','dropdown','STRING'),
('sigma','defaultShowAs@all','list','STRING'),
('sigma','donation','0','STRING'),
('sigma','footer_link','1','STRING'),
('sigma','keyword_placeholder','ie. PHP Programmer','STRING'),
('sigma','logo','sigma_logo.png','STRING'),
('sigma','rtl','0','STRING'),
('sigma','version','133','STRING'),
('theme-alpha','banners','0','STRING'),
('theme-alpha','blog_home','0','STRING'),
('theme-alpha','cat_icons','0','STRING'),
('theme-alpha','color','#1c67b1','STRING'),
('theme-alpha','company_home','0','STRING'),
('theme-alpha','date_format','mm/dd','STRING'),
('theme-alpha','default_logo','0','STRING'),
('theme-alpha','def_cur','₺','STRING'),
('theme-alpha','def_locations','region','STRING'),
('theme-alpha','def_view','1','STRING'),
('theme-alpha','favorite_home','0','STRING'),
('theme-alpha','footer_link','0','STRING'),
('theme-alpha','forms_ajax','1','STRING'),
('theme-alpha','home_layout','t','STRING'),
('theme-alpha','latest_category','','STRING'),
('theme-alpha','latest_picture','0','STRING'),
('theme-alpha','latest_premium','0','STRING'),
('theme-alpha','latest_random','0','STRING'),
('theme-alpha','lazy_load','0','STRING'),
('theme-alpha','location_pick','1','STRING'),
('theme-alpha','post_extra_exclude','','STRING'),
('theme-alpha','post_required','location,name,phone','STRING'),
('theme-alpha','premium_home','0','STRING'),
('theme-alpha','premium_home_count','12','STRING'),
('theme-alpha','premium_search','0','STRING'),
('theme-alpha','premium_search_count','3','STRING'),
('theme-alpha','preview','1','STRING'),
('theme-alpha','public_items','24','STRING'),
('theme-alpha','publish_category','2','STRING'),
('theme-alpha','related','1','STRING'),
('theme-alpha','related_count','6','STRING'),
('theme-alpha','search_ajax','1','STRING'),
('theme-alpha','site_info','Amacımız, dünyadaki herkesin çevrimiçi olarak alıcılar ve\n                    satıcılarla bağımsız olarak bağlantı kurmasını sağlamaktır.\n                     Dünyanın bir numaralı çevrimiçi seri ilan platformu : AllMenkul.','STRING'),
('theme-alpha','version','1.5.3','STRING'),
('theme-alpha','website_name','AlphaTheme','STRING'),
('zara_theme','banner_home','','STRING'),
('zara_theme','banner_home_bottom','','STRING'),
('zara_theme','banner_home_top','','STRING'),
('zara_theme','banner_item','','STRING'),
('zara_theme','banner_item_bottom','','STRING'),
('zara_theme','banner_item_description','','STRING'),
('zara_theme','banner_item_sidebar','','STRING'),
('zara_theme','banner_item_top','','STRING'),
('zara_theme','banner_search','','STRING'),
('zara_theme','banner_search_bottom','','STRING'),
('zara_theme','banner_search_list','','STRING'),
('zara_theme','banner_search_sidebar','','STRING'),
('zara_theme','banner_search_top','','STRING'),
('zara_theme','cat_icons','1','STRING'),
('zara_theme','date_format','mm/dd','STRING'),
('zara_theme','default_logo','1','STRING'),
('zara_theme','def_cur','','STRING'),
('zara_theme','def_view','0','STRING'),
('zara_theme','donation','0','STRING'),
('zara_theme','drop_cat','1','STRING'),
('zara_theme','footer_email','','STRING'),
('zara_theme','footer_link','1','STRING'),
('zara_theme','format_cur','0','STRING'),
('zara_theme','format_sep','','STRING'),
('zara_theme','image_upload','1','STRING'),
('zara_theme','item_pager','0','STRING'),
('zara_theme','latest_category','','STRING'),
('zara_theme','latest_picture','0','STRING'),
('zara_theme','latest_premium','0','STRING'),
('zara_theme','latest_random','1','STRING'),
('zara_theme','phone','+1 (800) 228-5651','STRING'),
('zara_theme','theme_adsense','1','STRING'),
('zara_theme','version','1.6.1','STRING'),
('zara_theme','website_name','myWebsite.com','STRING');

/* Table structure for table `oc_t_pages` */
CREATE TABLE IF NOT EXISTS `oc_t_pages` (
  `pk_i_id` int(10) unsigned NOT NULL AUTO_INCREMENT,
  `s_internal_name` varchar(50) DEFAULT NULL,
  `b_indelible` tinyint(1) NOT NULL DEFAULT 0,
  `b_link` tinyint(1) NOT NULL DEFAULT 1,
  `b_index` tinyint(1) NOT NULL DEFAULT 1,
  `dt_pub_date` datetime NOT NULL,
  `dt_mod_date` datetime DEFAULT NULL,
  `i_order` int(3) NOT NULL DEFAULT 0,
  `s_meta` text DEFAULT NULL,
  PRIMARY KEY (`pk_i_id`)
) ENGINE=InnoDB AUTO_INCREMENT=44 DEFAULT CHARSET=utf8;

/* dumping data for table `oc_t_pages` */
insert into `oc_t_pages` values
(1,'email_item_inquiry',1,1,1,'2022-02-09 12:57:47',null,0,null),
(2,'email_user_validation',1,1,1,'2022-02-09 12:57:47',null,0,null),
(3,'email_user_registration',1,1,1,'2022-02-09 12:57:47',null,0,null),
(4,'email_send_friend',1,1,1,'2022-02-09 12:57:47',null,0,null),
(5,'alert_email_hourly',1,1,1,'2022-02-09 12:57:47',null,0,null),
(6,'alert_email_daily',1,1,1,'2022-02-09 12:57:47',null,0,null),
(7,'alert_email_weekly',1,1,1,'2022-02-09 12:57:47',null,0,null),
(8,'alert_email_instant',1,1,1,'2022-02-09 12:57:47',null,0,null),
(9,'email_new_comment_admin',1,1,1,'2022-02-09 12:57:47',null,0,null),
(10,'email_new_item_non_register_user',1,1,1,'2022-02-09 12:57:47',null,0,null),
(11,'email_item_validation',1,1,1,'2022-02-09 12:57:47',null,0,null),
(12,'email_admin_new_item',1,1,1,'2022-02-09 12:57:47',null,0,null),
(13,'email_user_forgot_password',1,1,1,'2022-02-09 12:57:47',null,0,null),
(14,'email_new_email',1,1,1,'2022-02-09 12:57:47',null,0,null),
(15,'email_alert_validation',1,1,1,'2022-02-09 12:57:47',null,0,null),
(16,'email_comment_validated',1,1,1,'2022-02-09 12:57:47',null,0,null),
(17,'email_item_validation_non_register_user',1,1,1,'2022-02-09 12:57:47',null,0,null),
(18,'email_admin_new_user',1,1,1,'2022-02-09 12:57:47',null,0,null),
(19,'email_contact_user',1,1,1,'2022-02-09 12:57:47',null,0,null),
(20,'email_new_comment_user',1,1,1,'2022-02-09 12:57:47',null,0,null),
(21,'email_new_admin',1,1,1,'2022-02-09 12:57:47',null,0,null),
(22,'email_warn_expiration',1,1,1,'2022-02-09 12:57:47',null,0,null),
(23,'example_page',0,0,1,'2022-02-09 12:57:47','2022-02-09 12:57:47',1,'\"\"'),
(24,'im_email_message_notify',1,0,1,'2022-02-09 14:04:49','2022-02-09 14:04:49',2,null),
(27,'onc_email_transcript',1,0,1,'2022-02-09 14:04:52','2022-02-09 14:04:52',5,null),
(28,'osp_email_bt_new',1,0,1,'2022-02-09 14:04:54','2022-02-09 14:04:54',6,null),
(29,'osp_email_promote',1,0,1,'2022-02-09 14:04:54','2022-02-09 14:04:54',7,null),
(30,'osp_email_expired',1,0,1,'2022-02-09 14:04:54','2022-02-09 14:04:54',8,null),
(31,'osp_email_expired_membership',1,0,1,'2022-02-09 14:04:54','2022-02-09 14:04:54',9,null),
(32,'osp_email_bonus_credit',1,0,1,'2022-02-09 14:04:54','2022-02-09 14:04:54',10,null),
(33,'osp_email_banner',1,0,1,'2022-02-09 14:04:54','2022-02-09 14:04:54',11,null),
(34,'osp_email_order',1,0,1,'2022-02-09 14:04:54','2022-02-09 14:04:54',12,null),
(35,'osp_email_bt_new',1,0,1,'2022-02-09 14:04:57','2022-02-09 14:04:57',13,null),
(36,'osp_email_promote',1,0,1,'2022-02-09 14:04:57','2022-02-09 14:04:57',14,null),
(37,'osp_email_expired',1,0,1,'2022-02-09 14:04:57','2022-02-09 14:04:57',15,null),
(38,'osp_email_expired_membership',1,0,1,'2022-02-09 14:04:57','2022-02-09 14:04:57',16,null),
(39,'osp_email_bonus_credit',1,0,1,'2022-02-09 14:04:57','2022-02-09 14:04:57',17,null),
(40,'osp_email_banner',1,0,1,'2022-02-09 14:04:57','2022-02-09 14:04:57',18,null),
(41,'osp_email_order',1,0,1,'2022-02-09 14:04:57','2022-02-09 14:04:57',19,null),
(42,'mo_notify_buyer',1,0,1,'2022-03-11 18:21:11','2022-03-11 18:21:11',20,null),
(43,'mo_notify_seller',1,0,1,'2022-03-11 18:21:11','2022-03-11 18:21:11',21,null);

/* Table structure for table `oc_t_pages_description` */
CREATE TABLE IF NOT EXISTS `oc_t_pages_description` (
  `fk_i_pages_id` int(10) unsigned NOT NULL,
  `fk_c_locale_code` char(5) NOT NULL,
  `s_title` varchar(255) NOT NULL,
  `s_text` text DEFAULT NULL,
  PRIMARY KEY (`fk_i_pages_id`,`fk_c_locale_code`),
  KEY `fk_c_locale_code` (`fk_c_locale_code`),
  CONSTRAINT `oc_t_pages_description_ibfk_1` FOREIGN KEY (`fk_i_pages_id`) REFERENCES `oc_t_pages` (`pk_i_id`),
  CONSTRAINT `oc_t_pages_description_ibfk_2` FOREIGN KEY (`fk_c_locale_code`) REFERENCES `oc_t_locale` (`pk_c_code`)
) ENGINE=InnoDB DEFAULT CHARSET=utf8;

/* dumping data for table `oc_t_pages_description` */
insert into `oc_t_pages_description` values
(1,'ar_SY','{WEB_TITLE} - شخصا ما لديه سؤال عن اعلانك','<p>مرحبا{CONTACT_NAME}!</p><p>{USER_NAME} ({USER_EMAIL}, {USER_PHONE})ترك لك رسالة خاصة بأعلانك <a href=\"{ITEM_URL}\">{ITEM_TITLE}</a>:</p><p>{COMMENT}</p><p>تحياتنا,</p><p>{WEB_LINK}</p>'),
(1,'de_DE','{WEB_TITLE} - Jemand hat eine Frage zu Ihrem Angebot','<p>Hallo {CONTACT_NAME}!</p><p>{USER_NAME} ({USER_EMAIL}, {USER_PHONE}) hat Ihnen eine Nachricht zu Ihrem Angebot <a href=\"{ITEM_URL}\">{ITEM_TITLE}</a> geschickt:</p><p>{COMMENT}</p><p>Beste Grüße,</p><p>{WEB_LINK}</p>'),
(1,'en_US','{WEB_TITLE} - Someone has a question about your listing','<p>Hi {CONTACT_NAME}!</p><p>{USER_NAME} ({USER_EMAIL}, {USER_PHONE}) left you a message about your listing <a href=\"{ITEM_URL}\">{ITEM_TITLE}</a>:</p><p>{COMMENT}</p><p>Regards,</p><p>{WEB_LINK}</p>'),
(1,'ru_RU','{WEB_TITLE} - У кого-то возник вопрос о вашем объявлении','<p>Здравствуйте {CONTACT_NAME}!</p><p>{USER_NAME} ({USER_EMAIL}, {USER_PHONE}) оставил вам сообщение о вашем объявлении <a href=\"{ITEM_URL}\">{ITEM_TITLE}</a>:</p><p>{COMMENT}</p><p>С Уважением,</p><p>{WEB_LINK}</p>'),
(1,'tr_TR','{WEB_TITLE} - İlanınızla ilgili bir soru var','<p>Merhaba {CONTACT_NAME}!</p><p>{USER_NAME} ({USER_EMAIL}, {USER_PHONE}) <a href=\"{ITEM_URL}\">{ITEM_TITLE}</a>:başlıklı ilanınızla ilgili bir mesaj gönderdi</p><p>{COMMENT}</p><p>Saygılar,</p><p>{WEB_LINK}</p>'),
(1,'zh_CN','{WEB_TITLE} - Someone has a question about your listing','<p>Hi {CONTACT_NAME}!</p><p>{USER_NAME} ({USER_EMAIL}, {USER_PHONE}) left you a message about your listing <a href=\"{ITEM_URL}\">{ITEM_TITLE}</a>:</p><p>{COMMENT}</p><p>Regards,</p><p>{WEB_LINK}</p>'),
(2,'ar_SY','من فضلك اكد {WEB_TITLE} حسابك','<p>مرحبا{USER_NAME},</p><p>برحاء تحقيق صحة تسجليك من خلال الضغط على الرابط التالى: {VALIDATION_LINK}</p><p>مع الشكر!</p><p>تحياتنا,</p><p>{WEB_LINK}</p>'),
(2,'de_DE','Bitte bestätigen Sie Ihren {WEB_TITLE} Account','<p>Hallo {USER_NAME},</p><p>bitte bestätigen Sie Ihre Registrierung mit Klick auf folgenden Link: {VALIDATION_LINK}</p><p>Vielen Dank!</p><p>Beste Grüße,</p><p>{WEB_LINK}</p>'),
(2,'en_US','Please validate your {WEB_TITLE} account','<p>Hi {USER_NAME},</p><p>Please validate your registration by clicking on the following link: {VALIDATION_LINK}</p><p>Thank you!</p><p>Regards,</p><p>{WEB_LINK}</p>'),
(2,'ru_RU','Пожалуйста подтвердите ваш аккаунт на {WEB_TITLE}','<p>Здравствуйте {USER_NAME},</p><p>Подтвердите регистрацию по ссылке: {VALIDATION_LINK}</p><p>Спасибо вам!</p><p>С уважением,</p><p>{WEB_LINK}</p>'),
(2,'tr_TR','{WEB_TITLE} sitesindeki hesabınızı doğrulayın','<p>Merhaba {USER_NAME},</p><p>Lütfen linke tıklayarak kaydınızı doğrulayın: {VALIDATION_LINK}</p><p>Teşekkür ederiz!</p><p>Saygılar,</p><p>{WEB_LINK}</p>'),
(2,'zh_CN','Please validate your {WEB_TITLE} account','<p>Hi {USER_NAME},</p><p>Please validate your registration by clicking on the following link: {VALIDATION_LINK}</p><p>Thank you!</p><p>Regards,</p><p>{WEB_LINK}</p>'),
(3,'ar_SY','{WEB_TITLE} - تسجيل ناجح!','<p>مرحبا {USER_NAME},</p><p>لقد سجلت بنجاح في {WEB_LINK}.</p><p>شكرا لك!</p><p>مع تحياتي,</p><p>{WEB_LINK}</p>'),
(3,'de_DE','{WEB_TITLE} - Registrierung erfolgreich!','<p>Hi {USER_NAME},</p><p>You\'ve successfully registered for {WEB_LINK}.</p><p>Thank you!</p><p>Regards,</p><p>{WEB_LINK}</p>'),
(3,'en_US','{WEB_TITLE} - Registration successful!','<p>Hi {USER_NAME},</p><p>You\'ve successfully registered for {WEB_LINK}.</p><p>Thank you!</p><p>Regards,</p><p>{WEB_LINK}</p>'),
(3,'ru_RU','{WEB_TITLE} - Registration successful!','<p>Здравствуйте {USER_NAME},</p><p>You\'ve successfully registered for {WEB_LINK}.</p><p>Спасибо вам!</p><p>С уважением,</p><p>{WEB_LINK}</p>'),
(3,'tr_TR','{WEB_TITLE} - Kayıt başarılı!','<p>Hi {USER_NAME},</p><p>You\'ve successfully registered for {WEB_LINK}.</p><p>Thank you!</p><p>Regards,</p><p>{WEB_LINK}</p>'),
(3,'zh_CN','{WEB_TITLE} - Registration successful!','<p>Hi {USER_NAME},</p><p>You\'ve successfully registered for {WEB_LINK}.</p><p>Thank you!</p><p>Regards,</p><p>{WEB_LINK}</p>'),
(4,'ar_SY','أنظر ماذا أكتشفت فى {WEB_TITLE}','<p>مرحبا {FRIEND_NAME},</p><p>صديقك {USER_NAME} يريد مشاركتك هذا الاعلان <a href=\"{ITEM_URL}\">{ITEM_TITLE}</a>.</p><p>الرساله:</p><p>{COMMENT}</p><p>تحياتنا,</p><p>{WEB_TITLE}</p>'),
(4,'de_DE','Schau, was ich auf {WEB_TITLE} entdeckt habe','<p>Hallo {FRIEND_NAME},</p><p>Ihr Freund {USER_NAME} möchte Ihnen dieses Angebot empfehlen <a href=\"{ITEM_URL}\">{ITEM_TITLE}</a>.</p><p>Nachricht:</p><p>{COMMENT}</p><p>Beste Grüße,</p><p>{WEB_TITLE}</p>'),
(4,'en_US','Look at what I discovered on {WEB_TITLE}','<p>Hi {FRIEND_NAME},</p><p>Your friend {USER_NAME} wants to share this listing with you <a href=\"{ITEM_URL}\">{ITEM_TITLE}</a>.</p><p>Message:</p><p>{COMMENT}</p><p>Regards,</p><p>{WEB_TITLE}</p>'),
(4,'ru_RU','Посмотри что я нашел на {WEB_TITLE}','<p>Здравствуйте {FRIEND_NAME},</p><p>Ваш друг {USER_NAME} хочет поделиться с вами объявлением <a href=\"{ITEM_URL}\">{ITEM_TITLE}</a>.</p><p>Сообщение:</p><p>{COMMENT}</p><p>С уважением,</p><p>{WEB_TITLE}</p>'),
(4,'tr_TR','Bak {WEB_TITLE} sitesinde ne buldum','<p>Merhaba {FRIEND_NAME},</p><p>Arkadaşınız {USER_NAME}, <a href=\"{ITEM_URL}\">{ITEM_TITLE}</a>.başlıklı ilanı sizinle paylaşmak istiyor.</p><p>Mesajı:</p><p>{COMMENT}</p><p>Saygılar,</p><p>{WEB_TITLE}</p>'),
(4,'zh_CN','Look at what I discovered on {WEB_TITLE}','<p>Hi {FRIEND_NAME},</p><p>Your friend {USER_NAME} wants to share this listing with you <a href=\"{ITEM_URL}\">{ITEM_TITLE}</a>.</p><p>Message:</p><p>{COMMENT}</p><p>Regards,</p><p>{WEB_TITLE}</p>'),
(5,'ar_SY','{WEB_TITLE} - اعلانات جديدة في الساعة الماضية','<p>مرحبا{USER_NAME},</p><p>إعلان جديد تم نشره فى أخر ساعة. القي نظره عليه:</p><p>{ADS}</p><p>-------------</p><p>لإلغاء الاشتراك فى هذه التنبيهات مستقبلا برجاء الضغط على: {UNSUB_LINK}</p><p>{WEB_LINK}</p>'),
(5,'de_DE','{WEB_TITLE} - Neue Angebote in the last hour','<p>Hallo {USER_NAME},</p><p>In der letzten Stunde wurden neue Angebote veröffentlicht. Schauen Sie sich diese hier an:</p><p>{ADS}</p><p>-------------</p><p>Um diese Benachrichtigung abzubestellen, klicken Sie bitte hier: {UNSUB_LINK}</p><p>{WEB_LINK}</p>'),
(5,'en_US','{WEB_TITLE} - New listings in the last hour','<p>Hi {USER_NAME},</p><p>New listings have been published in the last hour. Take a look at them:</p><p>{ADS}</p><p>-------------</p><p>To unsubscribe from this alert, click on: {UNSUB_LINK}</p><p>{WEB_LINK}</p>'),
(5,'ru_RU','{WEB_TITLE} - Новые объявления за последний час','<p>Здравствуйте {USER_NAME},</p><p>Новые объявления опубликованы за последний час. Посмотрите их:</p><p>{ADS}</p><p>-------------</p><p>Для того чтобы отказаться от подписки на уведомление, нажмите: {UNSUB_LINK}</p><p>{WEB_LINK}</p>'),
(5,'tr_TR','{WEB_TITLE} - Yeni ilanlar in the last hour','<p>Merhaba {USER_NAME},</p><p>Son bir saat içinde yeni ilanlar yayınlandı. İlanlara bir göz atın:</p><p>{ADS}</p><p>-------------</p><p>Bu uyarının aboneliğinden ayrılmak için burayı tıklayın: {UNSUB_LINK}</p><p>{WEB_LINK}</p>'),
(5,'zh_CN','{WEB_TITLE} - New listings in the last hour','<p>Hi {USER_NAME},</p><p>New listings have been published in the last hour. Take a look at them:</p><p>{ADS}</p><p>-------------</p><p>To unsubscribe from this alert, click on: {UNSUB_LINK}</p><p>{WEB_LINK}</p>'),
(6,'ar_SY','{WEB_TITLE} - اعلانات جديدة في اليوم الاخير','<p>مرحبا {USER_NAME},</p><p>أعلان جديد تم نشره فى اخر يوم. القي نظرة عليه:</p><p>{ADS}</p><p>-------------</p><p>لإلغاء الاشتراك فى هذه التنبيهات مستقبلا برجاء الضغط على: {UNSUB_LINK}</p><p>{WEB_LINK}</p>'),
(6,'de_DE','{WEB_TITLE} - Neue Angebote in the last day','<p>Hallo {USER_NAME},</p><p>in den letzten 24 Stunden wurden neue Angebote veröffentlicht. Schauen Sie sich diese hier an:</p><p>{ADS}</p><p>-------------</p><p>Um diese Benachrichtigung abzubestellen, klicken Sie bitte hier: {UNSUB_LINK}</p><p>{WEB_LINK}</p>'),
(6,'en_US','{WEB_TITLE} - New listings in the last day','<p>Hi {USER_NAME},</p><p>New listings have been published in the last day. Take a look at them:</p><p>{ADS}</p><p>-------------</p><p>To unsubscribe from this alert, click on: {UNSUB_LINK}</p><p>{WEB_LINK}</p>'),
(6,'ru_RU','{WEB_TITLE} - Новые объявления за последний день','<p>Здравствуйте {USER_NAME},</p><p>Новые объявления опубликованы за последний день. Взгляните на них:</p><p>{ADS}</p><p>-------------</p><p>Для того чтобы отказаться от подписки на уведомление, нажмите: {UNSUB_LINK}</p><p>{WEB_LINK}</p>'),
(6,'tr_TR','{WEB_TITLE} - Yeni ilanlar in the last day','<p>Merhaba {USER_NAME},</p><p>Son bir gün içinde yeni ilanlar yayınlandı. İlanlara bir göz atın:</p><p>{ADS}</p><p>-------------</p><p>Bu uyarının aboneliğinden ayrılmak için burayı tıklayın: {UNSUB_LINK}</p><p>{WEB_LINK}</p>'),
(6,'zh_CN','{WEB_TITLE} - New listings in the last day','<p>Hi {USER_NAME},</p><p>New listings have been published in the last day. Take a look at them:</p><p>{ADS}</p><p>-------------</p><p>To unsubscribe from this alert, click on: {UNSUB_LINK}</p><p>{WEB_LINK}</p>'),
(7,'ar_SY','{WEB_TITLE} - اعلانات جديدة في الأسبوع الماضي','<p>مرحبا{USER_NAME},</p><p>العديد من الاعلانات تم نشرها خلال لاسبوع الماضى. لمشاهدتهم:</p><p>{ADS}</p><p>-------------</p><p>لإيقاف الاشتراك فى تنبيهات مماثلة ، برجاء الضغط على: {UNSUB_LINK}</p><p>{WEB_LINK}</p>'),
(7,'de_DE','{WEB_TITLE} - Neue Angebote in the last week','<p>Hallo {USER_NAME},</p><p>es wurden neue Angebote in der letzten Woche veröffentlicht. Hier können Sie sich diese anschauen:</p><p>{ADS}</p><p>-------------</p><p>Um diese Benachrichtigung abzubestellen, klicken Sie bitte hier: {UNSUB_LINK}</p><p>{WEB_LINK}</p>'),
(7,'en_US','{WEB_TITLE} - New listings in the last week','<p>Hi {USER_NAME},</p><p>New listings have been published in the last week. Take a look at them:</p><p>{ADS}</p><p>-------------</p><p>To unsubscribe from this alert, click on: {UNSUB_LINK}</p><p>{WEB_LINK}</p>'),
(7,'ru_RU','{WEB_TITLE} - Новые объявления за последнюю неделю','<p>Здравствуйте {USER_NAME},</p><p>Новые объявления опубликованы за последнюю неделю. Взгляните на них:</p><p>{ADS}</p><p>-------------</p><p>Для того чтобы отказаться от подписки на уведомление, нажмите: {UNSUB_LINK}</p><p>{WEB_LINK}</p>'),
(7,'tr_TR','{WEB_TITLE} - Yeni ilanlar in the last week','<p>Merhaba {USER_NAME},</p><p>Son bir hafta içinde yeni ilanlar yayınlandı. İlanlara bir göz atın:</p><p>{ADS}</p><p>-------------</p><p>Bu uyarının aboneliğinden ayrılmak için burayı tıklayın: {UNSUB_LINK}</p><p>{WEB_LINK}</p>'),
(7,'zh_CN','{WEB_TITLE} - New listings in the last week','<p>Hi {USER_NAME},</p><p>New listings have been published in the last week. Take a look at them:</p><p>{ADS}</p><p>-------------</p><p>To unsubscribe from this alert, click on: {UNSUB_LINK}</p><p>{WEB_LINK}</p>'),
(8,'ar_SY','{WEB_TITLE} - اعلانات جديدة','<p>مرحبا {USER_NAME},</p><p>اعلان جديد تم نشره, تفحصه!</p><p>{ADS}</p><p>-------------</p><p>لالغاء الاشتراك, انقر علي: {UNSUB_LINK}</p><p>{WEB_LINK}</p>'),
(8,'de_DE','{WEB_TITLE} - Neue Angebote','<p>Hallo {USER_NAME},</p><p>Ein neues Angebot wurde veröffentlicht. Schau es Dir an!</p><p>{ADS}</p><p>-------------</p><p>Um diese Benachrichtigung abzubestellen, klicken Sie bitte hier: {UNSUB_LINK}</p><p>{WEB_LINK}</p>'),
(8,'en_US','{WEB_TITLE} - New listings','<p>Hi {USER_NAME},</p><p>A new listing has been published, check it out!</p><p>{ADS}</p><p>-------------</p><p>To unsubscribe from this alert, click on: {UNSUB_LINK}</p><p>{WEB_LINK}</p>'),
(8,'ru_RU','{WEB_TITLE} - Новые объявления','<p>Здравствуйте {USER_NAME},</p><p>Новое объявление опубликовано, проверьте его!</p><p>{ADS}</p><p>-------------</p><p>Для того чтобы отказаться от подписки на уведомление, нажмите: {UNSUB_LINK}</p><p>{WEB_LINK}</p>'),
(8,'tr_TR','{WEB_TITLE} - Yeni ilanlar','<p>Merhaba {USER_NAME},</p><p>Yeni bir ilan yayınlandı, bir göz atın !</p><p>{ADS}</p><p>-------------</p><p>Bu uyarının aboneliğinden ayrılmak için burayı tıklayın: {UNSUB_LINK}</p><p>{WEB_LINK}</p>'),
(8,'zh_CN','{WEB_TITLE} - New listings','<p>Hi {USER_NAME},</p><p>A new listing has been published, check it out!</p><p>{ADS}</p><p>-------------</p><p>To unsubscribe from this alert, click on: {UNSUB_LINK}</p><p>{WEB_LINK}</p>'),
(9,'ar_SY','{WEB_TITLE} - تعليق جديد','<p>علق شخص ما على الأعلان <a href=\"{ITEM_URL}\">{ITEM_TITLE}</a>.</p><p>المعلق: {COMMENT_AUTHOR}<br />البريد الإلكتروني للمعلق: {COMMENT_EMAIL}<br />عنوان: {COMMENT_TITLE}<br />تعليق: {COMMENT_TEXT}</p>'),
(9,'de_DE','{WEB_TITLE} - Neuer Kommentar','<p>Someone commented on the listing <a href=\"{ITEM_URL}\">{ITEM_TITLE}</a>.</p><p>Commenter: {COMMENT_AUTHOR}<br />Commenter\'s email: {COMMENT_EMAIL}<br />Title: {COMMENT_TITLE}<br />Comment: {COMMENT_TEXT}</p>'),
(9,'en_US','{WEB_TITLE} - New comment','<p>Someone commented on the listing <a href=\"{ITEM_URL}\">{ITEM_TITLE}</a>.</p><p>Commenter: {COMMENT_AUTHOR}<br />Commenter\'s email: {COMMENT_EMAIL}<br />Title: {COMMENT_TITLE}<br />Comment: {COMMENT_TEXT}</p>'),
(9,'ru_RU','{WEB_TITLE} - Новые комментарии','<p>Кто-то прокомментировал объявление <a href=\"{ITEM_URL}\">{ITEM_TITLE}</a>.</p><p>Комментатор: {COMMENT_AUTHOR}<br />Email: {COMMENT_EMAIL}<br />Заголовок: {COMMENT_TITLE}<br />Комментарий: {COMMENT_TEXT}</p>'),
(9,'tr_TR','{WEB_TITLE} - Yeni yorum','<p>Someone commented on the listing <a href=\"{ITEM_URL}\">{ITEM_TITLE}</a>.</p><p>Commenter: {COMMENT_AUTHOR}<br />Commenter\'s email: {COMMENT_EMAIL}<br />Title: {COMMENT_TITLE}<br />Comment: {COMMENT_TEXT}</p>'),
(9,'zh_CN','{WEB_TITLE} - New comment','<p>Someone commented on the listing <a href=\"{ITEM_URL}\">{ITEM_TITLE}</a>.</p><p>Commenter: {COMMENT_AUTHOR}<br />Commenter\'s email: {COMMENT_EMAIL}<br />Title: {COMMENT_TITLE}<br />Comment: {COMMENT_TEXT}</p>'),
(10,'ar_SY','{WEB_TITLE} - تغيير اعدادات الاعلان {ITEM_TITLE}','<p>مرحبا {USER_NAME},</p><p>أنت غير مسجل في {WEB_LINK}, ولكن لا يزال بإمكانك تحرير الأعلان أو حذفها <a href=\"{ITEM_URL}\">{ITEM_TITLE}</a> لفترة قصيرة من الزمن.</p><p>يمكنك تحرير قائمتك باتباع هذا الرابط: {EDIT_LINK}</p><p>يمكنك حذف قائمتك باتباع هذا الرابط: {DELETE_LINK}</p><p>إذا قمت بالتسجيل كمستخدم ، فسيكون لديك حق الوصول الكامل إلى خيارات التحرير.</p><p>مع تحياتي،</p><p>{WEB_LINK}</p>'),
(10,'de_DE','{WEB_TITLE} - Optionen für das Angebot bearbeiten {ITEM_TITLE}','<p>Hi {USER_NAME},</p><p>You\'re not registered at {WEB_LINK}, but you can still edit or delete the listing <a href=\"{ITEM_URL}\">{ITEM_TITLE}</a> for a short period of time.</p><p>You can edit your listing by following this link: {EDIT_LINK}</p><p>You can delete your listing by following this link: {DELETE_LINK}</p><p>If you register as a user, you will have full access to editing options.</p><p>Regards,</p><p>{WEB_LINK}</p>'),
(10,'en_US','{WEB_TITLE} - Edit options for the listing {ITEM_TITLE}','<p>Hi {USER_NAME},</p><p>You\'re not registered at {WEB_LINK}, but you can still edit or delete the listing <a href=\"{ITEM_URL}\">{ITEM_TITLE}</a> for a short period of time.</p><p>You can edit your listing by following this link: {EDIT_LINK}</p><p>You can delete your listing by following this link: {DELETE_LINK}</p><p>If you register as a user, you will have full access to editing options.</p><p>Regards,</p><p>{WEB_LINK}</p>'),
(10,'ru_RU','{WEB_TITLE} - Изменить параметры объявления {ITEM_TITLE}','<p>Здравствуйте {USER_NAME},</p><p>Вы не зарегистрированы на сайте {WEB_LINK}, но вы по-прежнему можете редактировать или удалять объявление <a href=\"{ITEM_URL}\">{ITEM_TITLE}</a> в течение короткого периода времени.</p><p>Вы можете изменить объявление перейдя по ссылке: {EDIT_LINK}</p><p>Чтобы удалить объявление перейдите по ссылке: {DELETE_LINK}</p><p>Если вы зарегистрируетесь как пользователь, у вас будет полный доступ к редактированию объявления.</p><p>С уважением,</p><p>{WEB_LINK}</p>'),
(10,'tr_TR','{WEB_TITLE} - {ITEM_TITLE} başlıklı ilan için seçenekleri düzenleyin','<p>Hi {USER_NAME},</p><p>You\'re not registered at {WEB_LINK}, but you can still edit or delete the listing <a href=\"{ITEM_URL}\">{ITEM_TITLE}</a> for a short period of time.</p><p>You can edit your listing by following this link: {EDIT_LINK}</p><p>You can delete your listing by following this link: {DELETE_LINK}</p><p>If you register as a user, you will have full access to editing options.</p><p>Regards,</p><p>{WEB_LINK}</p>'),
(10,'zh_CN','{WEB_TITLE} - Edit options for the listing {ITEM_TITLE}','<p>Hi {USER_NAME},</p><p>You\'re not registered at {WEB_LINK}, but you can still edit or delete the listing <a href=\"{ITEM_URL}\">{ITEM_TITLE}</a> for a short period of time.</p><p>You can edit your listing by following this link: {EDIT_LINK}</p><p>You can delete your listing by following this link: {DELETE_LINK}</p><p>If you register as a user, you will have full access to editing options.</p><p>Regards,</p><p>{WEB_LINK}</p>'),
(11,'ar_SY','{WEB_TITLE} - اكد اعلانك','<p>مرحبا {USER_NAME},</p><p>أنت تتلقى هذا البريد الإلكتروني لأنه تم نشر أعلان في {WEB_LINK}. يرجى التحقق من صحة هذه الأعلان من خلال النقر على الرابط التالي: {VALIDATION_LINK}. إذا لم تنشر هذه الأعلان ، فيرجى تجاهل هذا البريد الإلكتروني.</p><p>تفاصيل أعلان:</p><p>اسم جهة الاتصال: {USER_NAME}<br />تواصل بالبريد الاكتروني: {USER_EMAIL}</p><p>{ITEM_DESCRIPTION}</p><p>عنوان Url: {ITEM_URL}</p><p>مع تحياتي،</p><p>{WEB_LINK}</p>'),
(11,'de_DE','{WEB_TITLE} - Bestätigen Sie Ihre Anzeige','<p>Hi {USER_NAME},</p><p>You\'re receiving this e-mail because a listing has been published at {WEB_LINK}. Please validate this listing by clicking on the following link: {VALIDATION_LINK}. If you didn\'t publish this listing, please ignore this email.</p><p>Listing details:</p><p>Contact name: {USER_NAME}<br />Contact e-mail: {USER_EMAIL}</p><p>{ITEM_DESCRIPTION}</p><p>Url: {ITEM_URL}</p><p>Regards,</p><p>{WEB_LINK}</p>'),
(11,'en_US','{WEB_TITLE} - Validate your listing','<p>Hi {USER_NAME},</p><p>You\'re receiving this e-mail because a listing has been published at {WEB_LINK}. Please validate this listing by clicking on the following link: {VALIDATION_LINK}. If you didn\'t publish this listing, please ignore this email.</p><p>Listing details:</p><p>Contact name: {USER_NAME}<br />Contact e-mail: {USER_EMAIL}</p><p>{ITEM_DESCRIPTION}</p><p>Url: {ITEM_URL}</p><p>Regards,</p><p>{WEB_LINK}</p>'),
(11,'ru_RU','{WEB_TITLE} - Подтвердите объявление','<p>Здравствуйте {USER_NAME},</p><p>Вы получили это письмо, потому что опубликовали объявление на сайте {WEB_LINK}. Пожалуйста подтвердите объявление щелкнув на ссылку: {VALIDATION_LINK}. Если вы не публиковали объявление, не обращайте внимания на данное письмо.</p><p>Сведения о объявлении:</p><p>Имя: {USER_NAME}<br />Контактный e-mail: {USER_EMAIL}</p><p>{ITEM_DESCRIPTION}</p><p>Url: {ITEM_URL}</p><p>С уважением,</p><p>{WEB_LINK}</p>'),
(11,'tr_TR','{WEB_TITLE} - İlanınızı doğrulayın','<p>Hi {USER_NAME},</p><p>You\'re receiving this e-mail because a listing has been published at {WEB_LINK}. Please validate this listing by clicking on the following link: {VALIDATION_LINK}. If you didn\'t publish this listing, please ignore this email.</p><p>Listing details:</p><p>Contact name: {USER_NAME}<br />Contact e-mail: {USER_EMAIL}</p><p>{ITEM_DESCRIPTION}</p><p>Url: {ITEM_URL}</p><p>Regards,</p><p>{WEB_LINK}</p>'),
(11,'zh_CN','{WEB_TITLE} - Validate your listing','<p>Hi {USER_NAME},</p><p>You\'re receiving this e-mail because a listing has been published at {WEB_LINK}. Please validate this listing by clicking on the following link: {VALIDATION_LINK}. If you didn\'t publish this listing, please ignore this email.</p><p>Listing details:</p><p>Contact name: {USER_NAME}<br />Contact e-mail: {USER_EMAIL}</p><p>{ITEM_DESCRIPTION}</p><p>Url: {ITEM_URL}</p><p>Regards,</p><p>{WEB_LINK}</p>'),
(12,'ar_SY','{WEB_TITLE} - اعلان جديد تم نشره','<p>العزيز {WEB_TITLE} admin,</p><p>أنت تتلقى هذا البريد الإلكتروني لأنه تم نشر أعلان في {WEB_LINK}.</p><p>تفاصيل أعلان:</p><p>اسم جهة الاتصال: {USER_NAME}<br />تواصل بالبريد الاكتروني: {USER_EMAIL}</p><p>{ITEM_DESCRIPTION}</p><p>عنوان Url: {ITEM_URL}</p><p>يمكنك تحرير هذه الأعلان بالضغط على الرابط التالي: {EDIT_LINK}</p><p>مع تحياتي،</p><p>{WEB_LINK}</p>'),
(12,'de_DE','{WEB_TITLE} - Eine neue Anzeige wurde veröffentlicht','<p>Dear {WEB_TITLE} admin,</p><p>You\'re receiving this email because a listing has been published at {WEB_LINK}.</p><p>Listing details:</p><p>Contact name: {USER_NAME}<br />Contact email: {USER_EMAIL}</p><p>{ITEM_DESCRIPTION}</p><p>Url: {ITEM_URL}</p><p>You can edit this listing by clicking on the following link: {EDIT_LINK}</p><p>Regards,</p><p>{WEB_LINK}</p>'),
(12,'en_US','{WEB_TITLE} - A new listing has been published','<p>Dear {WEB_TITLE} admin,</p><p>You\'re receiving this email because a listing has been published at {WEB_LINK}.</p><p>Listing details:</p><p>Contact name: {USER_NAME}<br />Contact email: {USER_EMAIL}</p><p>{ITEM_DESCRIPTION}</p><p>Url: {ITEM_URL}</p><p>You can edit this listing by clicking on the following link: {EDIT_LINK}</p><p>Regards,</p><p>{WEB_LINK}</p>'),
(12,'ru_RU','{WEB_TITLE} - Опубликовано новое объявление','<p>Уважаемый администратор сайта {WEB_TITLE},</p><p>Вы получили письмо, потому что опубликовано объявление на сайте {WEB_LINK}.</p><p>Описание объявления:</p><p>Имя: {USER_NAME}<br />Контактный email: {USER_EMAIL}</p><p>{ITEM_DESCRIPTION}</p><p>Url: {ITEM_URL}</p><p>Вы можете изменить объявление нажав на ссылку: {EDIT_LINK}</p><p>С уважением,</p><p>{WEB_LINK}</p>'),
(12,'tr_TR','{WEB_TITLE} - Yeni bir ilan yayınlandı','<p>Dear {WEB_TITLE} admin,</p><p>You\'re receiving this email because a listing has been published at {WEB_LINK}.</p><p>Listing details:</p><p>Contact name: {USER_NAME}<br />Contact email: {USER_EMAIL}</p><p>{ITEM_DESCRIPTION}</p><p>Url: {ITEM_URL}</p><p>You can edit this listing by clicking on the following link: {EDIT_LINK}</p><p>Regards,</p><p>{WEB_LINK}</p>'),
(12,'zh_CN','{WEB_TITLE} - A new listing has been published','<p>Dear {WEB_TITLE} admin,</p><p>You\'re receiving this email because a listing has been published at {WEB_LINK}.</p><p>Listing details:</p><p>Contact name: {USER_NAME}<br />Contact email: {USER_EMAIL}</p><p>{ITEM_DESCRIPTION}</p><p>Url: {ITEM_URL}</p><p>You can edit this listing by clicking on the following link: {EDIT_LINK}</p><p>Regards,</p><p>{WEB_LINK}</p>'),
(13,'ar_SY','{WEB_TITLE} - استرجع كلمة مرورك','<p>مرحبا {USER_NAME},</p><p>لقد أرسلنا إليك هذا البريد الإلكتروني لأنك طلبت تذكيرًا بكلمة المرور. اتبع هذا الرابط لاستعادته: {PASSWORD_LINK}</p><p>سيتم إلغاء تنشيط الرابط خلال 24 ساعة.</p><p>إذا لم تطلب تذكيرًا بكلمة المرور ، فيرجى تجاهل هذه الرسالة. تم تقديم هذا الطلب من IP {IP_ADDRESS} في {DATE_TIME}</p><p>مع تحياتي،</p><p>{WEB_LINK}</p>'),
(13,'de_DE','{WEB_TITLE} - Passwortwiederherstellung','<p>Hi {USER_NAME},</p><p>We\'ve sent you this e-mail because you\'ve requested a password reminder. Follow this link to recover it: {PASSWORD_LINK}</p><p>The link will be deactivated in 24 hours.</p><p>If you didn\'t request a password reminder, please ignore this message. This request was made from IP {IP_ADDRESS} on {DATE_TIME}</p><p>Regards,</p><p>{WEB_LINK}</p>'),
(13,'en_US','{WEB_TITLE} - Recover your password','<p>Hi {USER_NAME},</p><p>We\'ve sent you this e-mail because you\'ve requested a password reminder. Follow this link to recover it: {PASSWORD_LINK}</p><p>The link will be deactivated in 24 hours.</p><p>If you didn\'t request a password reminder, please ignore this message. This request was made from IP {IP_ADDRESS} on {DATE_TIME}</p><p>Regards,</p><p>{WEB_LINK}</p>'),
(13,'ru_RU','{WEB_TITLE} - Восстановление пароля','<p>Здравствуйте {USER_NAME},</p><p>Мы отправили вам это письмо, потому что вы запросили напоминание пароля. Перейдите по ссылке, чтобы восстановить пароль: {PASSWORD_LINK}</p><p>Через 24 часа ссылка будет деактивирована.</p><p>Если вы не запрашивали напоминание о пароле, проигнорируйте это сообщение. Запрос сделан с IP {IP_ADDRESS} в {DATE_TIME}</p><p>С уважением,</p><p>{WEB_LINK}</p>'),
(13,'tr_TR','{WEB_TITLE} - Şifrenizi geri edinin','<p>Hi {USER_NAME},</p><p>We\'ve sent you this e-mail because you\'ve requested a password reminder. Follow this link to recover it: {PASSWORD_LINK}</p><p>The link will be deactivated in 24 hours.</p><p>If you didn\'t request a password reminder, please ignore this message. This request was made from IP {IP_ADDRESS} on {DATE_TIME}</p><p>Regards,</p><p>{WEB_LINK}</p>'),
(13,'zh_CN','{WEB_TITLE} - Recover your password','<p>Hi {USER_NAME},</p><p>We\'ve sent you this e-mail because you\'ve requested a password reminder. Follow this link to recover it: {PASSWORD_LINK}</p><p>The link will be deactivated in 24 hours.</p><p>If you didn\'t request a password reminder, please ignore this message. This request was made from IP {IP_ADDRESS} on {DATE_TIME}</p><p>Regards,</p><p>{WEB_LINK}</p>'),
(14,'ar_SY','{WEB_TITLE} - انت طلبت تغيير البريد الالكترونى','<p>مرحبا {USER_NAME}</p><p>أنت تتلقى هذا البريد الإلكتروني لأنك طلبت تغيير البريد الإلكتروني. يرجى تأكيد عنوان البريد الإلكتروني الجديد هذا عن طريق النقر فوق ارتباط التحقق التالي: {VALIDATION_LINK}</p><p>مع تحياتي،</p><p>{WEB_LINK}</p>'),
(14,'de_DE','{WEB_TITLE} - Sie haben die Änderung Ihrer E-Mailadresse beantragt','<p>Hi {USER_NAME}</p><p>You\'re receiving this e-mail because you requested an e-mail change. Please confirm this new e-mail address by clicking on the following validation link: {VALIDATION_LINK}</p><p>Regards,</p><p>{WEB_LINK}</p>'),
(14,'en_US','{WEB_TITLE} - You requested an email change','<p>Hi {USER_NAME}</p><p>You\'re receiving this e-mail because you requested an e-mail change. Please confirm this new e-mail address by clicking on the following validation link: {VALIDATION_LINK}</p><p>Regards,</p><p>{WEB_LINK}</p>'),
(14,'ru_RU','{WEB_TITLE} - Вы запросили смену email','<p>Здравствуйте {USER_NAME}</p><p>Вы получили это письмо, потому что запросили изменение e-mail. Подтвердите новый e-mail, нажав на ссылку: {VALIDATION_LINK}</p><p>С уважением,</p><p>{WEB_LINK}</p>'),
(14,'tr_TR','{WEB_TITLE} - E-postanızın değiştirilmesini talep ettiniz','<p>Hi {USER_NAME}</p><p>You\'re receiving this e-mail because you requested an e-mail change. Please confirm this new e-mail address by clicking on the following validation link: {VALIDATION_LINK}</p><p>Regards,</p><p>{WEB_LINK}</p>'),
(14,'zh_CN','{WEB_TITLE} - You requested an email change','<p>Hi {USER_NAME}</p><p>You\'re receiving this e-mail because you requested an e-mail change. Please confirm this new e-mail address by clicking on the following validation link: {VALIDATION_LINK}</p><p>Regards,</p><p>{WEB_LINK}</p>'),
(15,'ar_SY','{WEB_TITLE} - من فضلك اكد تنبيهك','برجاء التحقق من صحة تسجيل التنبيه الخاص بكم عن طريق الضغط على الرابط التالى'),
(15,'de_DE','{WEB_TITLE} - Bitte bestätigen Sie Ihr Abonnement zu einer Benachrichtigung','<p>Hallo {USER_NAME},</p><p>Bitte bestätigen Sie das Abonnement für Ihre Benachrichtigung indem Sie auf folgenden Link klicken: {VALIDATION_LINK}</p><p>Vielen Dank!</p><p>Beste Grüße,</p><p>{WEB_LINK}</p>'),
(15,'en_US','{WEB_TITLE} - Please validate your alert','<p>Hi {USER_NAME},</p><p>Please validate your alert registration by clicking on the following link: {VALIDATION_LINK}</p><p>Thank you!</p><p>Regards,</p><p>{WEB_LINK}</p>'),
(15,'ru_RU','{WEB_TITLE} - Подтвердите оповещение','<p>Здравствуйте {USER_NAME},</p><p>Подтвердите регистрацию оповещений, щелкнув на ссылку: {VALIDATION_LINK}</p><p>Спасибо вам!</p><p>С уважением,</p><p>{WEB_LINK}</p>'),
(15,'tr_TR','{WEB_TITLE} - Lüten uyarıyı doğrulayın','<p>Merhaba {USER_NAME},</p><p>Aşağıdaki linke tıklayarak uyarıya kaydınızı doğrulayın: {VALIDATION_LINK}</p><p>Teşekkürler!</p><p>Saygılar,</p><p>{WEB_LINK}</p>'),
(15,'zh_CN','{WEB_TITLE} - Please validate your alert','<p>Hi {USER_NAME},</p><p>Please validate your alert registration by clicking on the following link: {VALIDATION_LINK}</p><p>Thank you!</p><p>Regards,</p><p>{WEB_LINK}</p>'),
(16,'ar_SY','{WEB_TITLE} - تعليقك تم قبوله','<p>مرحبا {COMMENT_AUTHOR},</p><p>تعليقك علي <a href=\"{ITEM_URL}\">{ITEM_TITLE}</a> تم قبوله.</p><p>تحياتنا,</p><p>{WEB_LINK}</p>'),
(16,'de_DE','{WEB_TITLE} - Ihr Kommentar wurde freigegeben','<p>Hallo {COMMENT_AUTHOR},</p><p>Ihr Kommentar zu <a href=\"{ITEM_URL}\">{ITEM_TITLE}</a> wurde freigegeben.</p><p>Beste Grüße,</p><p>{WEB_LINK}</p>'),
(16,'en_US','{WEB_TITLE} - Your comment has been approved','<p>Hi {COMMENT_AUTHOR},</p><p>Your comment on <a href=\"{ITEM_URL}\">{ITEM_TITLE}</a> has been approved.</p><p>Regards,</p><p>{WEB_LINK}</p>'),
(16,'ru_RU','{WEB_TITLE} - Ваш комментарий одобрен','<p>Здравствуйте {COMMENT_AUTHOR},</p><p>Ваш комментарий к <a href=\"{ITEM_URL}\">{ITEM_TITLE}</a> успешно одобрен.</p><p>С уважением,</p><p>{WEB_LINK}</p>'),
(16,'tr_TR','{WEB_TITLE} - Yorumunuz onaylandı','<p>Merhaba {COMMENT_AUTHOR},</p><p><a href=\"{ITEM_URL}\">{ITEM_TITLE}</a> başlıklı ilana yorumunuz onaylandı.</p><p>Saygılar,</p><p>{WEB_LINK}</p>'),
(16,'zh_CN','{WEB_TITLE} - Your comment has been approved','<p>Hi {COMMENT_AUTHOR},</p><p>Your comment on <a href=\"{ITEM_URL}\">{ITEM_TITLE}</a> has been approved.</p><p>Regards,</p><p>{WEB_LINK}</p>'),
(17,'ar_SY','{WEB_TITLE} - اكد اعلانك','<p>مرحبا {USER_NAME},</p><p>أنت تتلقى هذا البريد الإلكتروني لأنك نشرت أعلان على {WEB_LINK}. يرجى التحقق من صحة هذه الأعلان من خلال النقر على الرابط التالي: {VALIDATION_LINK}. إذا لم تنشر هذه الأعلان ، فيرجى تجاهل هذا البريد الإلكتروني.</p><p>تفاصيل أعلان:</p><p>اسم جهة الاتصال:{USER_NAME}<br />تواصل بالبريد الاكتروني: {USER_EMAIL}</p><p>{ITEM_DESCRIPTION}</p><p>عنوان Url: {ITEM_URL}</p><p>حتى لو لم تكن مسجلاً في {WEB_LINK}, لا يزال بإمكانك تعديل أو حذف قائمتك:</p><p>يمكنك تحرير قائمتك باتباع هذا الرابط: {EDIT_LINK}</p><p>يمكنك حذف قائمتك باتباع هذا الرابط: {DELETE_LINK}</p><p>مع تحياتي،</p><p>{WEB_LINK}</p>'),
(17,'de_DE','{WEB_TITLE} - Bestätigen Sie Ihre Anzeige','<p>Hi {USER_NAME},</p><p>You\'re receiving this e-mail because you’ve published a listing at {WEB_LINK}. Please validate this listing by clicking on the following link: {VALIDATION_LINK}. If you didn\'t publish this listing, please ignore this e-mail.</p><p>Listing details:</p><p>Contact name: {USER_NAME}<br />Contact e-mail: {USER_EMAIL}</p><p>{ITEM_DESCRIPTION}</p><p>Url: {ITEM_URL}</p><p>Even if you\'re not registered at {WEB_LINK}, you can still edit or delete your listing:</p><p>You can edit your listing by following this link: {EDIT_LINK}</p><p>You can delete your listing by following this link: {DELETE_LINK}</p><p>Regards,</p><p>{WEB_LINK}</p>'),
(17,'en_US','{WEB_TITLE} - Validate your listing','<p>Hi {USER_NAME},</p><p>You\'re receiving this e-mail because you’ve published a listing at {WEB_LINK}. Please validate this listing by clicking on the following link: {VALIDATION_LINK}. If you didn\'t publish this listing, please ignore this e-mail.</p><p>Listing details:</p><p>Contact name: {USER_NAME}<br />Contact e-mail: {USER_EMAIL}</p><p>{ITEM_DESCRIPTION}</p><p>Url: {ITEM_URL}</p><p>Even if you\'re not registered at {WEB_LINK}, you can still edit or delete your listing:</p><p>You can edit your listing by following this link: {EDIT_LINK}</p><p>You can delete your listing by following this link: {DELETE_LINK}</p><p>Regards,</p><p>{WEB_LINK}</p>'),
(17,'ru_RU','{WEB_TITLE} - Подтвердите объявление','<p>Здравствуйте {USER_NAME},</p><p>Вы получили это письмо, потому что опубликовали объявление по адресу {WEB_LINK}. Проверьте объявление, перейдя по ссылке: {VALIDATION_LINK}. Если вы не опубликовали объявление, проигнорируйте это сообщение.</p><p>Описание объявления:</p><p>Имя: {USER_NAME}<br />Контактный e-mail: {USER_EMAIL}</p><p>{ITEM_DESCRIPTION}</p><p>Url: {ITEM_URL}</p><p>Даже если вы не зарегистрированы на сайте {WEB_LINK}, вы по-прежнему можете изменить или удалить объявление:</p><p>Вы можете изменить объявление перейдя по ссылке: {EDIT_LINK}</p><p>Чтобы удалить объявление перейдите по ссылке: {DELETE_LINK}</p><p>С уважением,</p><p>{WEB_LINK}</p>'),
(17,'tr_TR','{WEB_TITLE} - İlanınızı doğrulayın','<p>Hi {USER_NAME},</p><p>You\'re receiving this e-mail because you’ve published a listing at {WEB_LINK}. Please validate this listing by clicking on the following link: {VALIDATION_LINK}. If you didn\'t publish this listing, please ignore this e-mail.</p><p>Listing details:</p><p>Contact name: {USER_NAME}<br />Contact e-mail: {USER_EMAIL}</p><p>{ITEM_DESCRIPTION}</p><p>Url: {ITEM_URL}</p><p>Even if you\'re not registered at {WEB_LINK}, you can still edit or delete your listing:</p><p>You can edit your listing by following this link: {EDIT_LINK}</p><p>You can delete your listing by following this link: {DELETE_LINK}</p><p>Regards,</p><p>{WEB_LINK}</p>'),
(17,'zh_CN','{WEB_TITLE} - Validate your listing','<p>Hi {USER_NAME},</p><p>You\'re receiving this e-mail because you’ve published a listing at {WEB_LINK}. Please validate this listing by clicking on the following link: {VALIDATION_LINK}. If you didn\'t publish this listing, please ignore this e-mail.</p><p>Listing details:</p><p>Contact name: {USER_NAME}<br />Contact e-mail: {USER_EMAIL}</p><p>{ITEM_DESCRIPTION}</p><p>Url: {ITEM_URL}</p><p>Even if you\'re not registered at {WEB_LINK}, you can still edit or delete your listing:</p><p>You can edit your listing by following this link: {EDIT_LINK}</p><p>You can delete your listing by following this link: {DELETE_LINK}</p><p>Regards,</p><p>{WEB_LINK}</p>'),
(18,'ar_SY','{WEB_TITLE} - مستخدم جديد قام بالتسجيل','<p>العزيز {WEB_TITLE} admin,</p><p>أنت تتلقى هذا البريد الإلكتروني لأنه تم إنشاء مستخدم جديد في {WEB_LINK}.</p><p>بيانات المستخدم:</p><p>الأسم: {USER_NAME}<br />البريد الإلكتروني: {USER_EMAIL}</p><p>مع تحياتي،</p><p>{WEB_LINK}</p>'),
(18,'de_DE','{WEB_TITLE} - Ein neuer Benutzer hat sich angemeldet','<p>Dear {WEB_TITLE} admin,</p><p>You\'re receiving this email because a new user has been created at {WEB_LINK}.</p><p>User details:</p><p>Name: {USER_NAME}<br />E-mail: {USER_EMAIL}</p><p>Regards,</p><p>{WEB_LINK}</p>'),
(18,'en_US','{WEB_TITLE} - A new user has registered','<p>Dear {WEB_TITLE} admin,</p><p>You\'re receiving this email because a new user has been created at {WEB_LINK}.</p><p>User details:</p><p>Name: {USER_NAME}<br />E-mail: {USER_EMAIL}</p><p>Regards,</p><p>{WEB_LINK}</p>'),
(18,'ru_RU','{WEB_TITLE} - Зарегистрирован новый пользователь','<p>Уважаемый администратор сайта {WEB_TITLE},</p><p>Вы получили данное сообщение, потому что зарегистрировался новый пользователь на сайте {WEB_LINK}.</p><p>Описание пользователя:</p><p>Имя: {USER_NAME}<br />E-mail: {USER_EMAIL}</p><p>С уважением,</p><p>{WEB_LINK}</p>'),
(18,'tr_TR','{WEB_TITLE} - Yeni bir kullanıcı kayıt oldu','<p>Dear {WEB_TITLE} admin,</p><p>You\'re receiving this email because a new user has been created at {WEB_LINK}.</p><p>User details:</p><p>Name: {USER_NAME}<br />E-mail: {USER_EMAIL}</p><p>Regards,</p><p>{WEB_LINK}</p>'),
(18,'zh_CN','{WEB_TITLE} - A new user has registered','<p>Dear {WEB_TITLE} admin,</p><p>You\'re receiving this email because a new user has been created at {WEB_LINK}.</p><p>User details:</p><p>Name: {USER_NAME}<br />E-mail: {USER_EMAIL}</p><p>Regards,</p><p>{WEB_LINK}</p>'),
(19,'ar_SY','{WEB_TITLE} - شخصا ما لديه سؤال لك','<p>مرحبا {CONTACT_NAME}!</p><p>{USER_NAME} ({USER_EMAIL}, {USER_PHONE}) ترك لك رسالة:</p><p>{COMMENT}</p><p>تحياتنا,</p><p>{WEB_LINK}</p>'),
(19,'de_DE','{WEB_TITLE} - Jemand hat eine Frage an Sie','<p>Hallo {CONTACT_NAME}!</p><p>{USER_NAME} ({USER_EMAIL}, {USER_PHONE}) hat Ihnen eine Nachricht hinterlassen:</p><p>{COMMENT}</p><p>Beste Grüße,</p><p>{WEB_LINK}</p>'),
(19,'en_US','{WEB_TITLE} - Someone has a question for you','<p>Hi {CONTACT_NAME}!</p><p>{USER_NAME} ({USER_EMAIL}, {USER_PHONE}) left you a message:</p><p>{COMMENT}</p><p>Regards,</p><p>{WEB_LINK}</p>'),
(19,'ru_RU','{WEB_TITLE} - У кого-то возник вопрос к вам','<p>Здравствуйте {CONTACT_NAME}!</p><p>{USER_NAME} ({USER_EMAIL}, {USER_PHONE}) оставил вам сообщение:</p><p>{COMMENT}</p><p>С уважением,</p><p>{WEB_LINK}</p>'),
(19,'tr_TR','{WEB_TITLE} - Size bir soru iletildi','<p>Merhaba {CONTACT_NAME}!</p><p>{USER_NAME} ({USER_EMAIL}, {USER_PHONE}) bir mesaj gönderdi:</p><p>{COMMENT}</p><p>Saygılar,</p><p>{WEB_LINK}</p>'),
(19,'zh_CN','{WEB_TITLE} - Someone has a question for you','<p>Hi {CONTACT_NAME}!</p><p>{USER_NAME} ({USER_EMAIL}, {USER_PHONE}) left you a message:</p><p>{COMMENT}</p><p>Regards,</p><p>{WEB_LINK}</p>'),
(20,'ar_SY','{WEB_TITLE} - شخصا ما علق علي اعلانك','<p>يوجد تعليق جديد على الأعلان: <a href=\"{ITEM_URL}\">{ITEM_TITLE}</a>.</p><p>مؤلف: {COMMENT_AUTHOR}<br />البريد الإلكتروني للمؤلف: {COMMENT_EMAIL}<br />عنوان: {COMMENT_TITLE}<br />تعليق: {COMMENT_TEXT}</p><p>{WEB_LINK}</p>'),
(20,'de_DE','{WEB_TITLE} - Jemand hat einen Kommentar zu Ihrem Angebot hinterlassen','<p>There\'s a new comment on the listing: <a href=\"{ITEM_URL}\">{ITEM_TITLE}</a>.</p><p>Author: {COMMENT_AUTHOR}<br />Author\'s email: {COMMENT_EMAIL}<br />Title: {COMMENT_TITLE}<br />Comment: {COMMENT_TEXT}</p><p>{WEB_LINK}</p>'),
(20,'en_US','{WEB_TITLE} - Someone has commented on your listing','<p>There\'s a new comment on the listing: <a href=\"{ITEM_URL}\">{ITEM_TITLE}</a>.</p><p>Author: {COMMENT_AUTHOR}<br />Author\'s email: {COMMENT_EMAIL}<br />Title: {COMMENT_TITLE}<br />Comment: {COMMENT_TEXT}</p><p>{WEB_LINK}</p>'),
(20,'ru_RU','{WEB_TITLE} - Кто-то прокомментировал ваше объявление','<p>Новый комментарий к объявлению: <a href=\"{ITEM_URL}\">{ITEM_TITLE}</a>.</p><p>Автор: {COMMENT_AUTHOR}<br />Email: {COMMENT_EMAIL}<br />Заголовок: {COMMENT_TITLE}<br />Текст комментария: {COMMENT_TEXT}</p><p>{WEB_LINK}</p>'),
(20,'tr_TR','{WEB_TITLE} - İlanınıza ait bir yorum var','<p>There\'s a new comment on the listing: <a href=\"{ITEM_URL}\">{ITEM_TITLE}</a>.</p><p>Author: {COMMENT_AUTHOR}<br />Author\'s email: {COMMENT_EMAIL}<br />Title: {COMMENT_TITLE}<br />Comment: {COMMENT_TEXT}</p><p>{WEB_LINK}</p>'),
(20,'zh_CN','{WEB_TITLE} - Someone has commented on your listing','<p>There\'s a new comment on the listing: <a href=\"{ITEM_URL}\">{ITEM_TITLE}</a>.</p><p>Author: {COMMENT_AUTHOR}<br />Author\'s email: {COMMENT_EMAIL}<br />Title: {COMMENT_TITLE}<br />Comment: {COMMENT_TEXT}</p><p>{WEB_LINK}</p>'),
(21,'ar_SY','{WEB_TITLE} - تم انشاء حساب مدير بنجاح!','<p>مرحبا {ADMIN_NAME},</p><p>مدير  {WEB_LINK} انشأ حساب لك,</p><ul><li>اسم المرور: {USERNAME}</li><li>كلمة المرور: {PASSWORD}</li></ul><p>يمكنك الوصول للوحة الادارة من هنا {WEB_ADMIN_LINK}.</p><p>شكرا لك!</p><p>مع التحية,</p>'),
(21,'de_DE','{WEB_TITLE} - Admin-Konto erfolgreich erstellt!','<p>Sehr geehrte/r Herr/Frau {ADMIN_NAME},</p><p>Der Administrator von {WEB_LINK} hat ein Benutzerkonto für Sie angelegt:</p><ul><li>Benutzername: {USERNAME}</li><li>Passwort: {PASSWORD}</li></ul><p>Sie können das Admin-Panel hier aufrufen: {WEB_ADMIN_LINK}.</p><p>Vielen Dank!!</p><p>Mit freundlichen Grüßen,</p>'),
(21,'en_US','{WEB_TITLE} - Success creating admin account!','<p>Hi {ADMIN_NAME},</p><p>The admin of {WEB_LINK} has created an account for you,</p><ul><li>Username: {USERNAME}</li><li>Password: {PASSWORD}</li></ul><p>You can access the admin panel here {WEB_ADMIN_LINK}.</p><p>Thank you!</p><p>Regards,</p>'),
(21,'ru_RU','{WEB_TITLE} - Успешное создание учетной записи администратора!','<p>Здравствуйте {ADMIN_NAME},</p><p>Администратор сайта {WEB_LINK} создал для вас учетную запись,</p><ul><li>имя пользователя: {USERNAME}</li><li>Пароль: {PASSWORD}</li></ul><p>Вы можете получить доступ к панели управления здесь{WEB_ADMIN_LINK}.</p><p>Спасибо вам!</p><p>С уважением,</p>'),
(21,'tr_TR','{WEB_TITLE} - Yönetici hesabı başarıyla oluşturuldu!','<p>Merhaba {ADMIN_NAME},</p><p>{WEB_LINK} sitesinin yöneticisi sizin için bir ehsap oluşturdu,</p><ul><li>Kullanıcı adınız: {USERNAME}</li><li>Şifreniz: {PASSWORD}</li></ul><p>Yönetici paneline buradan erişebilirsiniz: {WEB_ADMIN_LINK}.</p><p>Teşekkür ederiz!</p><p>Saygılar,</p>'),
(22,'ar_SY','{WEB_TITLE} - اعلانك علي وشك الانتهاء','<p>مرحبا {USER_NAME},</p><p>اعلانك <a href=\"{ITEM_URL}\">{ITEM_TITLE}</a> علي وشك الانتهاء في  {WEB_LINK}.'),
(22,'de_DE','{WEB_TITLE} - Ihre Anzeige läuft demnächst ab','<p>Hallo {USER_NAME},</p><p>Ihre Anzeige <a href=\"{ITEM_URL}\">{ITEM_TITLE}</a> is dabei bald abzulaufen: {WEB_LINK}.'),
(22,'en_US','{WEB_TITLE} - Your ad is about to expire','<p>Hi {USER_NAME},</p><p>Your listing <a href=\"{ITEM_URL}\">{ITEM_TITLE}</a> is about to expire at {WEB_LINK}.'),
(22,'ru_RU','{WEB_TITLE} - Срок действия вашего объявления истекает','<p>Здравствуйте {USER_NAME},</p><p>Ваше объявление <a href=\"{ITEM_URL}\">{ITEM_TITLE}</a> истекает {WEB_LINK}.'),
(22,'tr_TR','{WEB_TITLE} - İlanınınız yayınlanma süresi dolmak üzere','<p>Merhaba {USER_NAME},</p><p><a href=\"{ITEM_URL}\">{ITEM_TITLE}</a> başlıklı ilanınızın yayınlanma süresi  {WEB_LINK} sitesinde.dolmak üzere.'),
(23,'en_US','Example page title','This is an example page description. This is a good place to put your Terms of Service or any other help information.'),
(24,'en_US','[{WEB_TITLE}] New message: {ITEM_TITLE}','<p>Hi {TO_NAME},</p><p>{FROM_NAME} has sent you new message on your product {ITEM_LINK} and is listed below:<hr></p><p><strong>{THREAD_TITLE}</strong></p><p>{MESSAGE}</p><p><hr></p><p><br/></p><p>You can directly answer <a target=\"_blank\" href=\"{THREAD_LINK}\">clicking here</a>.<p>Remember, older conversations can always be viewed under \"Messages\" in your user account.</p><p></p><p>Thank you, <br />{WEB_TITLE}</p>'),
(27,'en_US','[{WEB_TITLE}] Your chat transcript','<p>Hi {CONTACT_NAME},</p><p>There is transcript of your chat:</p><p>{CHAT}</p><p><br/></p><p>Thank you, <br />{WEB_TITLE}</p>'),
(28,'en_US','{WEB_TITLE} - New bank transfer initiated','<p>Hi {CONTACT_NAME}!</p><p>You have just submitted new bank transfer payment with following details:</p><p><br/></p><p>Transaction ID: {TRANSACTION_ID}</p><p>Variable symbol: {VARIABLE_SYMBOL}</p><p>Amount: {PRICE}</p><p>Account to pay: {ACCOUNT}</p><p><br/></p><p>Please transfer funds to our account {ACCOUNT} as soon as possible to speed up process. Once funds are on our account, we complete your payment. Note that bank transfer can take up to 3 business days.</p><p><br/></p><p>Thank you, <br />{WEB_TITLE}</p>'),
(29,'en_US','{WEB_TITLE} - Promote your ad: {ITEM_TITLE}','<p>Hi {CONTACT_NAME}!</p><p>We just published your item {ITEM_URL} on {WEB_TITLE}, you may want to promote it and make it more attractive!</p><p><br/></p><p>{START_PUBLISH}</p><p><strong>Publish fee</strong> - In order to make your ad available to anyone on {WEB_TITLE}, you should complete the process and pay the publish fee.</p><p>{END_PUBLISH}</p><p>{START_IMAGE}</p><p><strong>Image fee</strong> - In order to show images on your listing, you need to pay the image fee.</p><p>{END_IMAGE}</p><p>{START_PREMIUM}</p><p><strong>Make premium</strong> - Make your ad premium and make it to appear on top result of the searches made on {WEB_TITLE}.</p><p>{END_PREMIUM}</p><p>{START_HIGHLIGHT}</p><p><strong>Highlight</strong> - Highlight your ad and make it more attractive.</p><p>{END_HIGHLIGHT}</p><p>{START_MOVETOTOP}</p><p><strong>Move to top</strong> - Move your listing to top and make it to show in top of search results.</p><p>{END_MOVETOTOP}</p><p>{START_REPUBLISH}</p><p><strong>Republish</strong> - Automatically republish/renew your listing in selected periods multiple times.</p><p>{END_REPUBLISH}</p><p><br/></p><p>You can promote your listing in {ACCOUNT_LINK} or on following link: <br />{PROMOTE_LINK}</p><p><br/></p><p>This is an automatic email, if you already did that, please ignore this email.</p><p>Thank you, <br />{WEB_TITLE}</p>'),
(30,'en_US','{WEB_TITLE} - Some promotions has expired on your ad: {ITEM_TITLE}','<p>Hi {CONTACT_NAME}!</p><p>Some promotions on {ITEM_URL} has expired!</p><p><br/></p><p>{START_PREMIUM}</p><p><strong>Premium</strong> - listing is no more premium as paid period has expired.</p><p>{END_PREMIUM}</p><p>{START_HIGHLIGHT}</p><p><strong>Highlight</strong> - listing is no more highlighted as paid period has expired.</p><p>{END_HIGHLIGHT}</p><p>{START_REPUBLISH}</p><p><strong>Republish</strong> - listing has been republished for last time and will not be republished anymore, as paid repeats has been used.</p><p>{END_REPUBLISH}</p><p><br/></p><p>You can promote your listing in {ACCOUNT_LINK} or on following link: <br />{PROMOTE_LINK}</p><p><br/></p><p>This is an automatic email, if you already did that, please ignore this email.</p><p>Thank you, <br />{WEB_TITLE}</p>'),
(31,'en_US','{WEB_TITLE} - Some promotions has expired on your ad: {ITEM_TITLE}','<p>Hi {CONTACT_NAME}!</p><p>Let us inform you, that your membership on {WEB_TITLE} in group {GROUP} has expired!</p><p>You will have no more access to premium content and special discount provided by membership.</p><p>If you would like to continue in membership, you can extend it in {ACCOUNT_LINK} on our site.</p><p><br/></p><p>This is an automatic email, if you already did that, please ignore this email.</p><p>Thank you, <br />{WEB_TITLE}</p>'),
(32,'en_US','{WEB_TITLE} - You got bonus credits','<p>Hi {CONTACT_NAME}!</p><p>Let us inform you, we have just sent you {CREDIT} as a bonus!</p>{GROUP_BONUS}<p>You can use credits to promote your listings or to extend membership.</p><p>To use credits, login to {ACCOUNT_LINK}.</p><p><br/></p><p>This is an automatic email, if you already did that, please ignore this email.</p><p>Thank you, <br />{WEB_TITLE}</p>'),
(33,'en_US','{WEB_TITLE} - Banner review','<p>Hi!</p><p>We just reviewed your banner {BANNER_NAME} and it was {STATUS}.</p><p>Comment: {COMMENT}</p><p><br/></p><p>{START_APPROVED}</p><p>In order to show banner on our site it is required to pay it\'s budget. Please click on following link to initiate payment: <br/>{PAYMENT_LINK}</p><p>{END_APPROVED}</p><p>{START_REJECTED}</p><p>If you are still interested in advertising on our site, please follow the reviewer comment, check our terms and conditions and submit banner again.</p><p>{END_REJECTED}</p><p><br/></p><p>Thank you, <br />{WEB_TITLE}</p>'),
(34,'en_US','{WEB_TITLE} - Order #{ORDER_ID}','<p>Hi {CONTACT_NAME}!</p><p>{START_NEW}</p><p>We have successfully received your order. Our team will do the best to deliver it as soon as possible.</p><p><br/></p><p>{END_NEW}</p><p>{START_PROCESSING}</p><p>Status of your order is <strong>PROCESSING</strong>. We are preparing your order to be shipped.</p><p>{END_PROCESSING}</p><p>{START_SHIPPED}</p><p>Status of your order is <strong>SHIPPED</strong>. Currier will contact you shortly to deliver order to your adress.</p><p>{END_SHIPPED}</p><p>{START_COMPLETED}</p><p>Status of your order is <strong>COMPLETED</strong>. Order has been delivered to you and is now closed.</p><p>{END_COMPLETED}</p><p>{START_CANCELLED}</p><p>Your order has been <strong>CANCELLED</strong>. All funds associated with this order will be send back to your account. We are looking forward for your next order.</p><p>{END_CANCELLED}</p><p>Comment: {COMMENT}</p><p><br/></p><p>Order content:</p><p>{ORDER_CONTENT}</p><p><br/></p><p>If you would like to see your order details, you can check it in {ORDER_LINK} on our site.</p><p><br/></p><p>Thank you, <br />{WEB_TITLE}</p>'),
(35,'en_US','{WEB_TITLE} - New bank transfer initiated','<p>Hi {CONTACT_NAME}!</p><p>You have just submitted new bank transfer payment with following details:</p><p><br/></p><p>Transaction ID: {TRANSACTION_ID}</p><p>Variable symbol: {VARIABLE_SYMBOL}</p><p>Amount: {PRICE}</p><p>Account to pay: {ACCOUNT}</p><p><br/></p><p>Please transfer funds to our account {ACCOUNT} as soon as possible to speed up process. Once funds are on our account, we complete your payment. Note that bank transfer can take up to 3 business days.</p><p><br/></p><p>Thank you, <br />{WEB_TITLE}</p>'),
(36,'en_US','{WEB_TITLE} - Promote your ad: {ITEM_TITLE}','<p>Hi {CONTACT_NAME}!</p><p>We just published your item {ITEM_URL} on {WEB_TITLE}, you may want to promote it and make it more attractive!</p><p><br/></p><p>{START_PUBLISH}</p><p><strong>Publish fee</strong> - In order to make your ad available to anyone on {WEB_TITLE}, you should complete the process and pay the publish fee.</p><p>{END_PUBLISH}</p><p>{START_IMAGE}</p><p><strong>Image fee</strong> - In order to show images on your listing, you need to pay the image fee.</p><p>{END_IMAGE}</p><p>{START_PREMIUM}</p><p><strong>Make premium</strong> - Make your ad premium and make it to appear on top result of the searches made on {WEB_TITLE}.</p><p>{END_PREMIUM}</p><p>{START_HIGHLIGHT}</p><p><strong>Highlight</strong> - Highlight your ad and make it more attractive.</p><p>{END_HIGHLIGHT}</p><p>{START_MOVETOTOP}</p><p><strong>Move to top</strong> - Move your listing to top and make it to show in top of search results.</p><p>{END_MOVETOTOP}</p><p>{START_REPUBLISH}</p><p><strong>Republish</strong> - Automatically republish/renew your listing in selected periods multiple times.</p><p>{END_REPUBLISH}</p><p><br/></p><p>You can promote your listing in {ACCOUNT_LINK} or on following link: <br />{PROMOTE_LINK}</p><p><br/></p><p>This is an automatic email, if you already did that, please ignore this email.</p><p>Thank you, <br />{WEB_TITLE}</p>'),
(37,'en_US','{WEB_TITLE} - Some promotions has expired on your ad: {ITEM_TITLE}','<p>Hi {CONTACT_NAME}!</p><p>Some promotions on {ITEM_URL} has expired!</p><p><br/></p><p>{START_PREMIUM}</p><p><strong>Premium</strong> - listing is no more premium as paid period has expired.</p><p>{END_PREMIUM}</p><p>{START_HIGHLIGHT}</p><p><strong>Highlight</strong> - listing is no more highlighted as paid period has expired.</p><p>{END_HIGHLIGHT}</p><p>{START_REPUBLISH}</p><p><strong>Republish</strong> - listing has been republished for last time and will not be republished anymore, as paid repeats has been used.</p><p>{END_REPUBLISH}</p><p><br/></p><p>You can promote your listing in {ACCOUNT_LINK} or on following link: <br />{PROMOTE_LINK}</p><p><br/></p><p>This is an automatic email, if you already did that, please ignore this email.</p><p>Thank you, <br />{WEB_TITLE}</p>'),
(38,'en_US','{WEB_TITLE} - Some promotions has expired on your ad: {ITEM_TITLE}','<p>Hi {CONTACT_NAME}!</p><p>Let us inform you, that your membership on {WEB_TITLE} in group {GROUP} has expired!</p><p>You will have no more access to premium content and special discount provided by membership.</p><p>If you would like to continue in membership, you can extend it in {ACCOUNT_LINK} on our site.</p><p><br/></p><p>This is an automatic email, if you already did that, please ignore this email.</p><p>Thank you, <br />{WEB_TITLE}</p>'),
(39,'en_US','{WEB_TITLE} - You got bonus credits','<p>Hi {CONTACT_NAME}!</p><p>Let us inform you, we have just sent you {CREDIT} as a bonus!</p>{GROUP_BONUS}<p>You can use credits to promote your listings or to extend membership.</p><p>To use credits, login to {ACCOUNT_LINK}.</p><p><br/></p><p>This is an automatic email, if you already did that, please ignore this email.</p><p>Thank you, <br />{WEB_TITLE}</p>'),
(40,'en_US','{WEB_TITLE} - Banner review','<p>Hi!</p><p>We just reviewed your banner {BANNER_NAME} and it was {STATUS}.</p><p>Comment: {COMMENT}</p><p><br/></p><p>{START_APPROVED}</p><p>In order to show banner on our site it is required to pay it\'s budget. Please click on following link to initiate payment: <br/>{PAYMENT_LINK}</p><p>{END_APPROVED}</p><p>{START_REJECTED}</p><p>If you are still interested in advertising on our site, please follow the reviewer comment, check our terms and conditions and submit banner again.</p><p>{END_REJECTED}</p><p><br/></p><p>Thank you, <br />{WEB_TITLE}</p>'),
(41,'en_US','{WEB_TITLE} - Order #{ORDER_ID}','<p>Hi {CONTACT_NAME}!</p><p>{START_NEW}</p><p>We have successfully received your order. Our team will do the best to deliver it as soon as possible.</p><p><br/></p><p>{END_NEW}</p><p>{START_PROCESSING}</p><p>Status of your order is <strong>PROCESSING</strong>. We are preparing your order to be shipped.</p><p>{END_PROCESSING}</p><p>{START_SHIPPED}</p><p>Status of your order is <strong>SHIPPED</strong>. Currier will contact you shortly to deliver order to your adress.</p><p>{END_SHIPPED}</p><p>{START_COMPLETED}</p><p>Status of your order is <strong>COMPLETED</strong>. Order has been delivered to you and is now closed.</p><p>{END_COMPLETED}</p><p>{START_CANCELLED}</p><p>Your order has been <strong>CANCELLED</strong>. All funds associated with this order will be send back to your account. We are looking forward for your next order.</p><p>{END_CANCELLED}</p><p>Comment: {COMMENT}</p><p><br/></p><p>Order content:</p><p>{ORDER_CONTENT}</p><p><br/></p><p>If you would like to see your order details, you can check it in {ORDER_LINK} on our site.</p><p><br/></p><p>Thank you, <br />{WEB_TITLE}</p>'),
(42,'en_US','[{WEB_TITLE}] Offer reply: {ITEM_TITLE}','<p>Hi {TO_NAME},</p><p>{FROM_NAME} has reviewed your offer on your listing {ITEM_LINK}:<hr></p><p>{OFFER}<br/></p><p>Your offer has been <strong>{OFFER_STATUS}</strong></p><p><hr></p><p><br/></p><p>You can check your offers by <a target=\"_blank\" href=\"{OFFER_LINK}\">clicking here</a>.<p>Remember, all offers can be viewed under \"Offers\" in your user account.</p><p></p><p>Thank you, <br />{WEB_TITLE}</p>'),
(42,'ru_RU','[{WEB_TITLE}] Offer reply: {ITEM_TITLE}','<p>Hi {TO_NAME},</p><p>{FROM_NAME} has reviewed your offer on your listing {ITEM_LINK}:<hr></p><p>{OFFER}<br/></p><p>Your offer has been <strong>{OFFER_STATUS}</strong></p><p><hr></p><p><br/></p><p>You can check your offers by <a target=\"_blank\" href=\"{OFFER_LINK}\">clicking here</a>.<p>Remember, all offers can be viewed under \"Offers\" in your user account.</p><p></p><p>Thank you, <br />{WEB_TITLE}</p>'),
(43,'en_US','[{WEB_TITLE}] New offer: {ITEM_TITLE}','<p>Hi {TO_NAME},</p><p>{FROM_NAME} has sent you new offer on your listing {ITEM_LINK}:<hr></p><p>{OFFER}</p><p><hr></p><p><br/></p><p>You can check your offers by <a target=\"_blank\" href=\"{OFFER_LINK}\">clicking here</a>.<p>Remember, all offers can be viewed under \"Offers\" in your user account.</p><p></p><p>Thank you, <br />{WEB_TITLE}</p>'),
(43,'ru_RU','[{WEB_TITLE}] New offer: {ITEM_TITLE}','<p>Hi {TO_NAME},</p><p>{FROM_NAME} has sent you new offer on your listing {ITEM_LINK}:<hr></p><p>{OFFER}</p><p><hr></p><p><br/></p><p>You can check your offers by <a target=\"_blank\" href=\"{OFFER_LINK}\">clicking here</a>.<p>Remember, all offers can be viewed under \"Offers\" in your user account.</p><p></p><p>Thank you, <br />{WEB_TITLE}</p>');

/* Table structure for table `oc_t_plugin_category` */
CREATE TABLE IF NOT EXISTS `oc_t_plugin_category` (
  `s_plugin_name` varchar(40) NOT NULL,
  `fk_i_category_id` int(10) unsigned NOT NULL,
  KEY `fk_i_category_id` (`fk_i_category_id`),
  CONSTRAINT `oc_t_plugin_category_ibfk_1` FOREIGN KEY (`fk_i_category_id`) REFERENCES `oc_t_category` (`pk_i_id`)
) ENGINE=InnoDB DEFAULT CHARSET=utf8;


/* Table structure for table `oc_t_cron` */
CREATE TABLE IF NOT EXISTS `oc_t_cron` (
  `e_type` enum('INSTANT','HOURLY','DAILY','WEEKLY','CUSTOM') NOT NULL,
  `d_last_exec` datetime NOT NULL,
  `d_next_exec` datetime NOT NULL
) ENGINE=InnoDB DEFAULT CHARSET=utf8;

/* dumping data for table `oc_t_cron` */
insert into `oc_t_cron` values
('HOURLY','2022-04-02 10:24:31','2022-04-02 11:24:00'),
('DAILY','2022-04-02 10:24:31','2022-04-03 10:24:00'),
('WEEKLY','2022-03-31 11:31:55','2022-04-07 11:31:00');

/* Table structure for table `oc_t_alerts` */
CREATE TABLE IF NOT EXISTS `oc_t_alerts` (
  `pk_i_id` int(10) unsigned NOT NULL AUTO_INCREMENT,
  `s_email` varchar(100) DEFAULT NULL,
  `fk_i_user_id` int(10) unsigned DEFAULT NULL,
  `s_search` longtext DEFAULT NULL,
  `s_secret` varchar(40) DEFAULT NULL,
  `b_active` tinyint(1) NOT NULL DEFAULT 0,
  `e_type` enum('INSTANT','HOURLY','DAILY','WEEKLY','CUSTOM') NOT NULL,
  `dt_date` datetime DEFAULT NULL,
  `dt_unsub_date` datetime DEFAULT NULL,
  PRIMARY KEY (`pk_i_id`)
) ENGINE=InnoDB AUTO_INCREMENT=25 DEFAULT CHARSET=utf8;

/* dumping data for table `oc_t_alerts` */
insert into `oc_t_alerts` values
(1,'taylan@allmenkul.com',8,'{\"price_min\":0,\"price_max\":0,\"aCategories\":[],\"city_areas\":[],\"cities\":[],\"regions\":[\"oc_t_item_location.fk_i_region_id = 2323784 \"],\"countries\":[\"oc_t_item_location.fk_c_country_code = \'tr\' \"],\"withPattern\":false,\"sPattern\":null,\"withPicture\":true,\"tables\":[],\"tables_join\":{\"oc_t_item_alpha.fk_i_item_id\":[\"oc_t_item_alpha\",\"oc_t_item.pk_i_id = oc_t_item_alpha.fk_i_item_id\",\"LEFT OUTER\"]},\"no_catched_tables\":[],\"no_catched_conditions\":[],\"user_ids\":null,\"order_column\":\"dt_pub_date\",\"order_direction\":\"desc\",\"limit_init\":0,\"results_per_page\":12}','nJ4hedoE',1,'DAILY','2022-03-12 10:54:54',null),
(2,'i.taylanizci152@gmail.com',7,'{\"price_min\":0,\"price_max\":0,\"aCategories\":[],\"city_areas\":[],\"cities\":[],\"regions\":[],\"countries\":[],\"withPattern\":false,\"sPattern\":null,\"tables\":[],\"tables_join\":{\"oc_t_item_alpha.fk_i_item_id\":[\"oc_t_item_alpha\",\"oc_t_item.pk_i_id = oc_t_item_alpha.fk_i_item_id\",\"LEFT OUTER\"]},\"no_catched_tables\":[],\"no_catched_conditions\":[],\"user_ids\":null,\"order_column\":\"dt_pub_date\",\"order_direction\":\"desc\",\"limit_init\":0,\"results_per_page\":12}','vVLVmpOY',1,'DAILY','2022-03-14 15:35:35','2022-03-17 15:28:19'),
(3,'i.taylanizci152@gmail.com',7,'{\"price_min\":0,\"price_max\":0,\"aCategories\":[\"96\",\"43\",\"44\",\"45\",\"46\",\"47\",\"49\",\"50\",\"51\"],\"city_areas\":[],\"cities\":[],\"regions\":[],\"countries\":[],\"withPattern\":false,\"sPattern\":null,\"withPicture\":true,\"tables\":[],\"tables_join\":{\"oc_t_item_alpha.fk_i_item_id\":[\"oc_t_item_alpha\",\"oc_t_item.pk_i_id = oc_t_item_alpha.fk_i_item_id\",\"LEFT OUTER\"]},\"no_catched_tables\":[],\"no_catched_conditions\":[\"cast(oc_t_item.dt_pub_date as date) > \\\"2022-03-13\\\"\"],\"user_ids\":null,\"order_column\":\"dt_pub_date\",\"order_direction\":\"desc\",\"limit_init\":0,\"results_per_page\":12}','gArqOKV6',1,'DAILY','2022-03-14 15:36:53','2022-03-17 15:29:12'),
(4,'bahri.cokmez@ucozgroup.com',2,'{\"price_min\":0,\"price_max\":0,\"aCategories\":[],\"city_areas\":[],\"cities\":[],\"regions\":[],\"countries\":[],\"withPattern\":false,\"sPattern\":null,\"tables\":[],\"tables_join\":{\"oc_t_item_alpha.fk_i_item_id\":[\"oc_t_item_alpha\",\"oc_t_item.pk_i_id = oc_t_item_alpha.fk_i_item_id\",\"LEFT OUTER\"]},\"no_catched_tables\":[],\"no_catched_conditions\":[],\"user_ids\":null,\"order_column\":\"dt_pub_date\",\"order_direction\":\"desc\",\"limit_init\":0,\"results_per_page\":12}','gGq48nBx',1,'DAILY','2022-03-17 14:17:29','2022-03-17 14:18:31'),
(5,'bahri.cokmez@ucozgroup.com',2,'{\"price_min\":0,\"price_max\":0,\"aCategories\":[\"96\",\"43\",\"44\",\"45\",\"46\",\"47\",\"49\",\"50\",\"51\"],\"city_areas\":[],\"cities\":[],\"regions\":[],\"countries\":[],\"withPattern\":false,\"sPattern\":null,\"tables\":[],\"tables_join\":{\"oc_t_item_alpha.fk_i_item_id\":[\"oc_t_item_alpha\",\"oc_t_item.pk_i_id = oc_t_item_alpha.fk_i_item_id\",\"LEFT OUTER\"]},\"no_catched_tables\":[],\"no_catched_conditions\":[],\"user_ids\":null,\"order_column\":\"dt_pub_date\",\"order_direction\":\"desc\",\"limit_init\":0,\"results_per_page\":12}','WhctNJg7',1,'DAILY','2022-03-17 14:18:48','2022-03-17 14:32:22'),
(6,'bahri.cokmez@ucozgroup.com',2,'{\"price_min\":0,\"price_max\":0,\"aCategories\":[\"96\",\"43\",\"44\",\"45\",\"46\",\"47\",\"49\",\"50\",\"51\"],\"city_areas\":[],\"cities\":[],\"regions\":[],\"countries\":[],\"withPattern\":false,\"sPattern\":null,\"tables\":[],\"tables_join\":{\"oc_t_item_alpha.fk_i_item_id\":[\"oc_t_item_alpha\",\"oc_t_item.pk_i_id = oc_t_item_alpha.fk_i_item_id\",\"LEFT OUTER\"]},\"no_catched_tables\":[],\"no_catched_conditions\":[],\"user_ids\":null,\"order_column\":\"dt_pub_date\",\"order_direction\":\"desc\",\"limit_init\":0,\"results_per_page\":12}','XivbCcXW',1,'DAILY','2022-03-17 14:32:41','2022-03-17 14:33:25'),
(7,'bahri.cokmez@ucozgroup.com',2,'{\"price_min\":0,\"price_max\":0,\"aCategories\":[\"96\",\"43\",\"44\",\"45\",\"46\",\"47\",\"49\",\"50\",\"51\"],\"city_areas\":[],\"cities\":[],\"regions\":[],\"countries\":[],\"withPattern\":false,\"sPattern\":null,\"tables\":[],\"tables_join\":{\"oc_t_item_alpha.fk_i_item_id\":[\"oc_t_item_alpha\",\"oc_t_item.pk_i_id = oc_t_item_alpha.fk_i_item_id\",\"LEFT OUTER\"]},\"no_catched_tables\":[],\"no_catched_conditions\":[],\"user_ids\":null,\"order_column\":\"dt_pub_date\",\"order_direction\":\"desc\",\"limit_init\":0,\"results_per_page\":12}','Zhy9ECLv',1,'DAILY','2022-03-17 14:37:33','2022-03-17 14:40:14'),
(8,'bahri.cokmez@ucozgroup.com',2,'{\"price_min\":0,\"price_max\":0,\"aCategories\":[\"96\",\"43\",\"44\",\"45\",\"46\",\"47\",\"49\",\"50\",\"51\"],\"city_areas\":[],\"cities\":[],\"regions\":[],\"countries\":[],\"withPattern\":false,\"sPattern\":null,\"tables\":[],\"tables_join\":{\"oc_t_item_alpha.fk_i_item_id\":[\"oc_t_item_alpha\",\"oc_t_item.pk_i_id = oc_t_item_alpha.fk_i_item_id\",\"LEFT OUTER\"]},\"no_catched_tables\":[],\"no_catched_conditions\":[],\"user_ids\":null,\"order_column\":\"dt_pub_date\",\"order_direction\":\"desc\",\"limit_init\":0,\"results_per_page\":12}','MIcVTcpM',1,'DAILY','2022-03-17 14:40:57','2022-03-17 14:41:06'),
(9,'bahri.cokmez@ucozgroup.com',2,'{\"price_min\":0,\"price_max\":0,\"aCategories\":[\"96\",\"43\",\"44\",\"45\",\"46\",\"47\",\"49\",\"50\",\"51\"],\"city_areas\":[],\"cities\":[],\"regions\":[],\"countries\":[],\"withPattern\":false,\"sPattern\":null,\"tables\":[],\"tables_join\":{\"oc_t_item_alpha.fk_i_item_id\":[\"oc_t_item_alpha\",\"oc_t_item.pk_i_id = oc_t_item_alpha.fk_i_item_id\",\"LEFT OUTER\"]},\"no_catched_tables\":[],\"no_catched_conditions\":[],\"user_ids\":null,\"order_column\":\"dt_pub_date\",\"order_direction\":\"desc\",\"limit_init\":0,\"results_per_page\":12}','JR0NCxbZ',1,'DAILY','2022-03-17 14:45:50','2022-03-17 14:45:59'),
(10,'bahri.cokmez@ucozgroup.com',2,'{\"price_min\":0,\"price_max\":0,\"aCategories\":[\"96\",\"43\",\"44\",\"45\",\"46\",\"47\",\"49\",\"50\",\"51\"],\"city_areas\":[],\"cities\":[],\"regions\":[],\"countries\":[],\"withPattern\":false,\"sPattern\":null,\"tables\":[],\"tables_join\":{\"oc_t_item_alpha.fk_i_item_id\":[\"oc_t_item_alpha\",\"oc_t_item.pk_i_id = oc_t_item_alpha.fk_i_item_id\",\"LEFT OUTER\"]},\"no_catched_tables\":[],\"no_catched_conditions\":[],\"user_ids\":null,\"order_column\":\"dt_pub_date\",\"order_direction\":\"desc\",\"limit_init\":0,\"results_per_page\":12}','69RpIIb9',1,'DAILY','2022-03-17 14:47:04','2022-03-17 14:47:11'),
(11,'bahri.cokmez@ucozgroup.com',2,'{\"price_min\":0,\"price_max\":0,\"aCategories\":[\"96\",\"43\",\"44\",\"45\",\"46\",\"47\",\"49\",\"50\",\"51\"],\"city_areas\":[],\"cities\":[],\"regions\":[],\"countries\":[],\"withPattern\":false,\"sPattern\":null,\"tables\":[],\"tables_join\":{\"oc_t_item_alpha.fk_i_item_id\":[\"oc_t_item_alpha\",\"oc_t_item.pk_i_id = oc_t_item_alpha.fk_i_item_id\",\"LEFT OUTER\"]},\"no_catched_tables\":[],\"no_catched_conditions\":[],\"user_ids\":null,\"order_column\":\"dt_pub_date\",\"order_direction\":\"desc\",\"limit_init\":0,\"results_per_page\":12}','h5QhxZqF',1,'DAILY','2022-03-17 14:50:23','2022-03-17 14:53:10'),
(12,'bahri.cokmez@ucozgroup.com',2,'{\"price_min\":0,\"price_max\":0,\"aCategories\":[\"43\"],\"city_areas\":[],\"cities\":[],\"regions\":[],\"countries\":[],\"withPattern\":false,\"sPattern\":null,\"tables\":[],\"tables_join\":{\"oc_t_item_alpha.fk_i_item_id\":[\"oc_t_item_alpha\",\"oc_t_item.pk_i_id = oc_t_item_alpha.fk_i_item_id\",\"LEFT OUTER\"]},\"no_catched_tables\":[],\"no_catched_conditions\":[],\"user_ids\":null,\"order_column\":\"dt_pub_date\",\"order_direction\":\"desc\",\"limit_init\":0,\"results_per_page\":12}','cpGaoNMv',1,'DAILY','2022-03-17 14:50:27','2022-03-17 14:52:53'),
(13,'bahri.cokmez@ucozgroup.com',2,'{\"price_min\":0,\"price_max\":0,\"aCategories\":[\"44\"],\"city_areas\":[],\"cities\":[],\"regions\":[],\"countries\":[],\"withPattern\":false,\"sPattern\":null,\"tables\":[],\"tables_join\":{\"oc_t_item_alpha.fk_i_item_id\":[\"oc_t_item_alpha\",\"oc_t_item.pk_i_id = oc_t_item_alpha.fk_i_item_id\",\"LEFT OUTER\"]},\"no_catched_tables\":[],\"no_catched_conditions\":[],\"user_ids\":null,\"order_column\":\"dt_pub_date\",\"order_direction\":\"desc\",\"limit_init\":0,\"results_per_page\":12}','eGAUG2PH',1,'DAILY','2022-03-17 14:50:30','2022-03-17 14:52:22'),
(14,'bahri.cokmez@ucozgroup.com',2,'{\"price_min\":0,\"price_max\":0,\"aCategories\":[\"45\"],\"city_areas\":[],\"cities\":[],\"regions\":[],\"countries\":[],\"withPattern\":false,\"sPattern\":null,\"tables\":[],\"tables_join\":{\"oc_t_item_alpha.fk_i_item_id\":[\"oc_t_item_alpha\",\"oc_t_item.pk_i_id = oc_t_item_alpha.fk_i_item_id\",\"LEFT OUTER\"]},\"no_catched_tables\":[],\"no_catched_conditions\":[],\"user_ids\":null,\"order_column\":\"dt_pub_date\",\"order_direction\":\"desc\",\"limit_init\":0,\"results_per_page\":12}','CctbAQGl',1,'DAILY','2022-03-17 14:50:32','2022-03-17 14:50:41'),
(15,'bahri.cokmez@ucozgroup.com',2,'{\"price_min\":0,\"price_max\":0,\"aCategories\":[\"96\",\"43\",\"44\",\"45\",\"46\",\"47\",\"49\",\"50\",\"51\"],\"city_areas\":[],\"cities\":[],\"regions\":[],\"countries\":[],\"withPattern\":false,\"sPattern\":null,\"tables\":[],\"tables_join\":{\"oc_t_item_alpha.fk_i_item_id\":[\"oc_t_item_alpha\",\"oc_t_item.pk_i_id = oc_t_item_alpha.fk_i_item_id\",\"LEFT OUTER\"]},\"no_catched_tables\":[],\"no_catched_conditions\":[],\"user_ids\":null,\"order_column\":\"dt_pub_date\",\"order_direction\":\"desc\",\"limit_init\":0,\"results_per_page\":12}','Ki7NiuJH',1,'DAILY','2022-03-17 14:58:10','2022-03-17 14:58:17'),
(16,'bahri.cokmez@ucozgroup.com',2,'{\"price_min\":0,\"price_max\":0,\"aCategories\":[\"96\",\"43\",\"44\",\"45\",\"46\",\"47\",\"49\",\"50\",\"51\"],\"city_areas\":[],\"cities\":[],\"regions\":[],\"countries\":[],\"withPattern\":false,\"sPattern\":null,\"tables\":[],\"tables_join\":{\"oc_t_item_alpha.fk_i_item_id\":[\"oc_t_item_alpha\",\"oc_t_item.pk_i_id = oc_t_item_alpha.fk_i_item_id\",\"LEFT OUTER\"]},\"no_catched_tables\":[],\"no_catched_conditions\":[],\"user_ids\":null,\"order_column\":\"dt_pub_date\",\"order_direction\":\"desc\",\"limit_init\":0,\"results_per_page\":12}','e8ItAEe9',1,'DAILY','2022-03-17 15:01:37','2022-03-17 15:23:13'),
(17,'bahri.cokmez@ucozgroup.com',2,'{\"price_min\":0,\"price_max\":0,\"aCategories\":[\"50\"],\"city_areas\":[],\"cities\":[],\"regions\":[],\"countries\":[],\"withPattern\":false,\"sPattern\":null,\"tables\":[],\"tables_join\":{\"oc_t_item_alpha.fk_i_item_id\":[\"oc_t_item_alpha\",\"oc_t_item.pk_i_id = oc_t_item_alpha.fk_i_item_id\",\"LEFT OUTER\"]},\"no_catched_tables\":[],\"no_catched_conditions\":[],\"user_ids\":null,\"order_column\":\"dt_pub_date\",\"order_direction\":\"desc\",\"limit_init\":0,\"results_per_page\":12}','1a592bdK',1,'DAILY','2022-03-17 15:01:39','2022-03-17 15:16:35'),
(18,'bahri.cokmez@ucozgroup.com',2,'{\"price_min\":0,\"price_max\":0,\"aCategories\":[\"44\"],\"city_areas\":[],\"cities\":[],\"regions\":[],\"countries\":[],\"withPattern\":false,\"sPattern\":null,\"tables\":[],\"tables_join\":{\"oc_t_item_alpha.fk_i_item_id\":[\"oc_t_item_alpha\",\"oc_t_item.pk_i_id = oc_t_item_alpha.fk_i_item_id\",\"LEFT OUTER\"]},\"no_catched_tables\":[],\"no_catched_conditions\":[],\"user_ids\":null,\"order_column\":\"dt_pub_date\",\"order_direction\":\"desc\",\"limit_init\":0,\"results_per_page\":12}','NVsD6TsG',1,'DAILY','2022-03-17 15:01:41','2022-03-17 15:01:57'),
(19,'bahri.cokmez@ucozgroup.com',2,'{\"price_min\":0,\"price_max\":0,\"aCategories\":[\"45\"],\"city_areas\":[],\"cities\":[],\"regions\":[],\"countries\":[],\"withPattern\":false,\"sPattern\":null,\"tables\":[],\"tables_join\":{\"oc_t_item_alpha.fk_i_item_id\":[\"oc_t_item_alpha\",\"oc_t_item.pk_i_id = oc_t_item_alpha.fk_i_item_id\",\"LEFT OUTER\"]},\"no_catched_tables\":[],\"no_catched_conditions\":[],\"user_ids\":null,\"order_column\":\"dt_pub_date\",\"order_direction\":\"desc\",\"limit_init\":0,\"results_per_page\":12}','SHBrzGU1',1,'DAILY','2022-03-17 15:01:43','2022-03-17 15:01:51'),
(20,'bahri.cokmez@ucozgroup.com',2,'{\"price_min\":0,\"price_max\":0,\"aCategories\":[\"96\",\"43\",\"44\",\"45\",\"46\",\"47\",\"49\",\"50\",\"51\"],\"city_areas\":[],\"cities\":[],\"regions\":[],\"countries\":[],\"withPattern\":false,\"sPattern\":null,\"tables\":[],\"tables_join\":{\"oc_t_item_alpha.fk_i_item_id\":[\"oc_t_item_alpha\",\"oc_t_item.pk_i_id = oc_t_item_alpha.fk_i_item_id\",\"LEFT OUTER\"]},\"no_catched_tables\":[],\"no_catched_conditions\":[],\"user_ids\":null,\"order_column\":\"dt_pub_date\",\"order_direction\":\"desc\",\"limit_init\":0,\"results_per_page\":12}','fGJcVIOR',1,'DAILY','2022-03-17 15:23:42','2022-03-17 15:23:56'),
(21,'bahri.cokmez@ucozgroup.com',2,'{\"price_min\":0,\"price_max\":0,\"aCategories\":[\"96\",\"43\",\"44\",\"45\",\"46\",\"47\",\"49\",\"50\",\"51\"],\"city_areas\":[],\"cities\":[],\"regions\":[],\"countries\":[],\"withPattern\":false,\"sPattern\":null,\"tables\":[],\"tables_join\":{\"oc_t_item_alpha.fk_i_item_id\":[\"oc_t_item_alpha\",\"oc_t_item.pk_i_id = oc_t_item_alpha.fk_i_item_id\",\"LEFT OUTER\"]},\"no_catched_tables\":[],\"no_catched_conditions\":[],\"user_ids\":null,\"order_column\":\"dt_pub_date\",\"order_direction\":\"desc\",\"limit_init\":0,\"results_per_page\":12}','W2XJy0tR',1,'DAILY','2022-03-17 15:26:40','2022-03-17 15:26:56'),
(22,'bahri.cokmez@ucozgroup.com',2,'{\"price_min\":0,\"price_max\":0,\"aCategories\":[\"96\",\"43\",\"44\",\"45\",\"46\",\"47\",\"49\",\"50\",\"51\"],\"city_areas\":[],\"cities\":[],\"regions\":[],\"countries\":[],\"withPattern\":false,\"sPattern\":null,\"tables\":[],\"tables_join\":{\"oc_t_item_alpha.fk_i_item_id\":[\"oc_t_item_alpha\",\"oc_t_item.pk_i_id = oc_t_item_alpha.fk_i_item_id\",\"LEFT OUTER\"]},\"no_catched_tables\":[],\"no_catched_conditions\":[],\"user_ids\":null,\"order_column\":\"dt_pub_date\",\"order_direction\":\"desc\",\"limit_init\":0,\"results_per_page\":12}','hBjHKFmh',1,'DAILY','2022-03-17 15:28:23','2022-03-17 16:42:54'),
(23,'i.taylanizci152@gmail.com',7,'{\"price_min\":0,\"price_max\":0,\"aCategories\":[],\"city_areas\":[],\"cities\":[],\"regions\":[],\"countries\":[],\"withPattern\":false,\"sPattern\":null,\"tables\":[],\"tables_join\":{\"oc_t_item_alpha.fk_i_item_id\":[\"oc_t_item_alpha\",\"oc_t_item.pk_i_id = oc_t_item_alpha.fk_i_item_id\",\"LEFT OUTER\"]},\"no_catched_tables\":[],\"no_catched_conditions\":[],\"user_ids\":null,\"order_column\":\"dt_pub_date\",\"order_direction\":\"desc\",\"limit_init\":0,\"results_per_page\":12}','UNMdsRDQ',1,'DAILY','2022-03-17 15:29:23','2022-03-17 15:32:27'),
(24,'i.taylanizci152@gmail.com',7,'{\"price_min\":0,\"price_max\":0,\"aCategories\":[\"43\"],\"city_areas\":[],\"cities\":[],\"regions\":[],\"countries\":[],\"withPattern\":false,\"sPattern\":null,\"tables\":[],\"tables_join\":{\"oc_t_item_alpha.fk_i_item_id\":[\"oc_t_item_alpha\",\"oc_t_item.pk_i_id = oc_t_item_alpha.fk_i_item_id\",\"LEFT OUTER\"]},\"no_catched_tables\":[],\"no_catched_conditions\":[],\"user_ids\":null,\"order_column\":\"dt_pub_date\",\"order_direction\":\"desc\",\"limit_init\":0,\"results_per_page\":12}','MxtBKXgt',1,'DAILY','2022-03-17 15:29:39','2022-03-17 15:32:30');

/* Table structure for table `oc_t_keywords` */
CREATE TABLE IF NOT EXISTS `oc_t_keywords` (
  `s_md5` varchar(32) NOT NULL,
  `fk_c_locale_code` char(5) NOT NULL,
  `s_original_text` varchar(255) NOT NULL,
  `s_anchor_text` varchar(255) NOT NULL,
  `s_normalized_text` varchar(255) NOT NULL,
  `fk_i_category_id` int(10) unsigned DEFAULT NULL,
  `fk_i_city_id` int(10) unsigned DEFAULT NULL,
  PRIMARY KEY (`s_md5`,`fk_c_locale_code`),
  KEY `fk_i_category_id` (`fk_i_category_id`),
  KEY `fk_i_city_id` (`fk_i_city_id`),
  KEY `fk_c_locale_code` (`fk_c_locale_code`),
  CONSTRAINT `oc_t_keywords_ibfk_1` FOREIGN KEY (`fk_i_category_id`) REFERENCES `oc_t_category` (`pk_i_id`),
  CONSTRAINT `oc_t_keywords_ibfk_2` FOREIGN KEY (`fk_i_city_id`) REFERENCES `oc_t_city` (`pk_i_id`),
  CONSTRAINT `oc_t_keywords_ibfk_3` FOREIGN KEY (`fk_c_locale_code`) REFERENCES `oc_t_locale` (`pk_c_code`)
) ENGINE=InnoDB DEFAULT CHARSET=utf8;


/* Table structure for table `oc_t_meta_fields` */
CREATE TABLE IF NOT EXISTS `oc_t_meta_fields` (
  `pk_i_id` int(10) unsigned NOT NULL AUTO_INCREMENT,
  `s_name` varchar(255) NOT NULL,
  `s_slug` varchar(255) NOT NULL,
  `e_type` enum('TEXT','NUMBER','TEL','EMAIL','COLOR','TEXTAREA','DROPDOWN','RADIO','CHECKBOX','URL','DATE','DATEINTERVAL') NOT NULL DEFAULT 'TEXT',
  `s_options` varchar(2048) DEFAULT NULL,
  `b_required` tinyint(1) NOT NULL DEFAULT 0,
  `b_searchable` tinyint(1) NOT NULL DEFAULT 0,
  `i_order` int(3) NOT NULL DEFAULT 0,
  PRIMARY KEY (`pk_i_id`)
) ENGINE=InnoDB AUTO_INCREMENT=17 DEFAULT CHARSET=utf8;


/* Table structure for table `oc_t_meta_categories` */
CREATE TABLE IF NOT EXISTS `oc_t_meta_categories` (
  `fk_i_category_id` int(10) unsigned NOT NULL,
  `fk_i_field_id` int(10) unsigned NOT NULL,
  PRIMARY KEY (`fk_i_category_id`,`fk_i_field_id`),
  KEY `fk_i_field_id` (`fk_i_field_id`),
  CONSTRAINT `oc_t_meta_categories_ibfk_1` FOREIGN KEY (`fk_i_category_id`) REFERENCES `oc_t_category` (`pk_i_id`),
  CONSTRAINT `oc_t_meta_categories_ibfk_2` FOREIGN KEY (`fk_i_field_id`) REFERENCES `oc_t_meta_fields` (`pk_i_id`)
) ENGINE=InnoDB DEFAULT CHARSET=utf8;


/* Table structure for table `oc_t_item_meta` */
CREATE TABLE IF NOT EXISTS `oc_t_item_meta` (
  `fk_i_item_id` int(10) unsigned NOT NULL,
  `fk_i_field_id` int(10) unsigned NOT NULL,
  `s_value` text DEFAULT NULL,
  `s_multi` varchar(20) NOT NULL DEFAULT '',
  PRIMARY KEY (`fk_i_item_id`,`fk_i_field_id`,`s_multi`),
  KEY `s_value` (`s_value`(255)),
  KEY `fk_i_field_id` (`fk_i_field_id`),
  CONSTRAINT `oc_t_item_meta_ibfk_1` FOREIGN KEY (`fk_i_item_id`) REFERENCES `oc_t_item` (`pk_i_id`),
  CONSTRAINT `oc_t_item_meta_ibfk_2` FOREIGN KEY (`fk_i_field_id`) REFERENCES `oc_t_meta_fields` (`pk_i_id`)
) ENGINE=InnoDB DEFAULT CHARSET=utf8;


/* Table structure for table `oc_t_alerts_sent` */
CREATE TABLE IF NOT EXISTS `oc_t_alerts_sent` (
  `d_date` date NOT NULL,
  `i_num_alerts_sent` int(10) unsigned NOT NULL DEFAULT 0,
  PRIMARY KEY (`d_date`)
) ENGINE=InnoDB DEFAULT CHARSET=utf8;


/* Table structure for table `oc_t_attribute` */
CREATE TABLE IF NOT EXISTS `oc_t_attribute` (
  `pk_i_id` int(11) NOT NULL AUTO_INCREMENT,
  `s_identifier` varchar(100) DEFAULT NULL,
  `b_enabled` tinyint(1) DEFAULT 1,
  `b_required` tinyint(1) DEFAULT 0,
  `b_search` tinyint(1) DEFAULT 0,
  `b_hook` tinyint(1) DEFAULT 1,
  `b_values_all` tinyint(1) DEFAULT 0,
  `s_category_id` varchar(1000) DEFAULT NULL,
  `i_order` int(10) DEFAULT 1,
  `s_type` varchar(20) DEFAULT NULL,
  `s_search_type` varchar(20) DEFAULT NULL,
  `b_search_range` tinyint(1) DEFAULT 0,
  `b_check_single` tinyint(1) DEFAULT 0,
  `s_search_engine` varchar(20) DEFAULT 'AND',
  `s_search_values_all` tinyint(1) DEFAULT 0,
  PRIMARY KEY (`pk_i_id`)
) ENGINE=InnoDB AUTO_INCREMENT=27 DEFAULT CHARSET=utf8;

/* dumping data for table `oc_t_attribute` */
insert into `oc_t_attribute` values
(10,'İç Özellikler-Konut',1,null,1,1,1,'124',1,'CHECKBOX','',null,null,'AND',1),
(11,'Dış Özellikler-Konut',1,null,1,1,1,'124',2,'CHECKBOX','',null,null,'AND',1),
(12,'Konum-Konut',1,null,1,1,1,'124',3,'CHECKBOX','',null,1,'AND',0),
(13,'İç Özellikler-Devremülk',1,null,null,1,1,'125',4,'CHECKBOX','',null,null,'AND',0),
(14,'Dış Özellikler-Devremülk',1,null,null,1,1,'125',5,'CHECKBOX','',null,null,'AND',0),
(15,'Konum-Devremülk',1,null,null,1,1,'125',9999,'CHECKBOX','',null,null,'AND',0),
(16,'İç Özellikler-işyeri',1,null,null,1,1,'126',9999,'CHECKBOX','',null,null,'AND',0),
(17,'Dış Özellikler-İşyeri',1,null,null,1,1,'126',9999,'CHECKBOX','',null,null,'AND',0),
(18,'Konum-İşyeri',1,null,null,1,1,'126',9999,'CHECKBOX','',null,null,'AND',0),
(19,'Kullanım Amacı-İşyeri',1,null,null,1,1,'126',9999,'CHECKBOX','',null,null,'AND',0),
(20,'Konum-Arsa',1,null,null,1,1,'127',9999,'CHECKBOX','',null,null,'AND',0),
(21,'Altyapı-İşyeri',1,null,null,1,1,'127',9999,'CHECKBOX','',null,null,'AND',0),
(22,'İç Özellikler-Turistik',1,null,null,1,1,'128',9999,'CHECKBOX','',null,null,'AND',0),
(23,'Dış Özellikler-Turistik',1,null,null,1,1,'128',9999,'CHECKBOX','',null,null,'AND',0),
(24,'Konum-Turistik',1,null,null,1,1,'128',9999,'CHECKBOX','',null,null,'AND',0),
(25,'Oda Özellikleri',1,null,null,1,1,'128',9999,'CHECKBOX','',null,null,'AND',0),
(26,'Sosyal Tesisler',1,null,null,1,1,'128',9999,'CHECKBOX','',null,null,'AND',0);

/* Table structure for table `oc_t_attribute_locale` */
CREATE TABLE IF NOT EXISTS `oc_t_attribute_locale` (
  `pk_i_id` int(11) NOT NULL AUTO_INCREMENT,
  `fk_i_attribute_id` int(11) NOT NULL,
  `fk_c_locale_code` char(5) NOT NULL,
  `s_name` varchar(200) DEFAULT NULL,
  PRIMARY KEY (`pk_i_id`),
  KEY `fk_i_attribute_id` (`fk_i_attribute_id`),
  CONSTRAINT `oc_t_attribute_locale_ibfk_1` FOREIGN KEY (`fk_i_attribute_id`) REFERENCES `oc_t_attribute` (`pk_i_id`) ON DELETE CASCADE ON UPDATE CASCADE
) ENGINE=InnoDB AUTO_INCREMENT=28 DEFAULT CHARSET=utf8;

/* dumping data for table `oc_t_attribute_locale` */
insert into `oc_t_attribute_locale` values
(11,10,'tr_TR','İç Özellikler'),
(12,11,'tr_TR','Dış Özellikler'),
(13,12,'tr_TR','Konum'),
(14,13,'tr_TR','İç Özellikler'),
(15,14,'tr_TR','Dış Özellikler'),
(16,15,'tr_TR','Konum'),
(17,16,'tr_TR','İç Özellikler'),
(18,17,'tr_TR','Dış Özellikler'),
(19,18,'tr_TR','Konum'),
(20,19,'tr_TR','Kullanım Amacı'),
(21,20,'tr_TR','Konum'),
(22,21,'tr_TR','Altyapı'),
(23,22,'tr_TR','İç Özellikler'),
(24,23,'tr_TR','Dış Özellikler'),
(25,24,'tr_TR','Konum'),
(26,25,'tr_TR','Oda Özellikleri'),
(27,26,'tr_TR','Sosyal Tesisler');

/* Table structure for table `oc_t_attribute_value` */
CREATE TABLE IF NOT EXISTS `oc_t_attribute_value` (
  `pk_i_id` int(11) NOT NULL AUTO_INCREMENT,
  `fk_i_attribute_id` int(11) NOT NULL,
  `fk_i_parent_id` int(10) DEFAULT NULL,
  `s_image` varchar(200) DEFAULT NULL,
  `i_order` int(10) DEFAULT 1,
  PRIMARY KEY (`pk_i_id`),
  KEY `fk_i_attribute_id` (`fk_i_attribute_id`),
  CONSTRAINT `oc_t_attribute_value_ibfk_1` FOREIGN KEY (`fk_i_attribute_id`) REFERENCES `oc_t_attribute` (`pk_i_id`) ON DELETE CASCADE ON UPDATE CASCADE
) ENGINE=InnoDB AUTO_INCREMENT=370 DEFAULT CHARSET=utf8;

/* dumping data for table `oc_t_attribute_value` */
insert into `oc_t_attribute_value` values
(53,10,null,'',9999),
(54,10,null,'',9999),
(55,10,null,'',9999),
(56,10,null,'',9999),
(57,10,null,'',9999),
(58,10,null,'',9999),
(59,10,null,'',9999),
(60,10,null,'',9999),
(61,10,null,'',9999),
(62,10,null,'',9999),
(63,10,null,'',9999),
(64,10,null,'',9999),
(65,10,null,'',9999),
(66,10,null,'',9999),
(67,10,null,'',9999),
(68,10,null,'',9999),
(69,10,null,'',9999),
(70,10,null,'',9999),
(71,10,null,'',9999),
(72,10,null,'',9999),
(73,10,null,'',9999),
(74,10,null,'',9999),
(75,10,null,'',9999),
(76,10,null,'',9999),
(77,10,null,'',9999),
(78,10,null,'',9999),
(79,10,null,'',9999),
(80,10,null,'',9999),
(81,10,null,'',9999),
(82,10,null,'',9999),
(83,10,null,'',9999),
(84,10,null,'',9999),
(85,10,null,'',9999),
(86,10,null,'',9999),
(87,10,null,'',9999),
(88,10,null,'',9999),
(89,10,null,'',9999),
(90,10,null,'',9999),
(91,10,null,'',9999),
(92,10,null,'',9999),
(93,10,null,'',9999),
(94,10,null,'',9999),
(95,10,null,'',9999),
(105,11,null,'',1),
(106,11,null,'',2),
(107,11,null,'',3),
(108,11,null,'',4),
(109,11,null,'',5),
(110,11,null,'',6),
(111,11,null,'',7),
(112,11,null,'',8),
(113,11,null,'',9),
(114,11,null,'',10),
(115,11,null,'',11),
(116,11,null,'',12),
(117,11,null,'',13),
(118,11,null,'',14),
(119,11,118,'',15),
(120,11,null,'',16),
(121,11,null,'',17),
(122,11,null,'',18),
(123,11,null,'',19),
(124,11,null,'',20),
(125,12,null,'',9999),
(126,12,null,'',9999),
(127,12,null,'',9999),
(128,12,null,'',9999),
(129,12,null,'',9999),
(130,12,null,'',9999),
(131,12,null,'',9999),
(132,12,null,'',9999),
(133,12,null,'',9999),
(134,12,null,'',9999),
(135,12,null,'',9999),
(136,12,null,'',9999),
(137,12,null,'',9999),
(138,12,null,'',9999),
(139,12,null,'',9999),
(140,12,null,'',9999),
(141,12,null,'',9999),
(142,12,null,'',9999),
(143,12,null,'',9999),
(144,12,null,'',9999),
(145,12,null,'',9999),
(146,12,null,'',9999),
(147,12,null,'',9999),
(148,12,null,'',9999),
(149,12,null,'',9999),
(154,12,null,'',9999),
(155,13,null,'',9999),
(156,13,null,'',9999),
(157,13,null,'',9999),
(158,13,null,'',9999),
(159,13,null,'',9999),
(160,13,null,'',9999),
(161,13,null,'',9999),
(162,13,null,'',9999),
(163,13,null,'',9999),
(164,13,null,'',9999),
(165,13,null,'',9999),
(166,13,null,'',9999),
(167,13,null,'',9999),
(168,13,null,'',9999),
(169,14,null,'',9999),
(170,14,null,'',9999),
(171,14,null,'',9999),
(172,14,null,'',9999),
(173,14,null,'',9999),
(174,14,null,'',9999),
(175,14,null,'',9999),
(176,14,null,'',9999),
(177,14,null,'',9999),
(178,14,null,'',9999),
(179,14,null,'',9999),
(180,14,null,'',9999),
(181,15,null,'',1),
(182,15,null,'',2),
(183,15,null,'',3),
(184,15,null,'',4),
(185,15,null,'',5),
(186,15,null,'',6),
(187,15,null,'',8),
(188,15,186,'',7),
(189,15,null,'',9),
(190,15,null,'',10),
(191,16,null,'',9999),
(192,16,null,'',9999),
(193,16,null,'',9999),
(194,16,null,'',9999),
(195,16,null,'',9999),
(196,16,null,'',9999),
(197,16,null,'',9999),
(198,16,null,'',9999),
(199,16,null,'',9999),
(200,16,null,'',9999),
(201,16,null,'',9999),
(202,16,null,'',9999),
(203,16,null,'',9999),
(204,16,null,'',9999),
(205,16,null,'',9999),
(206,16,null,'',9999),
(207,16,null,'',9999),
(208,16,null,'',9999),
(209,16,null,'',9999),
(210,16,null,'',9999),
(211,17,null,'',9999),
(212,17,null,'',9999),
(213,17,null,'',9999),
(214,17,null,'',9999),
(215,17,null,'',9999),
(216,17,null,'',9999),
(217,17,null,'',9999),
(218,17,null,'',9999),
(219,17,null,'',9999),
(220,17,null,'',9999),
(221,17,null,'',9999),
(222,17,null,'',9999),
(223,17,null,'',9999),
(224,18,null,'',9999),
(225,18,null,'',9999),
(226,18,null,'',9999),
(227,18,null,'',9999),
(228,18,null,'',9999),
(229,18,null,'',9999),
(230,18,null,'',9999),
(231,18,null,'',9999),
(232,18,null,'',9999),
(233,18,null,'',9999),
(234,18,null,'',9999),
(235,18,null,'',9999),
(236,18,null,'',9999),
(237,18,null,'',9999),
(238,18,null,'',9999),
(239,18,null,'',9999),
(240,18,null,'',9999),
(241,18,null,'',9999),
(242,18,null,'',9999),
(243,18,null,'',9999),
(244,18,null,'',9999),
(246,19,null,'',9999),
(247,19,null,'',9999),
(248,19,null,'',9999),
(249,19,null,'',9999),
(250,19,null,'',9999),
(251,19,null,'',9999),
(252,19,null,'',9999),
(253,19,null,'',9999),
(254,19,null,'',9999),
(255,19,null,'',9999),
(256,19,null,'',9999),
(257,19,null,'',9999),
(258,19,null,'',9999),
(259,19,null,'',9999),
(260,19,null,'',9999),
(261,19,null,'',9999),
(262,19,null,'',9999),
(263,19,null,'',9999),
(264,19,null,'',9999),
(265,19,null,'',9999),
(266,19,null,'',9999),
(267,20,null,'',9999),
(268,20,null,'',9999),
(269,20,null,'',9999),
(270,20,null,'',9999),
(271,20,null,'',9999),
(272,20,null,'',9999),
(273,20,null,'',9999),
(274,20,null,'',9999),
(275,20,null,'',9999),
(276,20,null,'',9999),
(277,20,null,'',9999),
(278,20,null,'',9999),
(279,20,null,'',9999),
(280,20,null,'',9999),
(281,20,null,'',9999),
(282,20,null,'',9999),
(283,20,null,'',9999),
(284,20,null,'',9999),
(285,21,null,'',9999),
(286,21,null,'',9999),
(287,21,null,'',9999),
(288,21,null,'',9999),
(289,21,null,'',9999),
(290,21,null,'',9999),
(291,21,null,'',9999),
(292,21,null,'',9999),
(293,21,null,'',9999),
(294,21,null,'',9999),
(295,21,null,'',9999),
(296,21,null,'',9999),
(297,21,null,'',9999),
(298,21,null,'',9999),
(299,21,null,'',9999),
(300,21,null,'',9999),
(301,22,null,'',9999),
(302,22,null,'',9999),
(303,22,null,'',9999),
(304,22,null,'',9999),
(305,22,null,'',9999),
(306,22,null,'',9999),
(307,22,null,'',9999),
(308,22,null,'',9999),
(309,22,null,'',9999),
(310,22,null,'',9999),
(311,22,null,'',9999),
(312,22,null,'',9999),
(313,22,null,'',9999),
(314,23,null,'',9999),
(315,23,null,'',9999),
(316,23,null,'',9999),
(317,23,null,'',9999),
(318,23,null,'',9999),
(319,23,null,'',9999),
(320,23,null,'',9999),
(321,23,null,'',9999),
(322,23,null,'',9999),
(323,23,null,'',9999),
(324,23,null,'',9999),
(325,23,null,'',9999),
(326,23,null,'',9999),
(327,23,null,'',9999),
(328,23,null,'',9999),
(329,23,null,'',9999),
(330,24,null,'',9999),
(331,24,null,'',9999),
(332,24,null,'',9999),
(333,24,null,'',9999),
(334,24,null,'',9999),
(335,24,null,'',9999),
(336,24,null,'',9999),
(337,24,null,'',9999),
(338,24,null,'',9999),
(339,24,null,'',9999),
(340,24,null,'',9999),
(341,24,null,'',9999),
(342,24,null,'',9999),
(343,24,null,'',9999),
(344,24,null,'',9999),
(345,25,null,'',9999),
(346,25,null,'',9999),
(347,25,null,'',9999),
(348,25,null,'',9999),
(349,25,null,'',9999),
(350,25,null,'',9999),
(351,25,null,'',9999),
(352,25,null,'',9999),
(353,26,null,'',9999),
(354,26,null,'',9999),
(355,26,null,'',9999),
(356,26,null,'',9999),
(357,26,null,'',9999),
(358,26,null,'',9999),
(359,26,null,'',9999),
(360,26,null,'',9999),
(361,26,null,'',9999),
(362,26,null,'',9999),
(363,26,null,'',9999),
(364,26,null,'',9999),
(365,26,null,'',9999),
(366,26,null,'',9999),
(367,26,null,'',9999),
(368,26,null,'',9999);

/* Table structure for table `oc_t_attribute_value_locale` */
CREATE TABLE IF NOT EXISTS `oc_t_attribute_value_locale` (
  `pk_i_id` int(11) NOT NULL AUTO_INCREMENT,
  `fk_i_attribute_value_id` int(11) NOT NULL,
  `fk_c_locale_code` char(5) NOT NULL,
  `s_name` varchar(200) DEFAULT NULL,
  PRIMARY KEY (`pk_i_id`),
  KEY `fk_i_attribute_value_id` (`fk_i_attribute_value_id`),
  CONSTRAINT `oc_t_attribute_value_locale_ibfk_1` FOREIGN KEY (`fk_i_attribute_value_id`) REFERENCES `oc_t_attribute_value` (`pk_i_id`) ON DELETE CASCADE ON UPDATE CASCADE
) ENGINE=InnoDB AUTO_INCREMENT=398 DEFAULT CHARSET=utf8;

/* dumping data for table `oc_t_attribute_value_locale` */
insert into `oc_t_attribute_value_locale` values
(82,53,'tr_TR','ADSL'),
(83,54,'tr_TR','Ahşap Doğrama'),
(84,55,'tr_TR','Alarm'),
(85,56,'tr_TR','Ankastre Mutfak'),
(86,57,'tr_TR','Balkon'),
(87,58,'tr_TR','Barbekü'),
(88,59,'tr_TR','Beyaz Eşyalı'),
(89,60,'tr_TR','Çamaşır Odası'),
(90,61,'tr_TR','Çelik Kapı'),
(91,62,'tr_TR','Duşakabin'),
(92,63,'tr_TR','Duvar Kağıdı'),
(93,64,'tr_TR','Ebevyn Banyolu'),
(94,65,'tr_TR','Giyinme Odası'),
(95,66,'tr_TR','Gömme Dolap'),
(96,67,'tr_TR','Görüntülü Diafon'),
(97,68,'tr_TR','Halı Kaplama'),
(98,69,'tr_TR','Hazır Mutfak'),
(99,70,'tr_TR','Hilton Banyo'),
(100,71,'tr_TR','Isıcam'),
(101,72,'tr_TR','Jakuzi'),
(102,73,'tr_TR','Kablo TV-Uydu'),
(103,74,'tr_TR','Kapalı Balkon'),
(104,75,'tr_TR','Kartonpiyer'),
(105,76,'tr_TR','Klima'),
(106,77,'tr_TR','Laminant Mtfak'),
(107,78,'tr_TR','Marley'),
(108,79,'tr_TR','Mermer Zemin'),
(109,80,'tr_TR','Mobilyalı'),
(110,81,'tr_TR','Mutfak Doğalgazı'),
(111,82,'tr_TR','Panel Kapı'),
(112,83,'tr_TR','Panjur'),
(113,84,'tr_TR','Parke'),
(114,85,'tr_TR','Parke-Laminant'),
(115,86,'tr_TR','Saten Alçı'),
(116,87,'tr_TR','Saten Boya'),
(117,88,'tr_TR','Sauna'),
(118,89,'tr_TR','Seramik Zemin'),
(119,90,'tr_TR','Spot Işık'),
(120,91,'tr_TR','Şömine'),
(121,92,'tr_TR','Teras'),
(122,93,'tr_TR','Vestiyer'),
(123,94,'tr_TR','Yerden Isıtma'),
(124,95,'tr_TR','Parke-Lamine'),
(134,105,'tr_TR','Asansör'),
(135,106,'tr_TR','Bahçeli'),
(136,107,'tr_TR','Cam Mozaik Kaplama'),
(137,108,'tr_TR','Fitness'),
(138,109,'tr_TR','Güvenlik'),
(139,110,'tr_TR','Hidrofor'),
(140,111,'tr_TR','Isı Yalıtım'),
(141,112,'tr_TR','Jeneratör'),
(142,113,'tr_TR','Kapıcı'),
(143,114,'tr_TR','Otopark-Açık'),
(144,115,'tr_TR','Otopark-Kapalı'),
(145,116,'tr_TR','Oyun Parkı'),
(146,117,'tr_TR','PVC Doğrama'),
(147,118,'tr_TR','Siding'),
(148,119,'tr_TR','Site içerisinde'),
(149,120,'tr_TR','Su Deposu'),
(150,121,'tr_TR','Tenis Kortu'),
(151,122,'tr_TR','Yangın Merdiveni'),
(152,123,'tr_TR','Yüzme Havuzu'),
(153,124,'tr_TR','Ahşap Doğrama'),
(154,125,'tr_TR','Arka Cephe'),
(155,126,'tr_TR','Caddeye Yakın'),
(156,127,'tr_TR','Denize Sıfır'),
(157,128,'tr_TR','Denize Yakın'),
(158,129,'tr_TR','Havaalanına Yakın'),
(159,130,'tr_TR','Manzara'),
(160,131,'tr_TR','Manzara - Boğaz'),
(161,132,'tr_TR','Manzara - Deniz'),
(162,133,'tr_TR','Manzara - Doğa'),
(163,134,'tr_TR','Manzara - Göl'),
(164,135,'tr_TR','Manzara - Şehir'),
(165,136,'tr_TR','Merkezde'),
(166,137,'tr_TR','Metroya yakın'),
(167,138,'tr_TR','Otobana yakın'),
(168,139,'tr_TR','Ön cephe'),
(169,140,'tr_TR','Toplu Ulaşıma yakın '),
(170,141,'tr_TR','Metrobüse yakın'),
(171,142,'tr_TR','Deniz Ulaşımına yakın'),
(172,143,'tr_TR','Cadde Üzerinde'),
(173,144,'tr_TR','Tramvaya yakın'),
(174,145,'tr_TR','Marmaraya yakın'),
(175,146,'tr_TR','E-5\'e yakın '),
(176,147,'tr_TR','TEM\'e yakın'),
(177,148,'tr_TR','Minibüs/Dolmuşa yakın'),
(178,149,'tr_TR','Avrasya Tüneli\'ne yakın'),
(183,154,'tr_TR','Boğaz Köprülerine yakın'),
(184,155,'tr_TR','Alarm'),
(185,156,'tr_TR','Alüminyum Doğrama'),
(186,157,'tr_TR','Balkon'),
(187,158,'tr_TR','Beyaz Eşyalı'),
(188,159,'tr_TR','Çelik Kapı'),
(189,160,'tr_TR','Duşakabin'),
(190,161,'tr_TR','Ebevyn Banyolu'),
(191,162,'tr_TR','Giyinme Odası'),
(192,163,'tr_TR','Jakuzi'),
(193,164,'tr_TR','Kablo TV-Uydu'),
(194,165,'tr_TR','Klima'),
(195,166,'tr_TR','Mobilyalı'),
(196,167,'tr_TR','Mutfak Doğalgazı'),
(197,168,'tr_TR','Teras'),
(198,169,'tr_TR','Asansör'),
(199,170,'tr_TR','Güvenlik'),
(200,171,'tr_TR','Jeneratör'),
(201,172,'tr_TR','Kapıcı'),
(202,173,'tr_TR','Otopark-Açık'),
(203,174,'tr_TR','Otopark-Kapalı'),
(204,175,'tr_TR','Oyun Parkı'),
(205,176,'tr_TR','Site İçerisinde'),
(206,177,'tr_TR','Tenis Kortu'),
(207,178,'tr_TR','Türk Hamamı'),
(208,179,'tr_TR','Yangın Merdiveni'),
(209,180,'tr_TR','Yüzme Havuzu'),
(210,181,'tr_TR','Doğa İçinde'),
(211,182,'tr_TR','Havaalanına yakın'),
(212,183,'tr_TR','Kayak Pistlerine yakın'),
(213,184,'tr_TR','Manzara - Bahçe'),
(214,185,'tr_TR','Otogara yakın'),
(215,186,'tr_TR','Şehir merkezinde'),
(216,188,'tr_TR','Şehir merkezine yakın'),
(217,187,'tr_TR','Termal Bölgede'),
(218,189,'tr_TR','Metrobüse yakın'),
(219,190,'tr_TR','Deniz Ulaşımına yakın'),
(220,191,'tr_TR','ADSL'),
(221,192,'tr_TR','Alarm'),
(222,193,'tr_TR','Alüminyum Doğrama'),
(223,194,'tr_TR','Asma Tavan'),
(224,195,'tr_TR','Banyo'),
(225,196,'tr_TR','Beyaz Eşyalı'),
(226,197,'tr_TR','Çelik Kapı '),
(227,198,'tr_TR','Data Hattı'),
(228,199,'tr_TR','Faks, Telefon Hattı'),
(229,200,'tr_TR','Kablo TV-Uydu'),
(230,201,'tr_TR','Klima'),
(231,202,'tr_TR','Mutfak'),
(232,203,'tr_TR','Ofis Mobilyalı'),
(233,204,'tr_TR','Panjur'),
(234,205,'tr_TR','Sanayi elektriği'),
(235,206,'tr_TR','Teras'),
(236,207,'tr_TR','Vestiyer'),
(237,208,'tr_TR','Wc'),
(238,209,'tr_TR','Karo Zemin'),
(239,210,'tr_TR','Parke Zemin'),
(240,211,'tr_TR','Asansör'),
(241,212,'tr_TR','Bahçe'),
(242,213,'tr_TR','Bahçe-Müstakil'),
(243,214,'tr_TR','Bahçe-Ortak Kullanımlı'),
(244,215,'tr_TR','Cam Giydirme'),
(245,216,'tr_TR','Garaj'),
(246,217,'tr_TR','Güvenlik'),
(247,218,'tr_TR','Hidrofor'),
(248,219,'tr_TR','Jeneratör'),
(249,220,'tr_TR','Otopark-Açık'),
(250,221,'tr_TR','Otopart-Kapalı'),
(251,222,'tr_TR','Su deposu'),
(252,223,'tr_TR','Yangın Merdiveni'),
(253,224,'tr_TR','Arka cephe'),
(254,225,'tr_TR','Havaalanına yakın'),
(255,226,'tr_TR','Manzara'),
(256,227,'tr_TR','Manzara-Boğaz'),
(257,228,'tr_TR','Manzara-Deniz'),
(258,229,'tr_TR','Manzara-Doğa'),
(259,230,'tr_TR','Manzara-Şehir'),
(260,231,'tr_TR','Merkezde'),
(261,232,'tr_TR','Metroya yakın'),
(262,233,'tr_TR','Ön cephe'),
(263,234,'tr_TR','Toplu Ulaşıma yakın'),
(264,235,'tr_TR','Metrobüse yakın'),
(265,236,'tr_TR','Deniz Ulaşımına yakın'),
(266,237,'tr_TR','Cadde Üzerinde'),
(267,238,'tr_TR','Tramvaya yakın'),
(268,239,'tr_TR','Marmaraya yakın'),
(269,240,'tr_TR','E-5\'e yakın'),
(270,241,'tr_TR','TEM\'e yakın'),
(271,242,'tr_TR','Minibüs / Dolmuşa yakın'),
(272,243,'tr_TR','Avrasya Tüneline\'e yakın'),
(273,244,'tr_TR','Boğaz Köprülerine yakın'),
(274,246,'tr_TR','Atölye'),
(275,247,'tr_TR','Banka'),
(276,248,'tr_TR','Depo'),
(277,249,'tr_TR','Dershane'),
(278,250,'tr_TR','Dükkan'),
(279,251,'tr_TR','Fabrika'),
(280,252,'tr_TR','Galeri / Showroom'),
(281,253,'tr_TR','Genel'),
(282,254,'tr_TR','Hastane'),
(283,255,'tr_TR','Kafe - Bar'),
(284,256,'tr_TR','Mağaza'),
(285,257,'tr_TR','Market'),
(286,258,'tr_TR','Muayenehane'),
(287,259,'tr_TR','Ofis'),
(288,260,'tr_TR','Otopark'),
(289,261,'tr_TR','Pastane'),
(290,262,'tr_TR','Poliklinik'),
(291,263,'tr_TR','Restoran'),
(292,264,'tr_TR','Üretim tesisi'),
(293,265,'tr_TR','Kuaför'),
(294,266,'tr_TR','Büfe'),
(295,267,'tr_TR','Denize Sıfır'),
(296,268,'tr_TR','Denize yakın'),
(297,269,'tr_TR','Havaalanına yakın'),
(298,270,'tr_TR','Manzara-Boğaz'),
(299,271,'tr_TR','Manzara-Deniz'),
(300,272,'tr_TR','Manzara-Doğa'),
(301,273,'tr_TR','Manzara-Şehir'),
(302,274,'tr_TR','Toplu Ulaşıma yakın'),
(303,275,'tr_TR','Yola yakın'),
(304,276,'tr_TR','Metrobüse yakın'),
(305,277,'tr_TR','Deniz Ulaşımına yakın'),
(306,278,'tr_TR','Tramvaya yakın'),
(307,279,'tr_TR','Marmaraya yakın'),
(308,280,'tr_TR','E-5\'e yakın'),
(309,281,'tr_TR','TEM\'e yakın'),
(310,282,'tr_TR','Minibüs / Dolmuşa yakın  '),
(311,283,'tr_TR','Avrasya Tüneli\'ne yakın'),
(312,284,'tr_TR','Boğaz Köprülerine yakın'),
(313,285,'tr_TR','Doğalgaz mevcut'),
(314,286,'tr_TR','Elektrik hattı'),
(315,287,'tr_TR','İfrazlı'),
(316,288,'tr_TR','Kanalizasyon'),
(317,289,'tr_TR','Parselli'),
(318,290,'tr_TR','Projeli(Ruhsatlı)'),
(319,291,'tr_TR','Sanayi elektriği'),
(320,292,'tr_TR','Su Hattı'),
(321,293,'tr_TR','Telefon Hattı'),
(322,294,'tr_TR','Yolu Açılmış'),
(323,295,'tr_TR','Zemin Etüdlü'),
(324,296,'tr_TR','Arıtma'),
(325,297,'tr_TR','Sondaj ve Kuyu'),
(326,298,'tr_TR','Yolu Yok'),
(327,299,'tr_TR','Yolu Açılmamış'),
(328,300,'tr_TR','Köşe Parselli'),
(329,301,'tr_TR','Alüminyum Doğrama'),
(330,302,'tr_TR','Asansör'),
(331,303,'tr_TR','Güneş Enerjisi'),
(332,304,'tr_TR','Güvenlik'),
(333,305,'tr_TR','İnternet'),
(334,306,'tr_TR','Jeneratör'),
(335,307,'tr_TR','Merkezi Isıtma'),
(336,308,'tr_TR','Merkezi Klima'),
(337,309,'tr_TR','Mobilyalı'),
(338,310,'tr_TR','Şömine'),
(339,311,'tr_TR','Vestiyer'),
(340,312,'tr_TR','Yanngın Merdiveni'),
(341,313,'tr_TR','Karo Zemin'),
(342,314,'tr_TR','Alkol İzni'),
(343,315,'tr_TR','Bahçe'),
(344,316,'tr_TR','Cafe-Bar'),
(345,317,'tr_TR','Çocuk Havızı'),
(346,318,'tr_TR','Disco'),
(347,319,'tr_TR','Gece Klübü'),
(348,320,'tr_TR','Havuz-Açık'),
(349,321,'tr_TR','Havuz-Kapalı'),
(350,322,'tr_TR','Havuz-Termal'),
(351,323,'tr_TR','Kongre Salonu'),
(352,324,'tr_TR','Kumsal'),
(353,325,'tr_TR','Oyun Parkı'),
(354,326,'tr_TR','Plaj'),
(355,327,'tr_TR','Restaurant'),
(356,328,'tr_TR','Sauna-Hamam'),
(357,329,'tr_TR','Sinema'),
(358,330,'tr_TR','Denize sıfır'),
(359,331,'tr_TR','Denize yakın'),
(360,332,'tr_TR','Doğa İçinde'),
(361,333,'tr_TR','Havaalanına yakın'),
(362,334,'tr_TR','Kayak Pistlerine yakın'),
(363,335,'tr_TR','Manzara-Boğaz'),
(364,336,'tr_TR','Manzara-Deniz'),
(365,337,'tr_TR','Manzara-Doğa'),
(366,338,'tr_TR','Manzara-Göl'),
(367,339,'tr_TR','Manzara-Şehir'),
(368,340,'tr_TR','Otogara yakın'),
(369,341,'tr_TR','Şehir merkezinde'),
(370,342,'tr_TR','Şehir merkezine yakın'),
(371,343,'tr_TR','Metrobüse yakın'),
(372,344,'tr_TR','Deniz Ulaşımına yakın'),
(373,345,'tr_TR','Duş / WC'),
(374,346,'tr_TR','Jakuzi'),
(375,347,'tr_TR','Klima'),
(376,348,'tr_TR','Küvetli Banyo'),
(377,349,'tr_TR','Mini Bar'),
(378,350,'tr_TR','Müzik Yayını'),
(379,351,'tr_TR','Telefon'),
(380,352,'tr_TR','TV'),
(381,353,'tr_TR','Basketbol'),
(382,354,'tr_TR','Bilardo'),
(383,355,'tr_TR','Binicilik'),
(384,356,'tr_TR','Bowling'),
(385,357,'tr_TR','Fitness Merkezi'),
(386,358,'tr_TR','Futbol'),
(387,359,'tr_TR','Golf'),
(388,360,'tr_TR','Jimnastik Salonu'),
(389,361,'tr_TR','Kayak'),
(390,362,'tr_TR','Masa Tenisi'),
(391,363,'tr_TR','Mini Golf'),
(392,364,'tr_TR','Spor Kompleksi'),
(393,365,'tr_TR','Squash'),
(394,366,'tr_TR','Su Sporları'),
(395,367,'tr_TR','Tenis'),
(396,368,'tr_TR','Volybol');

/* Table structure for table `oc_t_ba_advert` */
CREATE TABLE IF NOT EXISTS `oc_t_ba_advert` (
  `pk_i_id` int(10) unsigned NOT NULL AUTO_INCREMENT,
  `fk_s_banner_id` varchar(500) DEFAULT NULL,
  `i_type` int(1) DEFAULT NULL,
  `s_name` varchar(100) DEFAULT NULL,
  `s_key` varchar(100) DEFAULT NULL,
  `s_url` varchar(500) DEFAULT NULL,
  `s_code` varchar(5000) DEFAULT NULL,
  `s_image` varchar(100) DEFAULT NULL,
  `i_views` int(10) DEFAULT 0,
  `i_clicks` int(10) DEFAULT 0,
  `d_price_click` decimal(10,3) DEFAULT 0.000,
  `d_price_view` decimal(10,3) DEFAULT 0.000,
  `d_budget` decimal(10,3) DEFAULT 0.000,
  `dt_date` timestamp NOT NULL DEFAULT current_timestamp(),
  `dt_expire` date DEFAULT NULL,
  `s_category` varchar(100) DEFAULT NULL,
  `s_size_width` varchar(10) DEFAULT NULL,
  `s_size_height` varchar(10) DEFAULT NULL,
  PRIMARY KEY (`pk_i_id`)
) ENGINE=InnoDB DEFAULT CHARSET=utf8;


/* Table structure for table `oc_t_ba_banner` */
CREATE TABLE IF NOT EXISTS `oc_t_ba_banner` (
  `pk_i_id` int(10) unsigned NOT NULL AUTO_INCREMENT,
  `s_name` varchar(100) DEFAULT NULL,
  `i_type` int(11) DEFAULT NULL,
  `s_hook` varchar(500) DEFAULT NULL,
  PRIMARY KEY (`pk_i_id`)
) ENGINE=InnoDB DEFAULT CHARSET=utf8;


/* Table structure for table `oc_t_ban_rule` */
CREATE TABLE IF NOT EXISTS `oc_t_ban_rule` (
  `pk_i_id` int(10) unsigned NOT NULL AUTO_INCREMENT,
  `s_name` varchar(250) NOT NULL DEFAULT '',
  `s_ip` varchar(50) NOT NULL DEFAULT '',
  `s_email` varchar(250) NOT NULL DEFAULT '',
  PRIMARY KEY (`pk_i_id`)
) ENGINE=InnoDB DEFAULT CHARSET=utf8;


/* Table structure for table `oc_t_category_alpha` */
CREATE TABLE IF NOT EXISTS `oc_t_category_alpha` (
  `fk_i_category_id` int(11) unsigned NOT NULL,
  `s_color` varchar(100) DEFAULT NULL,
  `s_icon` varchar(100) DEFAULT NULL,
  PRIMARY KEY (`fk_i_category_id`),
  UNIQUE KEY `fk_i_category_id` (`fk_i_category_id`),
  CONSTRAINT `oc_t_category_alpha_ibfk_1` FOREIGN KEY (`fk_i_category_id`) REFERENCES `oc_t_category` (`pk_i_id`) ON DELETE CASCADE ON UPDATE CASCADE
) ENGINE=InnoDB DEFAULT CHARSET=utf8;

/* dumping data for table `oc_t_category_alpha` */
insert into `oc_t_category_alpha` values
(1,null,null),
(4,null,null),
(9,null,null),
(12,null,null),
(13,null,null),
(14,null,null),
(15,null,null),
(16,null,null),
(17,null,null),
(18,null,null),
(19,null,null),
(20,null,null),
(21,null,null),
(22,null,null),
(23,null,null),
(24,null,null),
(25,null,null),
(26,null,null),
(27,null,null),
(28,null,null),
(29,null,null),
(30,null,null),
(43,null,null),
(44,null,null),
(45,null,null),
(46,null,null),
(47,null,null),
(48,null,null),
(49,null,null),
(50,null,null),
(51,null,null),
(96,null,null),
(97,null,null),
(98,null,null),
(99,null,null),
(102,null,null),
(103,null,null),
(104,null,null),
(107,null,null),
(108,null,null),
(109,null,null),
(110,null,null),
(111,null,null),
(112,null,null),
(113,null,null),
(114,null,null),
(115,null,null),
(116,null,null),
(117,null,null),
(118,null,null),
(119,null,''),
(120,null,null),
(121,null,null),
(122,null,null),
(123,null,null),
(124,null,null),
(125,null,null),
(126,null,null),
(127,null,null),
(128,null,null),
(129,null,null),
(130,null,null),
(131,null,null),
(132,null,null),
(133,null,null),
(134,null,null),
(135,null,null),
(136,null,null),
(137,null,null),
(138,null,null),
(139,null,null),
(140,null,null),
(141,null,null),
(142,null,null),
(143,null,null),
(144,null,null),
(145,null,null),
(146,null,null),
(147,null,null),
(148,null,null),
(149,null,null),
(150,null,null),
(151,null,null),
(152,null,null),
(153,null,null),
(154,null,null),
(155,null,null),
(156,null,null),
(157,null,null),
(158,null,null),
(159,null,null),
(160,null,null),
(161,null,null),
(162,null,null),
(163,null,null),
(164,null,null),
(165,null,null),
(166,null,null),
(167,null,null),
(168,null,null),
(169,null,null),
(170,null,null),
(171,null,null),
(172,null,null),
(173,null,null),
(174,null,null),
(175,null,null),
(176,null,null),
(177,null,null),
(178,null,null),
(179,null,null),
(180,null,null),
(181,null,null),
(182,null,null),
(183,null,null),
(184,null,null),
(185,null,null),
(186,null,null),
(187,null,null),
(188,null,null),
(189,null,null),
(190,null,null),
(191,null,null),
(192,null,null),
(193,null,null),
(194,null,null),
(195,null,null),
(196,null,null),
(197,null,null),
(198,null,null);

/* Table structure for table `oc_t_city_stats` */
CREATE TABLE IF NOT EXISTS `oc_t_city_stats` (
  `fk_i_city_id` int(10) unsigned NOT NULL,
  `i_num_items` int(10) unsigned NOT NULL DEFAULT 0,
  PRIMARY KEY (`fk_i_city_id`),
  KEY `idx_num_items` (`i_num_items`),
  CONSTRAINT `oc_t_city_stats_ibfk_1` FOREIGN KEY (`fk_i_city_id`) REFERENCES `oc_t_city` (`pk_i_id`)
) ENGINE=InnoDB DEFAULT CHARSET=utf8;

/* dumping data for table `oc_t_city_stats` */
insert into `oc_t_city_stats` values
(2295781,0),
(2295800,0),
(2295801,0),
(2295805,0),
(2295844,0),
(2295891,0),
(2295907,0),
(2295914,0),
(2295921,0),
(2295944,0),
(2295982,0),
(2296019,0),
(2296032,0),
(2296059,0),
(2296075,0),
(2296083,0),
(2296094,0),
(2296134,0),
(2296173,0),
(2296178,0),
(2296197,0),
(2296214,0),
(2296247,0),
(2296307,0),
(2296390,0),
(2296394,0),
(2296435,0),
(2296440,0),
(2296467,0),
(2296477,0),
(2296513,0),
(2296521,0),
(2296550,0),
(2296562,0),
(2296577,0),
(2296578,0),
(2296603,0),
(2296619,0),
(2296624,0),
(2296627,0),
(2296636,0),
(2296643,0),
(2296644,0),
(2296652,0),
(2296653,0),
(2296655,0),
(2296658,0),
(2296669,0),
(2296791,0),
(2296793,0),
(2296816,0),
(2296822,0),
(2296823,0),
(2296830,0),
(2296832,0),
(2296850,0),
(2296852,0),
(2296860,0),
(2296885,0),
(2296888,0),
(2296895,0),
(2296927,0),
(2296942,0),
(2296943,0),
(2296947,0),
(2296950,0),
(2296957,0),
(2297027,0),
(2297052,0),
(2297076,0),
(2297090,0),
(2297097,0),
(2297099,0),
(2297119,0),
(2297148,0),
(2297174,0),
(2297176,0),
(2297203,0),
(2297217,0),
(2297244,0),
(2297280,0),
(2297281,0),
(2297286,0),
(2297311,0),
(2297338,0),
(2297371,0),
(2297372,0),
(2297404,0),
(2297416,0),
(2297421,0),
(2297437,0),
(2297461,0),
(2297466,0),
(2297485,0),
(2297524,0),
(2297532,0),
(2297537,0),
(2297564,0),
(2297582,0),
(2297602,0),
(2297613,0),
(2297615,0),
(2297628,0),
(2297638,0),
(2297639,0),
(2297641,0),
(2297671,0),
(2297682,0),
(2297698,0),
(2297704,0),
(2297738,0),
(2297770,0),
(2297789,0),
(2297810,0),
(2297811,0),
(2297838,0),
(2297839,0),
(2297873,0),
(2297874,0),
(2297875,0),
(2297885,0),
(2297898,0),
(2297917,0),
(2297949,0),
(2297957,0),
(2297958,0),
(2297972,0),
(2298000,0),
(2298033,0),
(2298056,0),
(2298088,0),
(2298092,0),
(2298097,0),
(2298117,0),
(2298138,0),
(2298198,0),
(2298202,0),
(2298229,0),
(2298230,0),
(2298249,0),
(2298299,0),
(2298316,0),
(2298326,0),
(2298333,0),
(2298378,0),
(2298382,0),
(2298427,0),
(2298433,0),
(2298451,0),
(2298454,0),
(2298459,0),
(2298466,0),
(2298471,0),
(2298473,0),
(2298482,0),
(2298485,0),
(2298487,0),
(2298489,0),
(2298503,0),
(2298507,0),
(2298510,0),
(2298512,0),
(2298514,0),
(2298522,0),
(2298533,0),
(2298549,0),
(2298555,0),
(2298564,0),
(2298575,0),
(2298576,0),
(2298585,0),
(2298612,0),
(2298630,0),
(2298637,0),
(2298647,0),
(2298687,0),
(2298716,0),
(2298728,0),
(2298729,0),
(2298758,0),
(2298781,0),
(2298806,0),
(2298816,0),
(2298846,0),
(2298870,0),
(2298882,0),
(2298893,0),
(2298895,0),
(2298935,0),
(2298940,0),
(2298953,0),
(2298968,0),
(2298969,0),
(2298977,0),
(2299044,0),
(2299054,0),
(2299084,0),
(2299086,0),
(2299137,0),
(2299157,0),
(2299163,0),
(2299180,0),
(2299205,0),
(2299268,0),
(2299272,0),
(2299281,0),
(2299312,0),
(2299345,0),
(2299346,0),
(2299354,0),
(2299376,0),
(2299379,0),
(2299413,0),
(2299445,0),
(2299455,0),
(2299499,0),
(2299532,0),
(2299545,0),
(2299547,0),
(2299575,0),
(2299582,0),
(2299681,0),
(2299701,0),
(2299711,0),
(2299724,0),
(2299755,0),
(2299762,0),
(2299783,0),
(2299786,0),
(2299801,0),
(2299804,0),
(2299817,0),
(2299824,0),
(2299864,0),
(2299898,0),
(2299900,0),
(2299930,0),
(2300027,0),
(2300030,0),
(2300058,0),
(2300075,0),
(2300087,0),
(2300141,0),
(2300195,0),
(2300201,0),
(2300257,0),
(2300258,0),
(2300261,0),
(2300273,0),
(2300282,0),
(2300299,0),
(2300304,0),
(2300320,0),
(2300324,0),
(2300352,0),
(2300371,0),
(2300377,0),
(2300399,0),
(2300438,0),
(2300440,0),
(2300593,0),
(2300601,0),
(2300603,0),
(2300614,0),
(2300616,0),
(2300619,0),
(2300632,0),
(2300635,0),
(2300640,0),
(2300732,0),
(2300743,0),
(2300754,0),
(2300761,0),
(2300767,0),
(2300791,0),
(2300796,0),
(2300797,0),
(2300808,0),
(2300822,0),
(2300920,0),
(2300933,0),
(2300976,0),
(2301010,0),
(2301019,0),
(2301038,0),
(2301043,0),
(2301089,0),
(2301097,0),
(2301101,0),
(2301116,0),
(2301139,0),
(2301151,0),
(2301158,0),
(2301161,0),
(2301167,0),
(2301172,0),
(2301209,0),
(2301238,0),
(2301251,0),
(2301256,0),
(2301258,0),
(2301271,0),
(2301279,0),
(2301290,0),
(2301302,0),
(2301349,0),
(2301350,0),
(2301353,0),
(2301387,0),
(2301417,0),
(2301431,0),
(2301453,0),
(2301476,0),
(2301483,0),
(2301492,0),
(2301529,0),
(2301537,0),
(2301539,0),
(2301546,0),
(2301566,0),
(2301567,0),
(2301609,0),
(2301653,0),
(2301657,0),
(2301658,0),
(2301664,0),
(2301668,0),
(2301731,0),
(2301740,0),
(2301824,0),
(2301827,0),
(2301829,0),
(2301884,0),
(2301911,0),
(2301920,0),
(2301922,0),
(2301943,0),
(2302043,0),
(2302147,0),
(2302150,0),
(2302165,0),
(2302182,0),
(2302233,0),
(2302241,0),
(2302326,0),
(2302330,0),
(2302355,0),
(2302401,0),
(2302407,0),
(2302469,0),
(2302482,0),
(2302525,0),
(2302570,0),
(2302571,0),
(2302623,0),
(2302624,0),
(2302645,0),
(2302656,0),
(2302667,0),
(2302672,0),
(2302678,0),
(2302720,0),
(2302724,0),
(2302755,0),
(2302781,0),
(2302787,0),
(2302800,0),
(2302816,0),
(2302819,0),
(2302824,0),
(2302880,0),
(2302903,0),
(2302912,0),
(2302914,0),
(2302924,0),
(2302951,0),
(2302963,0),
(2302971,0),
(2302981,0),
(2302986,0),
(2303007,0),
(2303013,0),
(2303022,0),
(2303046,0),
(2303051,0),
(2303053,0),
(2303055,0),
(2303062,0),
(2303063,0),
(2303074,0),
(2303086,0),
(2303092,0),
(2303136,0),
(2303147,0),
(2303177,0),
(2303195,0),
(2303253,0),
(2303274,0),
(2303290,0),
(2303304,0),
(2303305,0),
(2303306,0),
(2303333,0),
(2303353,0),
(2303354,0),
(2303357,0),
(2303373,0),
(2303386,0),
(2303409,0),
(2303484,0),
(2303495,0),
(2303499,0),
(2303501,0),
(2303502,0),
(2303512,0),
(2303519,0),
(2303532,0),
(2303593,0),
(2303626,0),
(2303633,0),
(2303642,0),
(2303648,0),
(2303651,0),
(2303654,0),
(2303693,0),
(2303700,0),
(2303720,0),
(2303750,0),
(2303755,0),
(2303763,0),
(2303798,0),
(2303819,0),
(2303827,0),
(2303831,0),
(2303839,0),
(2303845,0),
(2303847,0),
(2303872,0),
(2303873,0),
(2303890,0),
(2303897,0),
(2304003,0),
(2304009,0),
(2304013,0),
(2304078,0),
(2304081,0),
(2304110,0),
(2304184,0),
(2304196,0),
(2304322,0),
(2304341,0),
(2304349,0),
(2304352,0),
(2304355,0),
(2304357,0),
(2304365,0),
(2304382,0),
(2304397,0),
(2304414,0),
(2304430,0),
(2304437,0),
(2304439,0),
(2304440,0),
(2304444,0),
(2304489,0),
(2304516,0),
(2304531,0),
(2304538,0),
(2304568,0),
(2304574,0),
(2304612,0),
(2304637,0),
(2304734,0),
(2304738,0),
(2304782,0),
(2304783,0),
(2304797,0),
(2304827,0),
(2304854,0),
(2304916,0),
(2304922,0),
(2304964,0),
(2304998,0),
(2305005,0),
(2305089,0),
(2305182,0),
(2305191,0),
(2305193,0),
(2305210,0),
(2305219,0),
(2305237,0),
(2305263,0),
(2305268,0),
(2305282,0),
(2305321,0),
(2305359,0),
(2305389,0),
(2305411,0),
(2305458,0),
(2305532,0),
(2305664,0),
(2305680,0),
(2305685,0),
(2305690,0),
(2305695,0),
(2305699,0),
(2305737,0),
(2305742,0),
(2305750,0),
(2305810,0),
(2305837,0),
(2305927,0),
(2305931,0),
(2306041,0),
(2306078,0),
(2306112,0),
(2306143,0),
(2306146,0),
(2306148,0),
(2306193,0),
(2306205,0),
(2306207,0),
(2306247,0),
(2306285,0),
(2306288,0),
(2306298,0),
(2306299,0),
(2306308,0),
(2306382,0),
(2306384,0),
(2306411,0),
(2306460,0),
(2306474,0),
(2306476,0),
(2306512,0),
(2306537,0),
(2306546,0),
(2306571,0),
(2306612,0),
(2306618,0),
(2306622,0),
(2306625,0),
(2306788,0),
(2306816,0),
(2306817,0),
(2306833,0),
(2306859,0),
(2306874,0),
(2306908,0),
(2306929,0),
(2306931,0),
(2306935,0),
(2306962,0),
(2307014,0),
(2307084,0),
(2307102,0),
(2307129,0),
(2307187,0),
(2307211,0),
(2307287,0),
(2307430,0),
(2307432,0),
(2307459,0),
(2307467,0),
(2307515,0),
(2307531,0),
(2307623,0),
(2307625,0),
(2307654,0),
(2307657,0),
(2307727,0),
(2307786,0),
(2307864,0),
(2307887,0),
(2307939,0),
(2307941,0),
(2307953,0),
(2307992,0),
(2308024,0),
(2308027,0),
(2308041,0),
(2308084,0),
(2308133,0),
(2308176,0),
(2308199,0),
(2308217,0),
(2308220,0),
(2308224,0),
(2308230,0),
(2308233,0),
(2308261,0),
(2308353,0),
(2308365,0),
(2308382,0),
(2308385,0),
(2308389,0),
(2308400,0),
(2308455,0),
(2308464,0),
(2308496,0),
(2308510,0),
(2308528,0),
(2308543,0),
(2308549,0),
(2308551,0),
(2308552,0),
(2308554,0),
(2308572,0),
(2308582,0),
(2308584,0),
(2308603,0),
(2308612,0),
(2308648,0),
(2308676,0),
(2308697,0),
(2308698,0),
(2308710,0),
(2308762,0),
(2308776,0),
(2308869,0),
(2308880,0),
(2308919,0),
(2308948,0),
(2308998,0),
(2309008,0),
(2309014,0),
(2309032,0),
(2309077,0),
(2309131,0),
(2309134,0),
(2309175,0),
(2309182,0),
(2309199,0),
(2309312,0),
(2309358,0),
(2309415,0),
(2309476,0),
(2309512,0),
(2309527,0),
(2309554,0),
(2309591,0),
(2309610,0),
(2309633,0),
(2309647,0),
(2309663,0),
(2309705,0),
(2309758,0),
(2309821,0),
(2309851,0),
(2309989,0),
(2310004,0),
(2310006,0),
(2310044,0),
(2310187,0),
(2310200,0),
(2310202,0),
(2310232,0),
(2310267,0),
(2310399,0),
(2310467,0),
(2310494,0),
(2310496,0),
(2310554,0),
(2310610,0),
(2310641,0),
(2310663,0),
(2310677,0),
(2310784,0),
(2310789,0),
(2310791,0),
(2310855,0),
(2310859,0),
(2310888,0),
(2310892,0),
(2310907,0),
(2310956,0),
(2310982,0),
(2311033,0),
(2311046,0),
(2311050,0),
(2311054,0),
(2311073,0),
(2311111,0),
(2311129,0),
(2311135,0),
(2311159,0),
(2311163,0),
(2311191,0),
(2311193,0),
(2311198,0),
(2311214,0),
(2311252,0),
(2311257,0),
(2311264,0),
(2311292,0),
(2311310,0),
(2311314,0),
(2311318,0),
(2311326,0),
(2311373,0),
(2311423,0),
(2311433,0),
(2311453,0),
(2311469,0),
(2311533,0),
(2311543,0),
(2311547,0),
(2311553,0),
(2311568,0),
(2311595,0),
(2311603,0),
(2311604,0),
(2311606,0),
(2311618,0),
(2311626,0),
(2311628,0),
(2311645,0),
(2311665,0),
(2311704,0),
(2311708,0),
(2311711,0),
(2311769,0),
(2311777,0),
(2311869,0),
(2311962,0),
(2311994,0),
(2311998,0),
(2312024,0),
(2312041,0),
(2312048,0),
(2312073,0),
(2312114,0),
(2312134,0),
(2312143,0),
(2312218,0),
(2312245,0),
(2312251,0),
(2312253,0),
(2312256,0),
(2312289,0),
(2312293,0),
(2312322,0),
(2312355,0),
(2312364,0),
(2312365,0),
(2312405,0),
(2312421,0),
(2312447,0),
(2312479,0),
(2312504,0),
(2312531,0),
(2312539,0),
(2312544,0),
(2312546,0),
(2312613,0),
(2312663,0),
(2312690,0),
(2312699,0),
(2312731,0),
(2312771,0),
(2312817,0),
(2312820,0),
(2312862,0),
(2312881,0),
(2312894,0),
(2312899,0),
(2313013,0),
(2313063,0),
(2313087,0),
(2313110,0),
(2313179,0),
(2313199,0),
(2313213,0),
(2313214,0),
(2313224,0),
(2313226,0),
(2313242,0),
(2313267,0),
(2313314,0),
(2313315,0),
(2313331,0),
(2313352,0),
(2313356,0),
(2313376,0),
(2313380,0),
(2313413,0),
(2313428,0),
(2313430,0),
(2313431,0),
(2313434,0),
(2313500,0),
(2313504,0),
(2313520,0),
(2313526,0),
(2313546,0),
(2313567,0),
(2313584,0),
(2313635,0),
(2313640,0),
(2313658,0),
(2313669,0),
(2313713,0),
(2313727,0),
(2313742,0),
(2313746,0),
(2313794,0),
(2313796,0),
(2313825,0),
(2313840,0),
(2313900,0),
(2313922,0),
(2313942,0),
(2313945,0),
(2313947,0),
(2313960,0),
(2313963,0),
(2313973,0),
(2313995,0),
(2314038,0),
(2314052,0),
(2314053,0),
(2314072,0),
(2314075,0),
(2314077,0),
(2314087,0),
(2314136,0),
(2314137,0),
(2314164,0),
(2314188,0),
(2314250,0),
(2314294,0),
(2314302,0),
(2314311,0),
(2314324,0),
(2314350,0),
(2314362,0),
(2314364,0),
(2314373,0),
(2314400,0),
(2314529,0),
(2314534,0),
(2314554,0),
(2314557,0),
(2314573,0),
(2314588,0),
(2314608,0),
(2314648,0),
(2314665,0),
(2314677,0),
(2314698,0),
(2314716,0),
(2314746,0),
(2314752,0),
(2314770,0),
(2314777,0),
(2314812,0),
(2314830,0),
(2314903,0),
(2314923,0),
(2314967,0),
(2314996,0),
(2315000,0),
(2315061,0),
(2315081,0),
(2315104,0),
(2315115,0),
(2315132,0),
(2315183,0),
(2315185,0),
(2315202,0),
(2315211,0),
(2315246,0),
(2315252,0),
(2315256,0),
(2315272,0),
(2315368,0),
(2315373,0),
(2315377,0),
(2315378,0),
(2315393,0),
(2315401,0),
(2315408,0),
(2315434,0),
(2315468,0),
(2315469,0),
(2315498,0),
(2315503,0),
(2315515,0),
(2315519,0),
(2315530,0),
(2315617,0),
(2315621,0),
(2315639,0),
(2315655,0),
(2315696,0),
(2315697,0),
(2315720,0),
(2315727,0),
(2315744,0),
(2315758,0),
(2315795,0),
(2315798,0),
(2315800,0),
(2315808,0),
(2315828,0),
(2315833,0),
(2315835,0),
(2315847,0),
(2315873,0),
(2315905,0),
(2315945,0),
(2315953,0),
(2315985,0),
(2315991,0),
(2316027,0),
(2316028,0),
(2316030,0),
(2316032,0),
(2316033,0),
(2316041,0),
(2316051,0),
(2316095,0),
(2316096,0),
(2316098,0),
(2316102,0),
(2316120,0),
(2316129,0),
(2316132,0),
(2316165,0),
(2316187,0),
(2316209,0),
(2316245,0),
(2316270,0),
(2316275,0),
(2316276,0),
(2316284,0),
(2316330,0),
(2316338,0),
(2316343,0),
(2316366,0),
(2316411,0),
(2316431,0),
(2316433,0),
(2316440,0),
(2316443,0),
(2316466,0),
(2316473,0),
(2316475,0),
(2316492,0),
(2316497,0),
(2316525,0),
(2316541,0),
(2316542,0),
(2316544,0),
(2316555,0),
(2316572,0),
(2316574,0),
(2316597,0),
(2316634,0),
(2316648,0),
(2316681,0),
(2316685,0),
(2316726,0),
(2316739,0),
(2316746,0),
(2316748,0),
(2316768,0),
(2316769,0),
(2316795,0),
(2316807,0),
(2316835,0),
(2316859,0),
(2316877,0),
(2316909,0),
(2316910,0),
(2317022,0),
(2317049,0),
(2317095,0),
(2317109,0),
(2317133,0),
(2317154,0),
(2317169,0),
(2317174,0),
(2317187,0),
(2317241,0),
(2317257,0),
(2317273,0),
(2317332,0),
(2317367,0),
(2317458,0),
(2317496,0),
(2317515,0),
(2317543,0),
(2317587,0),
(2317588,0),
(2317620,0),
(2317630,0),
(2317643,0),
(2317681,0),
(2317697,0),
(2317719,0),
(2317762,0),
(2317765,0),
(2317837,0),
(2317844,0),
(2317851,0),
(2317883,0),
(2317953,0),
(2317972,0),
(2318053,0),
(2318130,0),
(2318132,0),
(2318137,0),
(2318148,0),
(2318214,0),
(2318232,0),
(2318253,0),
(2318256,0),
(2318264,0),
(2318332,0),
(2318349,0),
(2318372,0),
(2318382,0),
(2318383,0),
(2318396,0),
(2318467,0),
(2318506,0),
(2318520,0),
(2318526,0),
(2318544,0),
(2318567,0),
(2318585,0),
(2318588,0),
(2318603,0),
(2318668,0),
(2318675,0),
(2318679,0),
(2318695,0),
(2318737,0),
(2318755,0),
(2318766,0),
(2318835,0),
(2318848,0),
(2318883,0),
(2318904,0),
(2319011,0),
(2319069,0),
(2319091,0),
(2319104,0),
(2319118,0),
(2319128,0),
(2319222,0),
(2319248,0),
(2319255,0),
(2319277,0),
(2319298,0),
(2319299,0),
(2319303,0),
(2319309,0),
(2319402,0),
(2319460,0),
(2319466,0),
(2319487,0),
(2319527,0),
(2319670,0),
(2319761,0),
(2319783,0),
(2319787,0),
(2319863,0),
(2319949,0),
(2319950,0),
(2319952,0),
(2319965,0),
(2320004,0),
(2320152,0),
(2320177,0),
(2320201,0),
(2320206,0),
(2320240,0),
(2320248,0),
(2320283,0),
(2320295,0),
(2320369,0),
(2320374,0),
(2320392,0),
(2320406,0),
(2320437,0),
(2320441,0),
(2320448,0),
(2320461,0),
(2320494,0),
(2320495,0),
(2320506,0),
(2320533,0),
(2320551,0),
(2320552,0),
(2320557,0),
(2320566,0),
(2320568,0),
(2320581,0),
(2320606,0),
(2320620,0),
(2320621,0),
(2320635,0),
(2320647,0),
(2320700,0),
(2320715,0),
(2320730,0),
(2320734,0),
(2320740,0),
(2320745,0),
(2320754,0),
(2320768,0),
(2320829,0),
(2320835,0),
(2320840,0),
(2320871,0),
(2320879,0),
(2320902,0),
(2320913,0),
(2320917,0),
(2320942,0),
(2320962,0),
(2320986,0),
(2320995,0),
(2321025,0),
(2321031,0),
(2321062,0),
(2321075,0),
(2321082,0),
(2321088,0),
(2321089,0),
(2321107,0),
(2321120,0),
(2321125,0),
(2321136,0),
(2321184,0),
(2321191,0),
(2321219,0),
(2321253,0),
(2321327,0),
(2321337,0),
(2321348,0),
(2321360,0),
(2321405,0),
(2321426,0),
(2321437,0),
(2321463,0),
(2321473,0),
(2321513,0),
(2321529,0),
(2321542,0),
(2321544,0),
(2321572,0),
(2321580,0),
(2321584,0),
(2321637,0),
(2321658,0),
(2321673,0),
(2321749,0),
(2321750,0),
(2321752,0),
(2321772,0),
(2321786,0),
(2321788,0),
(2321814,0),
(2321836,0),
(2321851,0),
(2321852,0),
(2321868,0),
(2321879,0),
(2321887,0),
(2321919,0),
(2321929,0),
(2321935,0),
(2321940,0),
(2321953,0),
(2321979,0),
(2321984,0),
(2322002,0),
(2322018,0),
(2322051,0),
(2322060,0),
(2322076,0),
(2322130,0),
(2322137,0),
(2322165,0),
(2322239,0),
(2322250,0),
(2322261,0),
(2322297,0),
(2322324,0),
(2322380,0),
(2322391,0),
(2322398,0),
(2322460,0),
(2322461,0),
(2322462,0),
(2322471,0),
(2322508,0),
(2322559,0),
(2322592,0),
(2322618,0),
(2322663,0),
(2322673,0),
(2322678,0),
(2322692,0),
(2322744,0),
(2322752,0),
(2322810,0),
(2322813,0),
(2322816,0),
(2322817,0),
(2322818,0),
(2322826,0),
(2322830,0),
(2322832,0),
(2322887,0),
(2322965,0),
(2322975,0),
(2322996,0),
(2323014,0),
(2323019,0),
(2323032,0),
(2323039,0),
(2323059,0),
(2323062,0),
(2323082,0),
(2323094,0),
(2323179,0),
(2323225,0),
(2323232,0),
(2323345,0),
(2323395,0),
(2323402,0),
(2323404,0),
(2323424,0),
(2323453,0),
(2323457,0),
(2323462,0),
(2323513,0),
(2323515,0),
(2323534,0),
(2323602,0),
(2323629,0),
(2323653,0),
(2323656,0),
(2323660,0),
(2323721,0),
(2323733,0),
(2323736,0),
(2323739,0),
(2323740,0),
(2323750,0),
(2323777,0),
(2323779,0),
(2323788,0),
(2323797,0),
(2323806,0),
(2323828,0),
(2323839,0),
(2323854,0),
(2323856,0),
(2323876,0),
(2323886,0),
(2323887,0),
(2323890,0),
(2323899,0),
(2323906,0),
(2323911,0),
(2323921,0),
(2323927,0),
(2323930,0),
(2323948,0),
(2323963,0),
(2324078,0),
(2324106,0),
(2324144,0),
(2324172,0),
(2324185,0),
(2324190,0),
(2324228,0),
(2324251,0),
(2324273,0),
(2324294,0),
(2324312,0),
(2324315,0),
(2324368,0),
(2324384,0),
(2324418,0),
(2324448,0),
(2324470,0),
(2324472,0),
(2324474,0),
(2324477,0),
(2324486,0),
(2324490,0),
(2324496,0),
(2324590,0),
(2324613,0),
(2324621,0),
(2324630,0),
(2324631,0),
(2324643,0),
(2324651,0),
(2324666,0),
(2324698,0),
(2324735,0),
(2324750,0),
(2324768,0),
(2324899,0),
(2324944,0),
(2324953,0),
(2324976,0),
(2324984,0),
(2324989,0),
(2325013,0),
(2325018,0),
(2325028,0),
(2325031,0),
(2325043,0),
(2325045,0),
(2325052,0),
(2325066,0),
(2325103,0),
(2325171,0),
(2325183,0),
(2325269,0),
(2325303,0),
(2325304,0),
(2325330,0),
(2325336,0),
(2325363,0),
(2325420,0),
(2325426,0),
(2325445,0),
(2325449,0),
(2325474,0),
(2392047,0),
(2392048,0),
(2392049,0),
(2392050,0),
(2392051,0),
(2392059,0),
(2392066,0),
(2392071,0),
(2408511,0),
(2408523,0),
(2408526,0),
(2408527,0),
(2408534,0),
(2408548,0),
(2415534,0),
(2435948,0),
(2435977,0),
(2435982,0),
(2435985,0),
(2436035,0),
(2436042,0),
(2436092,0),
(2436094,0),
(2436138,0),
(2436200,0),
(2436213,0),
(2436295,0),
(2436324,0),
(2436326,0),
(2436359,0),
(2436370,0),
(2436371,0),
(2436378,0),
(2436396,0),
(2436411,0),
(2436412,0),
(2436415,0),
(2436418,0),
(2436428,0),
(2436438,0),
(2436507,0),
(2436657,0),
(2436917,0),
(2436918,0),
(2436995,0),
(2437231,0),
(2437232,0),
(2437233,0),
(2437234,0),
(2437235,0),
(2437237,0),
(2437238,0),
(2437239,0),
(2437241,0),
(2437469,0),
(2437512,0),
(2437596,0),
(2437597,0),
(2437598,0),
(2437599,0),
(2437601,0),
(2437602,0),
(2437603,0),
(2437605,0),
(2437606,0),
(2437609,0),
(2437610,0),
(2437611,0),
(2437612,0),
(2437613,0),
(2437614,0),
(2437615,0),
(2437616,0),
(2437619,0),
(2437623,0),
(2437736,0),
(2437794,0),
(2437967,0),
(2438035,0),
(2438046,0),
(2438056,0),
(2438059,0),
(2438084,0),
(2438096,0),
(2438102,0),
(2438104,0),
(2438110,0),
(2438116,0),
(2438119,0),
(2438122,0),
(2438125,0),
(2438129,0),
(2438158,0),
(2438161,0),
(2438162,0),
(2438175,0),
(2438178,0),
(2438184,0),
(2438192,0),
(2438207,0),
(2438215,0),
(2438229,0),
(2438231,0),
(2438232,0),
(2438234,0),
(2438236,0),
(2438237,0),
(2438240,0),
(2438241,0),
(2438242,0),
(2438243,0),
(2438245,0),
(2438246,0),
(2438322,0),
(2438324,0),
(2438326,0),
(2438327,0),
(2438353,0),
(2438392,0),
(2438397,0),
(2438398,0),
(2438400,0),
(2438401,0),
(2438443,0),
(2438445,0),
(2438548,0),
(2438549,0),
(2438550,0),
(2438609,0),
(2438908,0),
(2438909,0),
(2438967,0),
(2439012,0),
(2439026,0),
(2439041,0),
(2439067,0),
(2439068,0),
(2439093,0),
(2439098,0),
(2439099,0),
(2439100,0),
(2439101,0),
(2439102,0),
(2439103,0),
(2439104,0),
(2439105,0),
(2439117,0),
(2439118,0),
(2439119,0),
(2439124,0),
(2439128,0),
(2439134,0),
(2439157,0),
(2439160,0),
(2439162,0),
(2439170,0),
(2439171,0),
(2439172,0),
(2439200,0),
(2439208,0),
(2439209,0),
(2439210,0),
(2439211,0),
(2439212,0),
(2439213,0),
(2439214,0),
(2439215,0),
(2439216,0),
(2439217,0),
(2439218,0),
(2439219,0),
(2439220,0),
(2439221,0),
(2439222,0),
(2439223,0),
(2439224,0),
(2439227,0),
(2439228,0),
(2439229,0),
(2439580,0),
(2439693,0),
(2439706,0),
(2439707,0),
(2440072,0),
(2440225,0),
(2440475,0),
(2441178,0),
(2441754,0),
(2441801,0),
(2441816,0),
(2441817,0),
(2441818,0),
(2441844,0),
(2441849,0),
(2441863,0),
(2441864,0),
(2441868,0),
(2441873,0),
(2441934,0),
(2442014,0),
(2442065,0),
(2442301,0),
(2447025,0),
(2447049,0),
(2447273,0),
(2448121,0),
(2737022,0),
(2737054,0),
(2737071,0),
(2737119,0),
(2737140,0),
(2737421,0),
(2737529,0),
(2737611,0),
(2737614,0),
(2737660,0),
(2737709,0),
(2737756,0),
(2737961,0),
(2737980,0),
(2738025,0),
(2738055,0),
(2738064,0),
(2738085,0),
(2738124,0),
(2738154,0),
(2738167,0),
(2738168,0),
(2738183,0),
(2738228,0),
(2738251,0),
(2738276,0),
(2738326,0),
(2738329,0),
(2738349,0),
(2738372,0),
(2738377,0),
(2738444,0),
(2738457,0),
(2738468,0),
(2738505,0),
(2738614,0),
(2738618,0),
(2738627,0),
(2738648,0),
(2738662,0),
(2738668,0),
(2738674,0),
(2738715,0),
(2738743,0),
(2738753,0),
(2738803,0),
(2738858,0),
(2738907,0),
(2738927,0),
(2738962,0),
(2738965,0),
(2738985,0),
(2739015,0),
(2739061,0),
(2739067,0),
(2739107,0),
(2739161,0),
(2739201,0),
(2739209,0),
(2739215,0),
(2739236,0),
(2739251,0),
(2739273,0),
(2739318,0),
(2739393,0),
(2739425,0),
(2739451,0),
(2739459,0),
(2739549,0),
(2739574,0),
(2739600,0),
(2739634,0),
(2739636,0),
(2739693,0),
(2739742,0),
(2739815,0),
(2739816,0),
(2739827,0),
(2739838,0),
(2739847,0),
(2739911,0),
(2739914,0),
(2739917,0),
(2739950,0),
(2740088,0),
(2740230,0),
(2740237,0),
(2740264,0),
(2740303,0),
(2740430,0),
(2740462,0),
(2740483,0),
(2740531,0),
(2740561,0),
(2740570,0),
(2740581,0),
(2740605,0),
(2740650,0),
(2740659,0),
(2740677,0),
(2740729,0),
(2740876,0),
(2740881,0),
(2740883,0),
(2740940,0),
(2741002,0),
(2741037,0),
(2741045,0),
(2741100,0),
(2741136,0),
(2741160,0),
(2741240,0),
(2741274,0),
(2741304,0),
(2741322,0),
(2741330,0),
(2741335,0),
(2741347,0),
(2741385,0),
(2741484,0),
(2741487,0),
(2741529,0),
(2741538,0),
(2741570,0),
(2741609,0),
(2741628,0),
(2741638,0),
(2741692,0),
(2741725,0),
(2741727,0),
(2741730,0),
(2741737,0),
(2741763,0),
(2741771,0),
(2741850,0),
(2741855,0),
(2741878,0),
(2741884,0),
(2741892,0),
(2742095,0),
(2742138,0),
(2742164,0),
(2742171,0),
(2742179,0),
(2742189,0),
(2742214,0),
(2742215,0),
(2742238,0),
(2742266,0),
(2742273,0),
(2742292,0),
(2742348,0),
(2742422,0),
(2742498,0),
(2742499,0),
(2742588,0),
(2742606,0),
(2742617,0),
(2742657,0),
(2742658,0),
(2742686,0),
(2742794,0),
(2742875,0),
(2742902,0),
(2742987,0),
(2743051,0),
(2743166,0),
(2743256,0),
(2743316,0),
(2743367,0),
(2743382,0),
(2743404,0),
(2743438,0),
(2743439,0),
(2743486,0),
(2743537,0),
(2743558,0),
(2743615,0),
(2743616,0),
(2743633,0),
(2743635,0),
(2743638,0),
(2743732,0),
(2743818,0),
(2743851,0),
(2743882,0),
(2743952,0),
(2744012,0),
(2744047,0),
(2744092,0),
(2744093,0),
(2744110,0),
(2744168,0),
(2744354,0),
(2744514,0),
(2744537,0),
(2744539,0),
(2744562,0),
(2744612,0),
(2744716,0),
(2744767,0),
(2744814,0),
(2744873,0),
(2744899,0),
(2744926,0),
(2744958,0),
(2745007,0),
(2745026,0),
(2745028,0),
(2745030,0),
(2745044,0),
(2745047,0),
(2745076,0),
(2745148,0),
(2745164,0),
(2745169,0),
(2745175,0),
(2745260,0),
(2745344,0),
(2745364,0),
(2745383,0),
(2745387,0),
(2745527,0),
(2745530,0),
(2745664,0),
(2745665,0),
(2745693,0),
(2745697,0),
(2745711,0),
(2745714,0),
(2745719,0),
(2745884,0),
(2745903,0),
(2745922,0),
(2745954,0),
(2746232,0),
(2746234,0),
(2746252,0),
(2746308,0),
(2746425,0),
(2746426,0),
(2746497,0),
(2746546,0),
(2746547,0),
(2746565,0),
(2746574,0),
(2746602,0),
(2746603,0),
(2746611,0),
(2746640,0),
(2746643,0),
(2746666,0),
(2746670,0),
(2746712,0),
(2746821,0),
(2746881,0),
(2746898,0),
(2746913,0),
(2746940,0),
(2746958,0),
(2746983,0),
(2747014,0),
(2747068,0),
(2747135,0),
(2747155,0),
(2747191,0),
(2747217,0),
(2747263,0),
(2747323,0),
(2747340,0),
(2747449,0),
(2747471,0),
(2747482,0),
(2747489,0),
(2747503,0),
(2747538,0),
(2747578,0),
(2747618,0),
(2747630,0),
(2747705,0),
(2747712,0),
(2747728,0),
(2747737,0),
(2747751,0),
(2747764,0),
(2747793,0),
(2747826,0),
(2747899,0),
(2747912,0),
(2747978,0),
(2747986,0),
(2748008,0),
(2748080,0),
(2748166,0),
(2748167,0),
(2748200,0),
(2748208,0),
(2748240,0),
(2748287,0),
(2748378,0),
(2748383,0),
(2748688,0),
(2748761,0),
(2748841,0),
(2748870,0),
(2748879,0),
(2748893,0),
(2749075,0),
(2749163,0),
(2749183,0),
(2749263,0),
(2749274,0),
(2749279,0),
(2749392,0),
(2749421,0),
(2749456,0),
(2749502,0),
(2749508,0),
(2749644,0),
(2749704,0),
(2749740,0),
(2749748,0),
(2749780,0),
(2749795,0),
(2749843,0),
(2749916,0),
(2750043,0),
(2750059,0),
(2750165,0),
(2750228,0),
(2750249,0),
(2750269,0),
(2750280,0),
(2750317,0),
(2750392,0),
(2750446,0),
(2750450,0),
(2750468,0),
(2750496,0),
(2750516,0),
(2750598,0),
(2750605,0),
(2750615,0),
(2750637,0),
(2750735,0),
(2750806,0),
(2750874,0),
(2750938,0),
(2751036,0),
(2751057,0),
(2751077,0),
(2751105,0),
(2751170,0),
(2751277,0),
(2751324,0),
(2751335,0),
(2751371,0),
(2751388,0),
(2751427,0),
(2751475,0),
(2751491,0),
(2751511,0),
(2751516,0),
(2751550,0),
(2751575,0),
(2751817,0),
(2751818,0),
(2751838,0),
(2751864,0),
(2751868,0),
(2751931,0),
(2751949,0),
(2751950,0),
(2751952,0),
(2751971,0),
(2751976,0),
(2752015,0),
(2752016,0),
(2752042,0),
(2752083,0),
(2752184,0),
(2752188,0),
(2752264,0),
(2752278,0),
(2752284,0),
(2752288,0),
(2752359,0),
(2752437,0),
(2752476,0),
(2752584,0),
(2752627,0),
(2752765,0),
(2752850,0),
(2752926,0),
(2831432,0),
(2857229,0),
(2857230,0),
(2857232,0),
(2862940,0),
(2862944,0),
(8354984,0),
(8354985,0),
(8544216,0),
(8620290,0),
(8692524,0),
(8692526,0),
(8697861,0),
(8940491,0),
(8940561,0),
(8941024,0),
(8947636,0),
(8947637,0),
(8947639,0),
(8947640,0),
(8947641,0),
(8955677,0),
(9280504,0),
(9281324,0),
(9548911,0),
(9627067,0),
(9628416,0),
(9628419,0),
(9628420,0),
(9701384,0),
(9778810,0),
(10073704,0),
(10074174,0),
(10138272,0),
(11072513,0),
(13238838,0),
(13238839,0),
(2323786,1);

/* Table structure for table `oc_t_country_stats` */
CREATE TABLE IF NOT EXISTS `oc_t_country_stats` (
  `fk_c_country_code` char(2) NOT NULL,
  `i_num_items` int(10) unsigned NOT NULL DEFAULT 0,
  PRIMARY KEY (`fk_c_country_code`),
  KEY `idx_num_items` (`i_num_items`),
  CONSTRAINT `oc_t_country_stats_ibfk_1` FOREIGN KEY (`fk_c_country_code`) REFERENCES `oc_t_country` (`pk_c_code`)
) ENGINE=InnoDB DEFAULT CHARSET=utf8;

/* dumping data for table `oc_t_country_stats` */
insert into `oc_t_country_stats` values
('TR',4);

/* Table structure for table `oc_t_im_block` */
CREATE TABLE IF NOT EXISTS `oc_t_im_block` (
  `pk_i_id` int(10) unsigned NOT NULL AUTO_INCREMENT,
  `i_user_id` int(11) DEFAULT NULL,
  `s_block_email` varchar(100) DEFAULT NULL,
  PRIMARY KEY (`pk_i_id`)
) ENGINE=InnoDB DEFAULT CHARSET=utf8;


/* Table structure for table `oc_t_im_messages` */
CREATE TABLE IF NOT EXISTS `oc_t_im_messages` (
  `pk_i_id` int(10) unsigned NOT NULL AUTO_INCREMENT,
  `fk_i_thread_id` int(11) DEFAULT NULL,
  `i_type` int(1) DEFAULT 0,
  `i_read` int(1) DEFAULT 0,
  `i_email_sent` int(1) DEFAULT 0,
  `s_message` varchar(5000) DEFAULT NULL,
  `s_file` varchar(100) DEFAULT NULL,
  `d_datetime` timestamp NOT NULL DEFAULT current_timestamp(),
  PRIMARY KEY (`pk_i_id`)
) ENGINE=InnoDB DEFAULT CHARSET=utf8;


/* Table structure for table `oc_t_im_threads` */
CREATE TABLE IF NOT EXISTS `oc_t_im_threads` (
  `i_thread_id` int(10) unsigned NOT NULL AUTO_INCREMENT,
  `s_title` varchar(200) DEFAULT NULL,
  `fk_i_item_id` int(11) DEFAULT NULL,
  `i_from_user_id` int(11) DEFAULT NULL,
  `s_from_user_name` varchar(100) DEFAULT NULL,
  `s_from_user_email` varchar(100) DEFAULT NULL,
  `i_from_user_notify` int(1) DEFAULT 1,
  `s_from_secret` varchar(20) DEFAULT NULL,
  `i_to_user_id` int(11) DEFAULT NULL,
  `s_to_user_name` varchar(100) DEFAULT NULL,
  `s_to_user_email` varchar(100) DEFAULT NULL,
  `i_to_user_notify` int(1) DEFAULT 1,
  `s_to_secret` varchar(20) DEFAULT NULL,
  `i_flag` int(1) DEFAULT 0,
  `i_offer_id` int(11) DEFAULT NULL,
  `d_datetime` timestamp NOT NULL DEFAULT current_timestamp(),
  PRIMARY KEY (`i_thread_id`)
) ENGINE=InnoDB AUTO_INCREMENT=3 DEFAULT CHARSET=utf8;

/* dumping data for table `oc_t_im_threads` */
insert into `oc_t_im_threads` values
(1,'Listing #70 inquiry',70,0,'Ahmet Yorulmaz','i.taylanizci152@gmail.com',1,'Cw7WB82z9S',8,'Taylan İzci','taylan@allmenkul.com',1,'dWng3q0aBh',0,null,'2022-03-12 07:51:01'),
(2,'Listing #70 inquiry',70,2,'Bahri Çökmez','bahri.cokmez@ucozgroup.com',1,'ZEvsBoZRkQ',8,'Taylan İzci','taylan@allmenkul.com',1,'rwyHUhEym9',0,null,'2022-03-12 07:51:16');

/* Table structure for table `oc_t_item_alpha` */
CREATE TABLE IF NOT EXISTS `oc_t_item_alpha` (
  `fk_i_item_id` int(11) unsigned NOT NULL,
  `s_phone` varchar(100) DEFAULT NULL,
  `i_condition` varchar(100) DEFAULT NULL,
  `i_transaction` varchar(100) DEFAULT NULL,
  `i_sold` varchar(100) DEFAULT NULL,
  PRIMARY KEY (`fk_i_item_id`),
  UNIQUE KEY `fk_i_item_id` (`fk_i_item_id`),
  CONSTRAINT `oc_t_item_alpha_ibfk_1` FOREIGN KEY (`fk_i_item_id`) REFERENCES `oc_t_item` (`pk_i_id`) ON DELETE CASCADE ON UPDATE CASCADE
) ENGINE=InnoDB DEFAULT CHARSET=utf8;

/* dumping data for table `oc_t_item_alpha` */
insert into `oc_t_item_alpha` values
(1,null,null,null,null),
(2,'7003925774','','',null),
(3,'7003925774','','',null),
(4,'7003925774','','',null),
(5,'7003925774','','',null),
(6,'7003925774','','',null),
(7,'7003925774','','',null),
(8,'7003925774','','',null),
(9,'7003925774','','',null),
(10,'7003925774','','',null),
(11,'7003925774','','',null),
(12,'7003925774','','',null),
(13,'7003925774','','',null),
(14,'7003925774','','',null),
(15,'7003925774','','',null),
(16,'7003925774','','',null),
(17,'7003925774','','',null),
(18,'7003925774','','',null),
(19,'7003925774','','',null),
(20,'7003925774','','',null),
(21,'7003925774','','',null),
(22,'7003925774','','',null),
(23,'7003925774','','',null),
(24,'7003925774','','',null),
(25,'7003925774','','',null),
(26,'7003925774','','',null),
(27,'7003925774','','',null),
(28,'7003925774','','',null),
(29,'7003925774','','',null),
(30,'7003925774','','',null),
(31,'7003925774','','',null),
(32,'7003925774','','',null),
(33,'7003925774','','',null),
(34,'7003925774','','',null),
(35,'7003925774','','',null),
(36,'7003925774','','',null),
(37,'7003925774','','',null),
(38,'7003925774','','',null),
(39,'7003925774','','',null),
(40,'7003925774','','',null),
(41,'7003925774','','',null),
(42,'7003925774','','',null),
(43,'7003925774','','',null),
(44,'7003925774','','',null),
(45,'7003925774','','',null),
(46,'7003925774','','',null),
(47,'7003925774','','',null),
(48,'7003925774','','',null),
(49,'7003925774','','',null),
(50,'7003925774','','',null),
(51,'7003925774','','',null),
(52,'7003925774','','',null),
(53,'7003925774','','',null),
(54,'7003925774','','',null),
(55,'7003925774','','',null),
(56,'7003925774','','',null),
(57,'7003925774','','',null),
(58,'7003925774','','',null),
(59,'7003925774','','',null),
(60,'7003925774','','',null),
(61,'7003925774','','',null),
(62,'7003925774','','',null),
(63,'7003925774','','',null),
(64,'7003925774','','',null),
(65,'7003925774','','',null),
(66,'7003925774','','',null),
(67,'7003925774','','',null),
(69,'','2','1',null),
(70,'05465641998','1','1',null),
(71,'+905455241291','2','3',null),
(75,'','0','1',null),
(76,'','','',null),
(77,'05465641998','','',null),
(78,'05465641998','','',null),
(79,'05465641998','1','1',null),
(80,'05465641998','0','0',null),
(81,'05465641998','','',null),
(82,'05433698844','1','3','0'),
(83,'05433698844','','3',null),
(84,'05465641998','1','1',null),
(85,'05465641998','1','1',null),
(86,'05465641998','1','1',null);

/* Table structure for table `oc_t_item_attribute` */
CREATE TABLE IF NOT EXISTS `oc_t_item_attribute` (
  `pk_i_id` int(11) NOT NULL AUTO_INCREMENT,
  `fk_i_item_id` int(10) unsigned NOT NULL,
  `fk_i_attribute_id` int(11) NOT NULL,
  `fk_i_attribute_value_id` int(11) DEFAULT NULL,
  `s_value` varchar(1000) DEFAULT NULL,
  PRIMARY KEY (`pk_i_id`),
  KEY `fk_i_item_id` (`fk_i_item_id`),
  KEY `fk_i_attribute_id` (`fk_i_attribute_id`),
  CONSTRAINT `oc_t_item_attribute_ibfk_1` FOREIGN KEY (`fk_i_item_id`) REFERENCES `oc_t_item` (`pk_i_id`) ON DELETE CASCADE ON UPDATE CASCADE,
  CONSTRAINT `oc_t_item_attribute_ibfk_2` FOREIGN KEY (`fk_i_attribute_id`) REFERENCES `oc_t_attribute` (`pk_i_id`) ON DELETE CASCADE ON UPDATE CASCADE
) ENGINE=InnoDB AUTO_INCREMENT=4 DEFAULT CHARSET=utf8;


/* Table structure for table `oc_t_item_offer` */
CREATE TABLE IF NOT EXISTS `oc_t_item_offer` (
  `i_offer_id` int(10) unsigned NOT NULL AUTO_INCREMENT,
  `fk_i_item_id` int(10) DEFAULT NULL,
  `i_quantity` int(3) DEFAULT 1,
  `i_price` bigint(20) DEFAULT NULL,
  `i_status` int(1) DEFAULT 0,
  `i_validate` int(1) DEFAULT 0,
  `s_comment` varchar(5000) DEFAULT NULL,
  `s_respond` varchar(5000) DEFAULT NULL,
  `i_user_id` int(10) DEFAULT NULL,
  `s_user_name` varchar(100) DEFAULT NULL,
  `s_user_email` varchar(100) DEFAULT NULL,
  `s_user_phone` varchar(100) DEFAULT NULL,
  `d_datetime` timestamp NOT NULL DEFAULT current_timestamp(),
  PRIMARY KEY (`i_offer_id`)
) ENGINE=InnoDB AUTO_INCREMENT=6 DEFAULT CHARSET=utf8;

/* dumping data for table `oc_t_item_offer` */
insert into `oc_t_item_offer` values
(1,70,1,10000000000,0,1,'',null,2,'Bahri Çökmez','bahri.cokmez@ucozgroup.com','5433698844','2022-03-12 10:42:52'),
(2,70,1,5000000000000,0,1,'ALıyorum',null,9,'deneme1','taylan@ucozgroup.com','05465641998','2022-03-12 13:48:41'),
(3,70,1,40000000,0,1,'deneme2',null,7,'Taylan','i.taylanizci152@gmail.com','05465641998','2022-03-19 11:39:12'),
(4,80,1,1000000,1,1,'','kabul ediyorum',12,'Bahri Çökmez','ckmzbahri535@gmail.com','','2022-03-21 10:24:54'),
(5,80,1,40000000,1,1,'','',8,'Taylan İzci','taylan@allmenkul.com','05433698844','2022-03-21 10:33:22');

/* Table structure for table `oc_t_item_offer_setting` */
CREATE TABLE IF NOT EXISTS `oc_t_item_offer_setting` (
  `pk_i_id` int(10) unsigned NOT NULL AUTO_INCREMENT,
  `fk_i_item_id` int(10) DEFAULT NULL,
  `i_enabled` int(1) DEFAULT 0,
  PRIMARY KEY (`pk_i_id`)
) ENGINE=InnoDB AUTO_INCREMENT=18 DEFAULT CHARSET=utf8;

/* dumping data for table `oc_t_item_offer_setting` */
insert into `oc_t_item_offer_setting` values
(1,70,1),
(2,71,0),
(6,75,0),
(7,76,0),
(8,77,0),
(9,78,0),
(10,79,0),
(11,80,1),
(12,81,0),
(13,82,1),
(14,83,0),
(15,84,0),
(16,85,0),
(17,86,0);

/* Table structure for table `oc_t_item_stats_alpha` */
CREATE TABLE IF NOT EXISTS `oc_t_item_stats_alpha` (
  `fk_i_item_id` int(11) unsigned NOT NULL,
  `i_num_phone_clicks` int(10) DEFAULT 0,
  `dt_date` date NOT NULL,
  PRIMARY KEY (`fk_i_item_id`,`dt_date`),
  CONSTRAINT `oc_t_item_stats_alpha_ibfk_1` FOREIGN KEY (`fk_i_item_id`) REFERENCES `oc_t_item` (`pk_i_id`) ON DELETE CASCADE ON UPDATE CASCADE
) ENGINE=InnoDB DEFAULT CHARSET=utf8;


/* Table structure for table `oc_t_latest_searches` */
CREATE TABLE IF NOT EXISTS `oc_t_latest_searches` (
  `d_date` datetime NOT NULL,
  `s_search` varchar(255) NOT NULL
) ENGINE=InnoDB DEFAULT CHARSET=utf8;

/* dumping data for table `oc_t_latest_searches` */
insert into `oc_t_latest_searches` values
('2022-03-11 20:38:53','ankara'),
('2022-03-11 20:39:34','ANKARA'),
('2022-03-11 20:43:00','ankara'),
('2022-03-11 20:43:08','deneme1'),
('2022-03-11 20:43:13','deneme1'),
('2022-03-11 20:43:38','deneme'),
('2022-03-11 20:43:46','deneme'),
('2022-03-11 20:43:47','deneme'),
('2022-03-12 10:35:54','beylik'),
('2022-03-12 10:36:12','sahibinden'),
('2022-03-14 14:35:29','ank'),
('2022-03-14 14:35:33','ankara'),
('2022-03-14 14:35:52','kiralık'),
('2022-03-14 22:15:20','EV'),
('2022-03-14 22:15:28','ARSA'),
('2022-03-14 22:15:33','ev,'),
('2022-03-14 22:15:36','ev'),
('2022-03-14 22:15:40','ev'),
('2022-03-14 22:15:44','ev'),
('2022-03-14 22:15:46','ev'),
('2022-03-14 22:15:47','ev'),
('2022-03-14 22:15:48','ev'),
('2022-03-14 22:15:50','ev'),
('2022-03-14 22:15:53','ev'),
('2022-03-14 22:15:55','ev'),
('2022-03-14 22:15:55','ev'),
('2022-03-14 22:15:56','ev'),
('2022-03-14 22:15:58','ev'),
('2022-03-17 15:39:06','ank'),
('2022-03-17 15:39:11','ankara'),
('2022-03-17 15:39:26','bey'),
('2022-03-17 15:39:35','beylikdüzü'),
('2022-03-17 15:39:37','beylikdüzü'),
('2022-03-19 11:03:38','ev'),
('2022-03-21 15:24:17','ankara'),
('2022-03-21 15:24:29','ankara'),
('2022-03-21 15:24:59','deneme'),
('2022-03-21 15:25:19','f'),
('2022-03-21 15:25:36','a'),
('2022-03-21 15:25:39','a'),
('2022-03-21 15:25:43','a');

/* Table structure for table `oc_t_locations_tmp` */
CREATE TABLE IF NOT EXISTS `oc_t_locations_tmp` (
  `id_location` varchar(10) NOT NULL,
  `e_type` enum('COUNTRY','REGION','CITY') NOT NULL,
  PRIMARY KEY (`id_location`,`e_type`)
) ENGINE=InnoDB DEFAULT CHARSET=utf8;


/* Table structure for table `oc_t_log` */
CREATE TABLE IF NOT EXISTS `oc_t_log` (
  `dt_date` datetime NOT NULL,
  `s_section` varchar(50) NOT NULL,
  `s_action` varchar(50) NOT NULL,
  `fk_i_id` int(10) unsigned NOT NULL,
  `s_data` varchar(250) NOT NULL,
  `s_ip` varchar(50) NOT NULL,
  `s_who` varchar(50) NOT NULL,
  `fk_i_who_id` int(10) unsigned NOT NULL
) ENGINE=InnoDB DEFAULT CHARSET=utf8;

/* dumping data for table `oc_t_log` */
insert into `oc_t_log` values
('2022-02-09 12:57:47','item','add',1,'Example Ad','85.97.147.156','admin',0),
('2022-03-04 05:22:11','user','register',1,'aliman_valves@rediffmail.com','115.96.152.179','user',1),
('2022-03-04 05:37:23','item','add',2,'','115.96.152.179','user',1),
('2022-03-04 05:37:40','item','add',3,'','115.96.152.179','user',1),
('2022-03-04 05:37:57','item','add',4,'','115.96.152.179','user',1),
('2022-03-04 05:38:11','item','add',5,'','115.96.152.179','user',1),
('2022-03-04 05:38:29','item','add',6,'','115.96.152.179','user',1),
('2022-03-04 05:38:44','item','add',7,'','115.96.152.179','user',1),
('2022-03-04 05:39:01','item','add',8,'','115.96.152.179','user',1),
('2022-03-04 05:39:17','item','add',9,'','115.96.152.179','user',1),
('2022-03-04 05:39:34','item','add',10,'','115.96.152.179','user',1),
('2022-03-04 05:39:49','item','add',11,'','115.96.152.179','user',1),
('2022-03-04 05:40:04','item','add',12,'','115.96.152.179','user',1),
('2022-03-04 05:40:24','item','add',13,'','115.96.152.179','user',1),
('2022-03-04 05:40:55','item','add',14,'','115.96.152.179','user',1),
('2022-03-04 05:41:12','item','add',15,'','115.96.152.179','user',1),
('2022-03-04 05:41:29','item','add',16,'','115.96.152.179','user',1),
('2022-03-04 05:41:43','item','add',17,'','115.96.152.179','user',1),
('2022-03-04 05:41:58','item','add',18,'','115.96.152.179','user',1),
('2022-03-04 05:42:12','item','add',19,'','115.96.152.179','user',1),
('2022-03-04 05:42:29','item','add',20,'','115.96.152.179','user',1),
('2022-03-04 05:42:44','item','add',21,'','115.96.152.179','user',1),
('2022-03-04 05:43:00','item','add',22,'','115.96.152.179','user',1),
('2022-03-04 05:43:18','item','add',23,'','115.96.152.179','user',1),
('2022-03-04 05:43:33','item','add',24,'','115.96.152.179','user',1),
('2022-03-04 05:43:48','item','add',25,'','115.96.152.179','user',1),
('2022-03-04 05:44:07','item','add',26,'','115.96.152.179','user',1),
('2022-03-04 05:44:24','item','add',27,'','115.96.152.179','user',1),
('2022-03-04 05:44:39','item','add',28,'','115.96.152.179','user',1),
('2022-03-04 05:44:57','item','add',29,'','115.96.152.179','user',1),
('2022-03-04 05:45:16','item','add',30,'','115.96.152.179','user',1),
('2022-03-04 05:45:33','item','add',31,'','115.96.152.179','user',1),
('2022-03-04 05:45:49','item','add',32,'','115.96.152.179','user',1),
('2022-03-04 05:46:04','item','add',33,'','115.96.152.179','user',1),
('2022-03-04 05:46:21','item','add',34,'','115.96.152.179','user',1),
('2022-03-04 05:46:37','item','add',35,'','115.96.152.179','user',1),
('2022-03-04 05:46:54','item','add',36,'','115.96.152.179','user',1),
('2022-03-04 05:47:09','item','add',37,'','115.96.152.179','user',1),
('2022-03-04 05:47:26','item','add',38,'','115.96.152.179','user',1),
('2022-03-04 05:47:41','item','add',39,'','115.96.152.179','user',1),
('2022-03-04 05:47:57','item','add',40,'','115.96.152.179','user',1),
('2022-03-04 05:48:12','item','add',41,'','115.96.152.179','user',1),
('2022-03-04 05:48:29','item','add',42,'','115.96.152.179','user',1),
('2022-03-04 05:48:45','item','add',43,'','115.96.152.179','user',1),
('2022-03-04 05:49:02','item','add',44,'','115.96.152.179','user',1),
('2022-03-04 05:49:18','item','add',45,'','115.96.152.179','user',1),
('2022-03-04 05:49:33','item','add',46,'','115.96.152.179','user',1),
('2022-03-04 05:49:48','item','add',47,'','115.96.152.179','user',1),
('2022-03-04 05:50:03','item','add',48,'','115.96.152.179','user',1),
('2022-03-04 05:50:21','item','add',49,'','115.96.152.179','user',1),
('2022-03-04 05:50:37','item','add',50,'','115.96.152.179','user',1),
('2022-03-04 05:50:53','item','add',51,'','115.96.152.179','user',1),
('2022-03-04 05:51:11','item','add',52,'','115.96.152.179','user',1),
('2022-03-04 05:51:25','item','add',53,'','115.96.152.179','user',1),
('2022-03-04 05:51:41','item','add',54,'','115.96.152.179','user',1),
('2022-03-04 05:51:58','item','add',55,'','115.96.152.179','user',1),
('2022-03-04 05:52:16','item','add',56,'','115.96.152.179','user',1),
('2022-03-04 05:52:33','item','add',57,'','115.96.152.179','user',1),
('2022-03-04 05:52:48','item','add',58,'','115.96.152.179','user',1),
('2022-03-04 05:53:04','item','add',59,'','115.96.152.179','user',1),
('2022-03-04 05:53:19','item','add',60,'','115.96.152.179','user',1),
('2022-03-04 05:53:41','item','add',61,'','115.96.152.179','user',1),
('2022-03-04 05:53:57','item','add',62,'','115.96.152.179','user',1),
('2022-03-04 05:54:15','item','add',63,'','115.96.152.179','user',1),
('2022-03-04 05:54:28','item','add',64,'','115.96.152.179','user',1),
('2022-03-04 05:54:46','item','add',65,'','115.96.152.179','user',1),
('2022-03-04 05:55:01','item','add',66,'','115.96.152.179','user',1),
('2022-03-04 05:55:19','item','add',67,'','115.96.152.179','user',1),
('2022-03-10 13:45:45','user','register',2,'bahri.cokmez@ucozgroup.com','78.186.126.90','user',2),
('2022-03-11 16:41:25','user','register',3,'i.taylanizci152@gmail.com','78.183.163.4','user',3),
('2022-03-11 16:45:43','user','register',4,'taylan@allmenkul.com','78.183.163.4','user',4),
('2022-03-11 16:57:33','user','register',5,'taylan@ucozgroup.com','78.183.163.4','user',5),
('2022-03-11 17:12:11','user','delete',5,'taylan@ucozgroup.com','78.183.163.4','admin',1),
('2022-03-11 17:12:11','user','delete',4,'taylan@allmenkul.com','78.183.163.4','admin',1),
('2022-03-11 17:12:11','user','delete',3,'i.taylanizci152@gmail.com','78.183.163.4','admin',1),
('2022-03-11 17:12:38','user','register',6,'i.taylanizci152@gmail.com','78.183.163.4','user',6),
('2022-03-11 17:21:06','user','register',7,'i.taylanizci152@gmail.com','78.183.163.4','user',7),
('2022-03-11 17:24:57','user','activate',7,'i.taylanizci152@gmail.com','78.183.163.4','admin',1),
('2022-03-11 17:26:54','item','add',68,'','78.183.163.4','user',7),
('2022-03-11 17:45:11','item','add',69,'','78.183.163.4','user',7),
('2022-03-12 10:11:40','user','register',8,'taylan@allmenkul.com','78.186.126.90','user',8),
('2022-03-12 10:25:23','user','activate',8,'taylan@allmenkul.com','78.186.126.90','admin',1),
('2022-03-12 10:28:12','user','edit',8,'taylan@allmenkul.com','78.186.126.90','user',8),
('2022-03-12 10:34:28','item','add',70,'','78.186.126.90','user',8),
('2022-03-12 13:47:16','user','register',9,'taylan@ucozgroup.com','88.227.137.85','user',9),
('2022-03-12 18:50:07','user','register',10,'ozkan.2012@gmail.com','88.130.49.190','user',10),
('2022-03-14 10:28:27','user','edit',8,'taylan@allmenkul.com','88.227.137.85','user',8),
('2022-03-14 10:29:32','item','edit',70,'','88.227.137.85','user',8),
('2022-03-14 10:38:34','item','edit',70,'','88.227.137.85','user',8),
('2022-03-14 10:45:40','item','edit',70,'','88.227.137.85','admin',1),
('2022-03-14 14:05:54','item','add',71,'','88.227.137.85','user',10),
('2022-03-15 14:14:20','item','add',72,'','78.186.126.90','user',2),
('2022-03-15 14:47:23','item','delete',72,'Aktiflik Deneme','78.186.126.90','user',2),
('2022-03-15 14:47:23','itemActions','deleteResourcesFromHD',72,'72','78.186.126.90','user',2),
('2022-03-15 14:47:23','item','delete resource',89,'89','78.186.126.90','user',2),
('2022-03-15 14:47:23','item','delete resource backtrace',89,'#0 osc_deleteResource called@ [/home/u170459449/domains/allmenkul.com/public_html/oc-includes/osclass/ItemActions.php:63] / #1 deleteResourcesFromHD called@ [/home/u170459449/domains/allmenkul.com/public_html/oc-includes/osclass/model/Item.php:1069] ','78.186.126.90','user',2),
('2022-03-15 14:47:23','item','delete resource',90,'90','78.186.126.90','user',2),
('2022-03-15 14:47:23','item','delete resource backtrace',90,'#0 osc_deleteResource called@ [/home/u170459449/domains/allmenkul.com/public_html/oc-includes/osclass/ItemActions.php:63] / #1 deleteResourcesFromHD called@ [/home/u170459449/domains/allmenkul.com/public_html/oc-includes/osclass/model/Item.php:1069] ','78.186.126.90','user',2),
('2022-03-15 14:47:23','item','delete resource',91,'91','78.186.126.90','user',2),
('2022-03-15 14:47:23','item','delete resource backtrace',91,'#0 osc_deleteResource called@ [/home/u170459449/domains/allmenkul.com/public_html/oc-includes/osclass/ItemActions.php:63] / #1 deleteResourcesFromHD called@ [/home/u170459449/domains/allmenkul.com/public_html/oc-includes/osclass/model/Item.php:1069] ','78.186.126.90','user',2),
('2022-03-15 14:47:23','item','delete resource',92,'92','78.186.126.90','user',2),
('2022-03-15 14:47:23','item','delete resource backtrace',92,'#0 osc_deleteResource called@ [/home/u170459449/domains/allmenkul.com/public_html/oc-includes/osclass/ItemActions.php:63] / #1 deleteResourcesFromHD called@ [/home/u170459449/domains/allmenkul.com/public_html/oc-includes/osclass/model/Item.php:1069] ','78.186.126.90','user',2),
('2022-03-15 14:47:23','itemActions','deleteResourcesFromHD',72,'89,90,91,92,','78.186.126.90','user',2),
('2022-03-15 14:51:46','item','add',73,'','78.186.126.90','user',2),
('2022-03-15 15:06:24','item','add',74,'','78.186.126.90','user',2),
('2022-03-15 15:12:37','item','delete',74,'Aktiflik Deneme 2','78.186.126.90','admin',1),
('2022-03-15 15:12:37','itemActions','deleteResourcesFromHD',74,'74','78.186.126.90','admin',1),
('2022-03-15 15:12:37','item','delete resource',94,'94','78.186.126.90','admin',1),
('2022-03-15 15:12:37','item','delete resource backtrace',94,'#0 osc_deleteResource called@ [/home/u170459449/domains/allmenkul.com/public_html/oc-includes/osclass/ItemActions.php:63] / #1 deleteResourcesFromHD called@ [/home/u170459449/domains/allmenkul.com/public_html/oc-includes/osclass/model/Item.php:1069] ','78.186.126.90','admin',1),
('2022-03-15 15:12:37','itemActions','deleteResourcesFromHD',74,'94,','78.186.126.90','admin',1),
('2022-03-15 15:12:40','item','delete',73,'Aktiflik Deneme 2','78.186.126.90','admin',1),
('2022-03-15 15:12:40','itemActions','deleteResourcesFromHD',73,'73','78.186.126.90','admin',1),
('2022-03-15 15:12:40','item','delete resource',93,'93','78.186.126.90','admin',1),
('2022-03-15 15:12:40','item','delete resource backtrace',93,'#0 osc_deleteResource called@ [/home/u170459449/domains/allmenkul.com/public_html/oc-includes/osclass/ItemActions.php:63] / #1 deleteResourcesFromHD called@ [/home/u170459449/domains/allmenkul.com/public_html/oc-includes/osclass/model/Item.php:1069] ','78.186.126.90','admin',1),
('2022-03-15 15:12:40','itemActions','deleteResourcesFromHD',73,'93,','78.186.126.90','admin',1),
('2022-03-15 15:13:09','item','add',75,'','78.186.126.90','user',2),
('2022-03-15 15:14:07','item','add',76,'','78.186.126.90','user',2),
('2022-03-16 12:58:53','user','edit',7,'i.taylanizci152@gmail.com','88.227.137.85','user',7),
('2022-03-17 10:42:00','item','add',77,'','88.227.137.85','user',7),
('2022-03-18 00:15:12','user','register',13,'dorinehudgins@1secmail.org','104.227.107.236','user',13),
('2022-03-21 10:06:00','item','add',78,'','88.227.137.85','user',7),
('2022-03-21 10:07:01','item','add',79,'','88.227.137.85','user',7),
('2022-03-21 10:16:53','item','add',80,'','88.227.137.85','user',7),
('2022-03-21 10:24:37','item','edit',80,'','88.227.137.85','admin',1),
('2022-03-21 11:10:39','item','add',81,'','88.227.137.85','user',7),
('2022-03-23 11:34:09','item','add',82,'','78.186.126.90','user',12),
('2022-03-28 08:01:04','user','register',15,'christianeheimbach2193@hidebox.org','154.12.121.241','user',15),
('2022-03-30 15:33:33','item','add',83,'','85.101.240.135','user',12),
('2022-04-01 10:11:57','item','add',84,'','85.101.240.135','user',7),
('2022-04-01 10:19:44','item','add',85,'','85.101.240.135','user',7),
('2022-04-01 10:25:09','item','add',86,'','85.101.240.135','user',7);

/* Table structure for table `oc_t_oc_chat` */
CREATE TABLE IF NOT EXISTS `oc_t_oc_chat` (
  `pk_i_id` int(10) unsigned NOT NULL AUTO_INCREMENT,
  `pk_i_chat_id` int(10) DEFAULT NULL,
  `i_from_user_id` int(10) DEFAULT NULL,
  `s_from_user_name` varchar(20) DEFAULT NULL,
  `i_to_user_id` int(10) DEFAULT NULL,
  `s_to_user_name` varchar(20) DEFAULT NULL,
  `s_text` varchar(1000) DEFAULT NULL,
  `i_shown` int(1) DEFAULT 0,
  `i_read` int(1) DEFAULT 0,
  `i_end` int(1) DEFAULT 0,
  `dt_datetime` timestamp NOT NULL DEFAULT current_timestamp(),
  PRIMARY KEY (`pk_i_id`),
  KEY `pk_i_chat_id` (`pk_i_chat_id`,`i_to_user_id`,`i_shown`)
) ENGINE=InnoDB AUTO_INCREMENT=11 DEFAULT CHARSET=utf8;

/* dumping data for table `oc_t_oc_chat` */
insert into `oc_t_oc_chat` values
(1,1,2,'Bahri Çökmez',7,'Taylan','hi',1,1,2,'2022-03-11 18:07:05'),
(2,1,7,'Taylan',2,'Bahri Çökmez','hello',1,1,2,'2022-03-11 18:07:19'),
(3,1,2,'Bahri Çökmez',7,'Taylan','h r u',1,1,2,'2022-03-11 18:07:57'),
(4,1,7,'Taylan',2,'Bahri Çökmez','fine',1,1,2,'2022-03-11 18:08:10'),
(5,1,7,'Taylan',2,'Bahri Çökmez','HAĞ HAĞ',1,1,2,'2022-03-11 18:08:18'),
(6,1,2,'Bahri Çökmez',7,'Taylan','zort',1,1,2,'2022-03-11 18:08:23'),
(7,2,2,'Bahri Çökmez',8,'Taylan İzci','merhaba<br />\r\n',1,1,2,'2022-03-12 07:38:10'),
(8,2,8,'Taylan İzci',2,'Bahri Çökmez','Merhabalar nasıl yardımcı olabilirm ?',1,1,2,'2022-03-12 07:38:40'),
(9,2,2,'Bahri Çökmez',8,'Taylan İzci','hala satılık mı',1,1,2,'2022-03-12 07:38:49'),
(10,2,8,'Taylan İzci',2,'Bahri Çökmez','hangisi ?',1,1,2,'2022-03-12 07:41:49');

/* Table structure for table `oc_t_oc_chat_block` */
CREATE TABLE IF NOT EXISTS `oc_t_oc_chat_block` (
  `pk_i_id` int(10) unsigned NOT NULL AUTO_INCREMENT,
  `i_user_id` int(10) DEFAULT NULL,
  `i_block_user_id` int(10) DEFAULT 0,
  PRIMARY KEY (`pk_i_id`)
) ENGINE=InnoDB AUTO_INCREMENT=2 DEFAULT CHARSET=utf8;


/* Table structure for table `oc_t_osp_bank_transfer` */
CREATE TABLE IF NOT EXISTS `oc_t_osp_bank_transfer` (
  `pk_i_id` int(11) NOT NULL AUTO_INCREMENT,
  `i_user_id` int(11) DEFAULT NULL,
  `s_transaction` varchar(20) DEFAULT NULL,
  `s_variable` varchar(20) DEFAULT NULL,
  `s_cart` varchar(5000) DEFAULT NULL,
  `s_description` varchar(500) DEFAULT NULL,
  `s_extra` varchar(5000) DEFAULT NULL,
  `i_paid` int(11) DEFAULT NULL,
  `f_price` float DEFAULT NULL,
  `dt_date` datetime DEFAULT NULL,
  `dt_date_paid` datetime DEFAULT NULL,
  PRIMARY KEY (`pk_i_id`)
) ENGINE=InnoDB DEFAULT CHARSET=utf8;


/* Table structure for table `oc_t_osp_banner` */
CREATE TABLE IF NOT EXISTS `oc_t_osp_banner` (
  `pk_i_id` int(10) unsigned NOT NULL AUTO_INCREMENT,
  `fk_i_user_id` int(11) DEFAULT NULL,
  `fk_s_banner_id` varchar(500) DEFAULT NULL,
  `i_type` int(1) DEFAULT NULL,
  `s_name` varchar(100) DEFAULT NULL,
  `s_key` varchar(100) DEFAULT NULL,
  `s_url` varchar(500) DEFAULT NULL,
  `s_code` varchar(5000) DEFAULT NULL,
  `d_price_click` decimal(10,3) DEFAULT 0.000,
  `d_price_view` decimal(10,3) DEFAULT 0.000,
  `d_budget` decimal(10,3) DEFAULT 0.000,
  `dt_date` timestamp NOT NULL DEFAULT current_timestamp(),
  `s_category` varchar(100) DEFAULT NULL,
  `s_size_width` varchar(10) DEFAULT NULL,
  `s_size_height` varchar(10) DEFAULT NULL,
  `i_status` int(1) DEFAULT 0,
  `s_comment` varchar(1000) DEFAULT NULL,
  `i_ba_advert_id` int(11) DEFAULT NULL,
  PRIMARY KEY (`pk_i_id`)
) ENGINE=InnoDB DEFAULT CHARSET=utf8;


/* Table structure for table `oc_t_osp_currency_rate` */
CREATE TABLE IF NOT EXISTS `oc_t_osp_currency_rate` (
  `s_from` varchar(3) NOT NULL,
  `s_to` varchar(3) NOT NULL,
  `f_rate` float DEFAULT 1,
  `dt_date` timestamp NOT NULL DEFAULT current_timestamp(),
  PRIMARY KEY (`s_from`,`s_to`)
) ENGINE=InnoDB DEFAULT CHARSET=utf8;

/* dumping data for table `oc_t_osp_currency_rate` */
insert into `oc_t_osp_currency_rate` values
('EUR','EUR',1,'2022-03-16 15:50:41'),
('GBP','GBP',1,'2022-03-16 15:50:43'),
('TRY','TRY',1,'2022-03-16 15:50:42'),
('USD','USD',1,'2022-03-16 15:50:44');

/* Table structure for table `oc_t_osp_item` */
CREATE TABLE IF NOT EXISTS `oc_t_osp_item` (
  `pk_i_id` int(11) NOT NULL AUTO_INCREMENT,
  `i_item_id` int(10) unsigned NOT NULL,
  `s_type` varchar(3) DEFAULT NULL,
  `i_paid` smallint(6) NOT NULL,
  `i_hours` int(11) DEFAULT NULL,
  `i_repeat` int(11) DEFAULT NULL,
  `dt_date` datetime NOT NULL,
  `dt_expire` datetime DEFAULT NULL,
  `s_keyword` varchar(250) DEFAULT NULL,
  `fk_i_payment_id` int(11) NOT NULL,
  PRIMARY KEY (`pk_i_id`),
  KEY `i_item_id` (`i_item_id`),
  CONSTRAINT `oc_t_osp_item_ibfk_1` FOREIGN KEY (`i_item_id`) REFERENCES `oc_t_item` (`pk_i_id`) ON DELETE CASCADE ON UPDATE CASCADE
) ENGINE=InnoDB DEFAULT CHARSET=utf8;


/* Table structure for table `oc_t_osp_item_data` */
CREATE TABLE IF NOT EXISTS `oc_t_osp_item_data` (
  `fk_i_item_id` int(11) NOT NULL,
  `i_sell` int(11) DEFAULT 0,
  `i_quantity` int(11) DEFAULT 1,
  `i_shipping` int(11) DEFAULT 0,
  `f_fee` float DEFAULT NULL,
  `s_type` varchar(3) DEFAULT NULL,
  PRIMARY KEY (`fk_i_item_id`)
) ENGINE=InnoDB DEFAULT CHARSET=utf8;

/* dumping data for table `oc_t_osp_item_data` */
insert into `oc_t_osp_item_data` values
(2,0,0,0,null,null),
(3,0,0,0,null,null),
(4,0,0,0,null,null),
(5,0,0,0,null,null),
(6,0,0,0,null,null),
(7,0,0,0,null,null),
(8,0,0,0,null,null),
(9,0,0,0,null,null),
(10,0,0,0,null,null),
(11,0,0,0,null,null),
(12,0,0,0,null,null),
(13,0,0,0,null,null),
(14,0,0,0,null,null),
(15,0,0,0,null,null),
(16,0,0,0,null,null),
(17,0,0,0,null,null),
(18,0,0,0,null,null),
(19,0,0,0,null,null),
(20,0,0,0,null,null),
(21,0,0,0,null,null),
(22,0,0,0,null,null),
(23,0,0,0,null,null),
(24,0,0,0,null,null),
(25,0,0,0,null,null),
(26,0,0,0,null,null),
(27,0,0,0,null,null),
(28,0,0,0,null,null),
(29,0,0,0,null,null),
(30,0,0,0,null,null),
(31,0,0,0,null,null),
(32,0,0,0,null,null),
(33,0,0,0,null,null),
(34,0,0,0,null,null),
(35,0,0,0,null,null),
(36,0,0,0,null,null),
(37,0,0,0,null,null),
(38,0,0,0,null,null),
(39,0,0,0,null,null),
(40,0,0,0,null,null),
(41,0,0,0,null,null),
(42,0,0,0,null,null),
(43,0,0,0,null,null),
(44,0,0,0,null,null),
(45,0,0,0,null,null),
(46,0,0,0,null,null),
(47,0,0,0,null,null),
(48,0,0,0,null,null),
(49,0,0,0,null,null),
(50,0,0,0,null,null),
(51,0,0,0,null,null),
(52,0,0,0,null,null),
(53,0,0,0,null,null),
(54,0,0,0,null,null),
(55,0,0,0,null,null),
(56,0,0,0,null,null),
(57,0,0,0,null,null),
(58,0,0,0,null,null),
(59,0,0,0,null,null),
(60,0,0,0,null,null),
(61,0,0,0,null,null),
(62,0,0,0,null,null),
(63,0,0,0,null,null),
(64,0,0,0,null,null),
(65,0,0,0,null,null),
(66,0,0,0,null,null),
(67,0,0,0,null,null),
(69,0,0,0,null,null),
(70,0,0,0,null,null),
(71,0,0,0,null,null),
(75,0,0,0,null,null),
(76,0,0,0,null,null);

/* Table structure for table `oc_t_osp_log` */
CREATE TABLE IF NOT EXISTS `oc_t_osp_log` (
  `pk_i_id` int(11) NOT NULL AUTO_INCREMENT,
  `s_concept` varchar(200) NOT NULL,
  `dt_date` datetime NOT NULL,
  `s_code` varchar(255) NOT NULL,
  `f_amount` float NOT NULL,
  `i_amount` bigint(40) DEFAULT NULL,
  `s_currency_code` varchar(3) DEFAULT NULL,
  `s_email` varchar(200) DEFAULT NULL,
  `fk_i_user_id` int(11) DEFAULT NULL,
  `s_cart` varchar(5000) DEFAULT NULL,
  `s_source` varchar(20) NOT NULL,
  `i_product_type` varchar(20) NOT NULL,
  PRIMARY KEY (`pk_i_id`)
) ENGINE=InnoDB AUTO_INCREMENT=6 DEFAULT CHARSET=utf8;

/* dumping data for table `oc_t_osp_log` */
insert into `oc_t_osp_log` values
(1,'Credit for registration to user Aliman Valves Emporium (10&#36;) at AllMenkul','2022-03-04 05:22:11','wallet_20220304052211',0,10000000000000,'USD','aliman_valves@rediffmail.com',1,'Registration bonus credits','REGISTRATION','301'),
(2,'Credit for registration to user Bahri Çökmez (10&#36;) at AllMenkul','2022-03-10 13:45:46','wallet_20220310134546',0,10000000000000,'USD','bahri.cokmez@ucozgroup.com',2,'Registration bonus credits','REGISTRATION','301'),
(3,'Credit for registration to user deneme1 (10&#36;) at AllMenkul | Çevrimiçi Seri İlan Platformu','2022-03-12 13:47:17','wallet_20220312134717',0,10000000000000,'USD','taylan@ucozgroup.com',9,'Registration bonus credits','REGISTRATION','301'),
(4,'Credit for registration to user Ali Özkan (10&#36;) at AllMenkul | Çevrimiçi Seri İlan Platformu','2022-03-12 18:50:07','wallet_20220312185007',0,10000000000000,'USD','ozkan.2012@gmail.com',10,'Registration bonus credits','REGISTRATION','301'),
(5,'Credit for registration to user Ahmet Yorulmaz (10&#36;) at AllMenkul | Çevrimiçi Seri İlan Platformu','2022-03-16 12:16:40','wallet_20220316121640',0,10000000000000,'USD','mr.ahmet.yorulmaz@gmail.com',11,'Registration bonus credits','REGISTRATION','301');

/* Table structure for table `oc_t_osp_order` */
CREATE TABLE IF NOT EXISTS `oc_t_osp_order` (
  `pk_i_id` int(10) unsigned NOT NULL AUTO_INCREMENT,
  `fk_i_user_id` int(11) DEFAULT NULL,
  `s_cart` varchar(5000) DEFAULT NULL,
  `s_item_id` varchar(1000) DEFAULT NULL,
  `f_amount` float DEFAULT NULL,
  `f_amount_regular` float DEFAULT NULL,
  `s_amount_comment` varchar(200) DEFAULT NULL,
  `i_discount` int(11) DEFAULT NULL,
  `s_currency_code` varchar(3) DEFAULT NULL,
  `i_status` int(11) DEFAULT NULL,
  `s_comment` varchar(500) DEFAULT NULL,
  `dt_date` datetime DEFAULT NULL,
  `fk_i_payment_id` int(11) NOT NULL,
  PRIMARY KEY (`pk_i_id`)
) ENGINE=InnoDB DEFAULT CHARSET=utf8;


/* Table structure for table `oc_t_osp_order_item` */
CREATE TABLE IF NOT EXISTS `oc_t_osp_order_item` (
  `pk_i_id` int(10) unsigned NOT NULL AUTO_INCREMENT,
  `fk_i_order_id` int(10) unsigned NOT NULL,
  `fk_i_user_id` int(11) DEFAULT NULL,
  `fk_i_item_id` int(11) DEFAULT NULL,
  `fk_i_shipping_id` int(11) DEFAULT NULL,
  `i_quantity` int(11) DEFAULT NULL,
  `f_amount` float DEFAULT NULL,
  `f_amount_regular` float DEFAULT NULL,
  `f_discount` float DEFAULT NULL,
  `s_amount_comment` varchar(200) DEFAULT NULL,
  `s_location` varchar(200) DEFAULT NULL,
  `s_title` varchar(200) DEFAULT NULL,
  `s_currency_code` varchar(3) DEFAULT NULL,
  `s_type` varchar(20) DEFAULT NULL,
  `i_status` int(11) DEFAULT NULL,
  `f_fee` float DEFAULT NULL,
  `f_shipping` float DEFAULT NULL,
  `s_comment` varchar(500) DEFAULT NULL,
  `s_comment_alt` varchar(500) DEFAULT NULL,
  `dt_last_update` datetime DEFAULT NULL,
  `dt_date` datetime DEFAULT NULL,
  PRIMARY KEY (`pk_i_id`),
  KEY `fk_i_order_id` (`fk_i_order_id`),
  CONSTRAINT `oc_t_osp_order_item_ibfk_1` FOREIGN KEY (`fk_i_order_id`) REFERENCES `oc_t_osp_order` (`pk_i_id`) ON DELETE CASCADE ON UPDATE CASCADE
) ENGINE=InnoDB DEFAULT CHARSET=utf8;


/* Table structure for table `oc_t_osp_pack` */
CREATE TABLE IF NOT EXISTS `oc_t_osp_pack` (
  `pk_i_id` int(11) NOT NULL AUTO_INCREMENT,
  `s_name` varchar(20) DEFAULT NULL,
  `s_description` varchar(500) DEFAULT NULL,
  `f_price` float DEFAULT NULL,
  `f_extra` float DEFAULT NULL,
  `i_group` int(11) DEFAULT NULL,
  `s_color` varchar(8) DEFAULT NULL,
  PRIMARY KEY (`pk_i_id`)
) ENGINE=InnoDB AUTO_INCREMENT=4 DEFAULT CHARSET=utf8;

/* dumping data for table `oc_t_osp_pack` */
insert into `oc_t_osp_pack` values
(1,'Pack #1','Buy pack and get 20% more credits!',10,2,0,'#E9C46A'),
(2,'Pack #2','Buy pack and get 40% more credits!',30,12,0,'#F4A261'),
(3,'Pack #3','Buy pack and get 60% more credits!',60,36,0,'#E76F51');

/* Table structure for table `oc_t_osp_pack_locale` */
CREATE TABLE IF NOT EXISTS `oc_t_osp_pack_locale` (
  `fk_i_pack_id` int(11) NOT NULL,
  `fk_c_locale_code` char(5) NOT NULL,
  `s_name` varchar(20) DEFAULT NULL,
  `s_description` varchar(500) DEFAULT NULL,
  PRIMARY KEY (`fk_i_pack_id`,`fk_c_locale_code`),
  CONSTRAINT `oc_t_osp_pack_locale_ibfk_1` FOREIGN KEY (`fk_i_pack_id`) REFERENCES `oc_t_osp_pack` (`pk_i_id`) ON DELETE CASCADE ON UPDATE CASCADE
) ENGINE=InnoDB DEFAULT CHARSET=utf8;


/* Table structure for table `oc_t_osp_pending` */
CREATE TABLE IF NOT EXISTS `oc_t_osp_pending` (
  `pk_i_id` int(11) NOT NULL AUTO_INCREMENT,
  `s_transaction_id` varchar(100) DEFAULT NULL,
  `fk_i_user_id` int(11) DEFAULT NULL,
  `s_email` varchar(100) DEFAULT NULL,
  `s_extra` varchar(5000) DEFAULT NULL,
  `s_source` varchar(20) DEFAULT NULL,
  `dt_date` timestamp NOT NULL DEFAULT current_timestamp(),
  PRIMARY KEY (`pk_i_id`)
) ENGINE=InnoDB DEFAULT CHARSET=utf8;


/* Table structure for table `oc_t_osp_price_category` */
CREATE TABLE IF NOT EXISTS `oc_t_osp_price_category` (
  `pk_i_id` int(11) NOT NULL AUTO_INCREMENT,
  `fk_i_category_id` int(10) unsigned NOT NULL,
  `s_type` varchar(3) DEFAULT NULL,
  `i_hours` smallint(6) DEFAULT NULL,
  `f_fee` float DEFAULT NULL,
  PRIMARY KEY (`pk_i_id`),
  KEY `fk_i_category_id` (`fk_i_category_id`),
  CONSTRAINT `oc_t_osp_price_category_ibfk_1` FOREIGN KEY (`fk_i_category_id`) REFERENCES `oc_t_category` (`pk_i_id`) ON DELETE CASCADE ON UPDATE CASCADE
) ENGINE=InnoDB DEFAULT CHARSET=utf8;


/* Table structure for table `oc_t_osp_price_location` */
CREATE TABLE IF NOT EXISTS `oc_t_osp_price_location` (
  `pk_i_id` int(11) NOT NULL AUTO_INCREMENT,
  `fk_c_country_code` char(2) DEFAULT NULL,
  `fk_i_region_id` int(11) DEFAULT NULL,
  `s_type` varchar(3) DEFAULT NULL,
  `f_fee` float DEFAULT NULL,
  PRIMARY KEY (`pk_i_id`)
) ENGINE=InnoDB DEFAULT CHARSET=utf8;


/* Table structure for table `oc_t_osp_shipping` */
CREATE TABLE IF NOT EXISTS `oc_t_osp_shipping` (
  `pk_i_id` int(10) unsigned NOT NULL AUTO_INCREMENT,
  `fk_i_user_id` int(10) unsigned NOT NULL,
  `fk_c_country_code` char(2) DEFAULT NULL,
  `fk_i_region_id` int(11) DEFAULT NULL,
  `fk_i_city_id` int(11) DEFAULT NULL,
  `fk_c_currency_code` char(3) DEFAULT NULL,
  `i_speed` int(11) DEFAULT NULL,
  `f_fee` float DEFAULT NULL,
  `s_name` varchar(50) DEFAULT NULL,
  `s_description` varchar(200) DEFAULT NULL,
  `s_delivery` varchar(100) DEFAULT NULL,
  `s_logo` varchar(30) DEFAULT NULL,
  `s_type` varchar(20) DEFAULT NULL,
  `i_status` int(11) DEFAULT NULL,
  `dt_date` datetime DEFAULT NULL,
  PRIMARY KEY (`pk_i_id`),
  KEY `fk_i_user_id` (`fk_i_user_id`),
  CONSTRAINT `oc_t_osp_shipping_ibfk_1` FOREIGN KEY (`fk_i_user_id`) REFERENCES `oc_t_user` (`pk_i_id`) ON DELETE CASCADE ON UPDATE CASCADE
) ENGINE=InnoDB DEFAULT CHARSET=utf8;


/* Table structure for table `oc_t_osp_user_cart` */
CREATE TABLE IF NOT EXISTS `oc_t_osp_user_cart` (
  `fk_i_user_id` int(10) unsigned NOT NULL,
  `s_content` varchar(5000) DEFAULT NULL,
  PRIMARY KEY (`fk_i_user_id`),
  CONSTRAINT `oc_t_osp_user_cart_ibfk_1` FOREIGN KEY (`fk_i_user_id`) REFERENCES `oc_t_user` (`pk_i_id`) ON DELETE CASCADE ON UPDATE CASCADE
) ENGINE=InnoDB DEFAULT CHARSET=utf8;


/* Table structure for table `oc_t_osp_user_group` */
CREATE TABLE IF NOT EXISTS `oc_t_osp_user_group` (
  `pk_i_id` int(11) NOT NULL AUTO_INCREMENT,
  `s_name` varchar(20) DEFAULT NULL,
  `s_description` varchar(500) DEFAULT NULL,
  `f_price` float DEFAULT NULL,
  `i_discount` int(11) DEFAULT NULL,
  `i_days` int(11) DEFAULT NULL,
  `s_color` varchar(8) DEFAULT NULL,
  `s_category` varchar(1000) DEFAULT NULL,
  `i_pbonus` int(11) DEFAULT NULL,
  `s_custom` varchar(100) DEFAULT NULL,
  `i_rank` int(11) DEFAULT NULL,
  `i_attr` int(11) DEFAULT NULL,
  `i_max_items` int(11) DEFAULT 10,
  `i_max_items_days` int(11) DEFAULT 30,
  PRIMARY KEY (`pk_i_id`)
) ENGINE=InnoDB AUTO_INCREMENT=4 DEFAULT CHARSET=utf8;

/* dumping data for table `oc_t_osp_user_group` */
insert into `oc_t_osp_user_group` values
(1,'Sliver','Members get 10% flat discount.',29,10,90,'#70C1B3','',5,null,null,0,10,30),
(2,'Gold','Members get 20% flat discount.',59,20,90,'#EFB237','',10,null,null,0,10,30),
(3,'Platinum','Members get 30% flat discount.',99,30,90,'#D90429','',20,null,null,0,10,30);

/* Table structure for table `oc_t_osp_user_group_locale` */
CREATE TABLE IF NOT EXISTS `oc_t_osp_user_group_locale` (
  `fk_i_group_id` int(11) NOT NULL,
  `fk_c_locale_code` char(5) NOT NULL,
  `s_name` varchar(20) DEFAULT NULL,
  `s_description` varchar(500) DEFAULT NULL,
  `s_custom` varchar(100) DEFAULT NULL,
  PRIMARY KEY (`fk_i_group_id`,`fk_c_locale_code`),
  CONSTRAINT `oc_t_osp_user_group_locale_ibfk_1` FOREIGN KEY (`fk_i_group_id`) REFERENCES `oc_t_osp_user_group` (`pk_i_id`) ON DELETE CASCADE ON UPDATE CASCADE
) ENGINE=InnoDB DEFAULT CHARSET=utf8;


/* Table structure for table `oc_t_osp_user_to_group` */
CREATE TABLE IF NOT EXISTS `oc_t_osp_user_to_group` (
  `fk_i_user_id` int(10) unsigned NOT NULL,
  `fk_i_group_id` int(11) DEFAULT NULL,
  `dt_expire` datetime DEFAULT NULL,
  PRIMARY KEY (`fk_i_user_id`),
  KEY `fk_i_group_id` (`fk_i_group_id`),
  CONSTRAINT `oc_t_osp_user_to_group_ibfk_1` FOREIGN KEY (`fk_i_user_id`) REFERENCES `oc_t_user` (`pk_i_id`) ON DELETE CASCADE ON UPDATE CASCADE,
  CONSTRAINT `oc_t_osp_user_to_group_ibfk_2` FOREIGN KEY (`fk_i_group_id`) REFERENCES `oc_t_osp_user_group` (`pk_i_id`) ON DELETE CASCADE ON UPDATE CASCADE
) ENGINE=InnoDB DEFAULT CHARSET=utf8;


/* Table structure for table `oc_t_osp_wallet` */
CREATE TABLE IF NOT EXISTS `oc_t_osp_wallet` (
  `fk_i_user_id` int(10) unsigned NOT NULL,
  `i_amount` bigint(20) DEFAULT NULL,
  PRIMARY KEY (`fk_i_user_id`),
  CONSTRAINT `oc_t_osp_wallet_ibfk_1` FOREIGN KEY (`fk_i_user_id`) REFERENCES `oc_t_user` (`pk_i_id`) ON DELETE CASCADE ON UPDATE CASCADE
) ENGINE=InnoDB DEFAULT CHARSET=utf8;

/* dumping data for table `oc_t_osp_wallet` */
insert into `oc_t_osp_wallet` values
(1,10000000000000),
(2,10000000000000),
(9,10000000000000),
(10,10000000000000),
(11,10000000000000);

/* Table structure for table `oc_t_profile_picture` */
CREATE TABLE IF NOT EXISTS `oc_t_profile_picture` (
  `id` int(10) unsigned NOT NULL AUTO_INCREMENT,
  `user_id` int(10) DEFAULT NULL,
  `pic_ext` varchar(10) DEFAULT NULL,
  PRIMARY KEY (`id`)
) ENGINE=InnoDB AUTO_INCREMENT=3 DEFAULT CHARSET=utf8;

/* dumping data for table `oc_t_profile_picture` */
insert into `oc_t_profile_picture` values
(2,7,'.png');

/* Table structure for table `oc_t_region_stats` */
CREATE TABLE IF NOT EXISTS `oc_t_region_stats` (
  `fk_i_region_id` int(10) unsigned NOT NULL,
  `i_num_items` int(10) unsigned NOT NULL DEFAULT 0,
  PRIMARY KEY (`fk_i_region_id`),
  KEY `idx_num_items` (`i_num_items`),
  CONSTRAINT `oc_t_region_stats_ibfk_1` FOREIGN KEY (`fk_i_region_id`) REFERENCES `oc_t_region` (`pk_i_id`)
) ENGINE=InnoDB DEFAULT CHARSET=utf8;

/* dumping data for table `oc_t_region_stats` */
insert into `oc_t_region_stats` values
(2296560,0),
(2298113,0),
(2298298,0),
(2298332,0),
(2298845,0),
(2300617,0),
(2300821,0),
(2303826,0),
(2303830,0),
(2304041,0),
(2304183,0),
(2304794,0),
(2304825,0),
(2304919,0),
(2305267,0),
(2306569,0),
(2307513,0),
(2308463,0),
(2310858,0),
(2311044,0),
(2311071,0),
(2311728,0),
(2312394,0),
(2312888,0),
(2314829,0),
(2315201,0),
(2315367,0),
(2315372,0),
(2315807,0),
(2316540,0),
(2317106,0),
(2320390,0),
(2321022,0),
(2321079,0),
(2321122,0),
(2322164,0),
(2322819,0),
(2323776,0),
(2325163,0),
(2325302,0),
(2325329,0),
(2325361,0),
(2443183,0),
(2443184,0),
(2443185,0),
(2443186,0),
(2443187,0),
(2443188,0),
(2443189,0),
(2443213,0),
(2737021,0),
(2738647,0),
(2738742,0),
(2738926,0),
(2739598,0),
(2740263,0),
(2740352,0),
(2740481,0),
(2741098,0),
(2742865,0),
(2743165,0),
(2743881,0),
(2743942,0),
(2745042,0),
(2746423,0),
(2746878,0),
(2747711,0),
(2748877,0),
(2749747,0),
(2749778,0),
(2750268,0),
(2750510,0),
(2751816,0),
(2752014,0),
(2862467,0),
(2862468,0),
(2862469,0),
(2862470,0),
(2862471,0),
(2865521,0),
(2323784,6);

/* Table structure for table `oc_t_user_email_tmp` */
CREATE TABLE IF NOT EXISTS `oc_t_user_email_tmp` (
  `fk_i_user_id` int(10) unsigned NOT NULL,
  `s_new_email` varchar(100) NOT NULL,
  `dt_date` datetime NOT NULL,
  PRIMARY KEY (`fk_i_user_id`),
  CONSTRAINT `oc_t_user_email_tmp_ibfk_1` FOREIGN KEY (`fk_i_user_id`) REFERENCES `oc_t_user` (`pk_i_id`)
) ENGINE=InnoDB DEFAULT CHARSET=utf8;


/* Table structure for table `oc_t_user_google_login` */
CREATE TABLE IF NOT EXISTS `oc_t_user_google_login` (
  `fk_i_user_id` int(11) unsigned NOT NULL,
  `s_oauth_provider` varchar(15) NOT NULL,
  `s_oauth_uid` varchar(50) NOT NULL,
  `s_first_name` varchar(25) NOT NULL,
  `s_last_name` varchar(25) NOT NULL,
  `s_email` varchar(50) NOT NULL,
  `s_gender` varchar(10) DEFAULT NULL,
  `s_locale` varchar(10) DEFAULT NULL,
  `s_picture` varchar(255) DEFAULT NULL,
  `s_link` varchar(255) NOT NULL,
  `dt_modified` timestamp NOT NULL DEFAULT current_timestamp() ON UPDATE current_timestamp(),
  `dt_created` timestamp NOT NULL DEFAULT '0000-00-00 00:00:00',
  PRIMARY KEY (`fk_i_user_id`),
  CONSTRAINT `oc_t_user_google_login_ibfk_1` FOREIGN KEY (`fk_i_user_id`) REFERENCES `oc_t_user` (`pk_i_id`) ON DELETE CASCADE ON UPDATE CASCADE
) ENGINE=InnoDB DEFAULT CHARSET=utf8;

/* dumping data for table `oc_t_user_google_login` */
insert into `oc_t_user_google_login` values
(7,'google','112513760929101950950','İbrahim Taylan','İZCİ','i.taylanizci152@gmail.com','','tr','https://lh3.googleusercontent.com/a-/AOh14GhVchgpEWRFV2oegdHV7eXGqDBiTLt71edd4P33=s96-c','','2022-04-04 12:00:09','2022-03-16 09:17:11'),
(11,'google','110574409508874861650','Ahmet','Yorulmaz','mr.ahmet.yorulmaz@gmail.com','','tr','https://lh3.googleusercontent.com/a-/AOh14Gh1iiSmoAKc-Qj6P2ztAjFt1zTF7JvM7DzFyp88=s96-c','','2022-03-18 10:30:51','0000-00-00 00:00:00'),
(12,'google','112424535343640302695','Bahri','Çökmez','ckmzbahri535@gmail.com','','tr','https://lh3.googleusercontent.com/a/AATXAJysd_dKaYWElZNKOyNjVQDBtDbs9qO6cQ8Llzy2=s96-c','','2022-03-30 12:42:27','0000-00-00 00:00:00'),
(14,'google','103245418608654009176','Saifullah','Vandana','vandanasaif@gmail.com','','en','https://lh3.googleusercontent.com/a/AATXAJxa5CIkL-K-nPqLoy8lrr2HROo-FLO77NYdkMRW=s96-c','','2022-03-21 09:15:34','0000-00-00 00:00:00');

/* Table structure for table `oc_t_user_rating_ur` */
CREATE TABLE IF NOT EXISTS `oc_t_user_rating_ur` (
  `i_rating_id` int(10) unsigned NOT NULL AUTO_INCREMENT,
  `fk_i_user_id` int(10) DEFAULT NULL,
  `s_user_email` varchar(100) DEFAULT NULL,
  `fk_i_from_user_id` int(10) DEFAULT NULL,
  `i_cat0` int(1) DEFAULT NULL,
  `i_cat1` int(1) DEFAULT NULL,
  `i_cat2` int(1) DEFAULT NULL,
  `i_cat3` int(1) DEFAULT NULL,
  `i_cat4` int(1) DEFAULT NULL,
  `i_cat5` int(1) DEFAULT NULL,
  `i_validate` int(1) DEFAULT 0,
  `s_comment` varchar(5000) DEFAULT NULL,
  `i_type` int(1) DEFAULT 0,
  `d_datetime` timestamp NOT NULL DEFAULT current_timestamp(),
  PRIMARY KEY (`i_rating_id`)
) ENGINE=InnoDB AUTO_INCREMENT=6 DEFAULT CHARSET=utf8;

/* dumping data for table `oc_t_user_rating_ur` */
insert into `oc_t_user_rating_ur` values
(1,8,'',2,1,0,0,0,0,0,0,'beğenmedim',0,'2022-03-12 07:42:23'),
(2,8,'',9,5,0,0,0,0,0,0,'',0,'2022-03-12 10:49:15'),
(3,7,'',12,5,0,0,0,0,0,0,'',0,'2022-03-21 07:26:30'),
(4,7,'',8,5,0,0,0,0,0,0,'',0,'2022-03-21 07:35:00'),
(5,12,'',0,5,0,0,0,0,0,0,'',0,'2022-03-23 11:15:07');

